Sr No,funding_date,Startup Name,industry,SubVertical,city,location_type,investors,investment_type,funding_amount_usd,amount_is_lower_bound,funding_year,startup_name_standardized
1,2020-01-09,BYJU’S,etech,E-learning,Bengaluru,single_location,Tiger Global Management,Private Equity,200000000.0,False,2020,BYJU’S
2,2020-01-13,Shuttl,transportation,App based shuttle service,Gurugram,single_location,Susquehanna Growth Equity,Series C,8048394.0,False,2020,Shuttl
3,2020-01-09,Mamaearth,ecommerce,Retailer of baby and toddler products,Bengaluru,single_location,Sequoia Capital India,Series B,18358860.0,False,2020,Mamaearth
4,2020-01-02,https://www.wealthbucket.in/,fintech,Online Investment,New Delhi,single_location,Vinod Khatumal,Pre-Series A,3000000.0,False,2020,https://www.wealthbucket.in/
5,2020-01-02,Fashor,fashion and apparel,Embroiled Clothes For Women,Mumbai,single_location,Sprout Venture Partners,Seed,1800000.0,False,2020,Fashor
6,2020-01-13,Pando,logistics,"Open-market, freight management platform",Chennai,single_location,Chiratae Ventures,Series A,9000000.0,False,2020,Pando
7,2020-01-10,Zomato,hospitality,Online Food Delivery Platform,Gurugram,single_location,Ant Financial,Private Equity,150000000.0,False,2020,Zomato
8,2019-12-12,Ecozen,technology,Agritech,Pune,single_location,Sathguru Catalyzer Advisors,Series A,6000000.0,False,2019,Ecozen
9,2019-12-06,CarDekho,ecommerce,Automobile,Gurugram,single_location,Ping An Global Voyager Fund,Series D,70000000.0,False,2019,CarDekho
10,2019-12-03,Dhruva Space,aerospace,Satellite Communication,Bengaluru,single_location,"Mumbai Angels, Ravikanth Reddy",Seed,50000000.0,False,2019,Dhruva Space
11,2019-12-13,Rivigo,technology,Logistics Services and Solutions,Gurugram,single_location,"SAIF Partners, Spring Canter Investment Ltd.",Series F,20000000.0,False,2019,Rivigo
12,2019-12-17,Healthians,b2bfocused foodtech startup,Food Solutions For Corporate,Bengaluru,single_location,"Paytm, NPTK, Sabre Partners and Neoplux",Series C,12000000.0,False,2019,Healthians
13,2019-12-16,Licious,ecommerce,Online Meat And Seafood Ordering Startup,Bengaluru,single_location,Vertex Growth Fund,Series E,30000000.0,False,2019,Licious
14,2019-12-16,InCred,finance,Non-Banking Financial Company,Mumbai,single_location,,Debt,5900000.0,False,2019,InCred
15,2019-12-14,Trell,video,Experience Discovery Platform,Bengaluru,single_location,Ruizheng Investment,Seed,2000000.0,False,2019,Trell
16,2019-12-11,Rein Games,gaming,Real money based gaming startup,Noida,single_location,Manipal Education and Medical Group (MEMG),Seed,50000000.0,False,2019,Rein Games
17,2019-12-20,Lenskart.com,ecommerce,Online Eyewear Shopping Portal,Faridabad,single_location,SoftBank Vision Fund,Series G,231000000.0,False,2019,Lenskart.com
18,2019-11-13,Freshworks,software,Business and customer engagement tools,San Francisco,single_location,"Sequoia, CapitalG, Accel",Series H,150000000.0,False,2019,Freshworks
19,2019-11-14,Misters,health and wellness,Men's Health and Wellness brand,Gurugram,single_location,"Sauce.vc, Rainforest Ventures",Series B,486000.0,False,2019,Misters
20,2019-11-13,Sunstone Eduversity Pvt. Ltd,education,Elearning,Gurugram,single_location,"Prime Venture Partners, LetsVenture, PS1 Venture and GlobalLogic co-founder Rajul Garg",Seed,1500000.0,False,2019,Sunstone Eduversity Pvt. Ltd
21,2019-11-17,Burger Singh,food & beverage,Indian Burger Brand,Gurugram,single_location,RB Investments,Venture,,False,2019,Burger Singh
22,2019-11-18,Healthians,health and wellness,Healthcare services,Gurugram,single_location,"DG Daiwa Ventures, DG Incubation",Series B,12000000.0,False,2019,Healthians
23,2019-11-15,Ninjacart,b2b marketing,Agritech,Bengaluru,single_location,Trifecta Capital Advisors,Debt,26000000.0,False,2019,Ninjacart
24,2019-11-20,Aye Finance,fintech,Financial Services To MSMEs,Gurugram,single_location,FinTech,Debt,17411265.0,False,2019,Aye Finance
25,2019-11-12,SuperGaming,video games,Social gaming platform,Pune,single_location,Dream Incubator,Seed,1300000.0,False,2019,SuperGaming
26,2019-11-20,Clumio,saas,Recovery software,"San Jose,",single_location,"Altimeter Capital, Sutter Hill Ventures",Series C,135000000.0,False,2019,Clumio
27,2019-11-11,eBikeGo,last mile transportation,Electric bike rental,Amritsar,single_location,Startup Buddy,Seed,300000.0,False,2019,eBikeGo
28,2019-11-19,Digital Mall Asia,ecommerce,Virtual e-commerce platform,Delhi,single_location,Amour Infrastructure,Seed,220000000.0,False,2019,Digital Mall Asia
29,2019-11-18,Medikabazaar,healthcare,B2B platform for medical supplies,Mumbai,single_location,"Ackermans & van Haaren, HealthQuad, Rebright Partners, Toppan Printing",Series B,15800000.0,False,2019,Medikabazaar
30,2019-11-15,Vogo Automotive,last mile transportation,Scooter sharing app,Bengaluru,single_location,"Matrix Partners, Stellaris Venture Partners, Kalaari Capital",Series B,283000000.0,False,2019,Vogo Automotive
31,2019-11-19,Furtados School of Music,education,Music Education,Tulangan,single_location,IAN Fund and DSG Consumer Partners,,200000000.0,False,2019,Furtados School of Music
32,2019-11-25,Paytm,fintech,Mobile Wallet,Noida,single_location,Vijay Shekhar Sharma,Other / Unspecified,1000000000.0,False,2019,Paytm
33,2019-10-04,Dunzo,customer service,Delivery Service,Bengaluru,single_location,Lightbox,Series D,45000000.0,False,2019,Dunzo
34,2019-10-02,Udaan,b2b,Business development,Bengaluru,single_location,"Altimeter Capital, DST Global",Series D,585000000.0,False,2019,Udaan
35,2019-10-21,The Man Company,consumer goods,Beauty and Grooming,Gurugram,single_location,Ayushmann Khurana,Corporate,,False,2019,The Man Company
36,2019-09-05,FPL Technologies,fintech,Financial Services,Pune,single_location,"Matrix Partners India, Sequoia India",Other / Unspecified,4500000.0,False,2019,FPL Technologies
37,2019-09-04,Cashflo,fintech,Invoice discounting platform and SME lending marketplace,Mumbai,single_location,SAIF Partners,Series A,3300000.0,False,2019,Cashflo
38,2019-09-04,Digital F5,"advertising, marketing",Digital marketing firm,Mumbai,single_location,TIW Private Equity,Private Equity,6000000.0,False,2019,Digital F5
39,2019-09-04,3rdFlix,saas,Education Technology,Hyderabad,single_location,Exfinity Venture Partners,Pre-Series A,5000000.0,False,2019,3rdFlix
40,2019-09-04,75F,iot,Building automation system,Burnsville,single_location,Breakthrough Energy Ventures,Series A,18000000.0,False,2019,75F
41,2019-09-04,Myelin Foundry,information technology,Deep-technology,Bengaluru,single_location,Endiya Partners,Seed,1000000.0,False,2019,Myelin Foundry
42,2019-09-04,Atomberg Technology,consumer technology,"Consumer Electronics, Home Appliances",Mumbai,single_location,A91 Partners,Series A,10000000.0,False,2019,Atomberg Technology
43,2019-09-04,GOQii,health and wellness,Wearable Fitness Bands,Menlo Park,single_location,Bennett Coleman and Company Ltd (BCCL),Series C,450000000.0,False,2019,GOQii
44,2019-09-03,Vyapar App,accounting,Mobile-based Accounting Software,Bengaluru,single_location,"India Quotient, Axilor Ventures",Series A,5000000.0,False,2019,Vyapar App
45,2019-08-01,CarDekho,ecommerce,Automotive,Gurugram,single_location,SC GG India Mobility Holdings LLC,Series C,20000000.0,False,2019,CarDekho
46,2019-08-01,Progcap,finance,Supply Chain Management,New Delhi,single_location,Sequoia India,Series A,5000000.0,False,2019,Progcap
47,2019-08-01,MyPetrolPump,retail,Fuel Delivery,Bengaluru,single_location,,Seed,1600000.0,False,2019,MyPetrolPump
48,2019-08-01,Alteria Capital,finance,VC Funds,Mumbai,single_location,"Azim Premji, Binny Bansal",Venture,140000000.0,False,2019,Alteria Capital
49,2019-08-01,Pine Labs,information technology,Last-mile retail transaction technology,Noida,single_location,Pine Labs Pte Ltd,Corporate,38080000.0,False,2019,Pine Labs
50,2019-08-12,Meesho,ecommerce,Social Commerce,Bengaluru,single_location,Naspers,Series D,125000000.0,False,2019,Meesho
51,2019-08-13,Cars24,ecommerce,Car Retail,Gurugram,single_location,MS Dhoni,Series D,11000000.0,False,2019,Cars24
52,2019-08-13,Uniphore,customer service platform,Conversational AI,Palo Alto,single_location,March Capital Partners,Series C,51000000.0,False,2019,Uniphore
53,2019-08-23,Zendrive,automotive,Road Safety Analytics,San Francisco,single_location,XL Innovate,Series B,37000000.0,False,2019,Zendrive
54,2019-08-23,Lo! Foods,consumer goods,Low carb food for Diabetics,Bengaluru,single_location,"Rashmi Daga (founder, FreshMenu), Raveen Sastry (co-founder, Myntra) and Mitesh Shah (finance chief, BookMyShow)",Seed,500000.0,False,2019,Lo! Foods
55,2019-08-23,Tala,fintech,Digital Lending Platform,Santa Monica,single_location,RPS Ventures,Series D,110000000.0,False,2019,Tala
56,2019-08-22,INDwealth,fintech,Wealth Management,Gurugram,single_location,Tiger Global Management,Venture,15000000.0,False,2019,INDwealth
57,2019-08-21,HungerBox,food & beverage,B2B Foodtech,Bengaluru,single_location,One97 Communications Ltd.,Series C,6590000.0,False,2019,HungerBox
58,2019-08-23,AdmitKard,edtech,University Admissions,Noida,single_location,Growth DNA,Seed,1000000.0,False,2019,AdmitKard
59,2019-08-19,Mishry Reviews,services,Product Review,Gurugram,single_location,Vir Sanghvi,Series A,,False,2019,Mishry Reviews
60,2019-08-19,Grofers,ecommerce,Grocery Delivery,Gurugram,single_location,Softbank Vision Fund,Series F,70000000.0,False,2019,Grofers
61,2019-08-27,Rapido Bike Taxi,transportation,Bike Taxi,Bengaluru,single_location,Westbridge Capital,Series B,3900000000.0,False,2019,Rapido Bike Taxi
62,2019-07-02,RenewBuy,finance,Auto Insurance,Gurugram,single_location,"Lok Capital, IIFL Wealth",Series B,19000000.0,False,2019,RenewBuy
63,2019-07-02,Atlan,information technology,Big Data,Singapore,single_location,WaterBridge Ventures,Pre-Series A,2500000.0,False,2019,Atlan
64,2019-07-01,WizCounsel,compliance,Consulting,New Delhi,single_location,Kapil Dev,Seed / Angel,145000.0,False,2019,WizCounsel
65,2019-07-03,Ola Cabs,transport,Cabs,Bengaluru,single_location,"DIG Investment Ab, Deshe Holdings, Samih Toukan and Hussam Khoury",Series J,1000000.0,False,2019,Ola
66,2019-07-01,Uniphore,artificial intelligence,Speech Recognition,Taramani,single_location,March Capital Partners,Series C,38080000.0,False,2019,Uniphore
67,2019-07-04,Daalchini Technologies,food & beverage,Digital Vending Machine,New Delhi,single_location,Artha Venture,Seed,500000.0,False,2019,Daalchini Technologies
68,2019-07-10,"""BYJU\\'S""",edtech,Education,Bengaluru,single_location,Qatar Investment Authority,Private Equity,150000000.0,False,2019,"""BYJU\\'S"""
69,2019-07-11,Moglix,ecommerce,Industrial Tools and Equipments,Singapore,single_location,"Composite Capital Management, Sequoia Capital India, Tiger Global Management",Series D,60000000.0,False,2019,Moglix
70,2019-07-10,Ezyhaul,tech,Logistics,Singapore,single_location,Undisclosed,Series B,16000000.0,False,2019,Ezyhaul
71,2019-07-10,Indus OS,tech,Smartphone Operating System,Andheri,single_location,Ventureast,Series B,5750000.0,False,2019,Indus OS
72,2019-07-10,HealthAssure,health care,Primary care medical network,Mumbai,single_location,Blume Ventures,Series A,2500000.0,False,2019,HealthAssure
73,2019-07-09,House of Msasaba,luxury label,Clothes and Apparel,Mumbai,single_location,Binny Bansal,Series A,1000000.0,False,2019,House of Msasaba
74,2019-07-08,Board Infinity,edtech,Full-stack career platform,Chembur,single_location,Multiple Angel Investors,Seed / Angel,319605.0,False,2019,Board Infinity
75,2019-06-05,NoBroker,ecommerce,Real Estate,Bengaluru,single_location,General Atlantic,Series C,51000000.0,False,2019,NoBroker
76,2019-06-04,Bira91,food & beverage,Brewery,New Delhi,single_location,Anicut Capital,Debt,10000000.0,False,2019,Bira91
77,2019-06-03,FabHotels,ecommerce,Hospitality,Gurugram,single_location,"Goldman Sachs, Accel Partners and Qualcomm",,4889975.54,False,2019,FabHotels
78,2019-06-03,Avail Finance,finance,FinTech,Bengaluru,single_location,Matrix Partners,Series A,9000000.0,False,2019,Avail Finance
79,2019-06-04,BharatPe,finance,FinTech,New Delhi,single_location,Insight Partners,Series B,75000000.0,False,2019,BharatPe
80,2019-06-04,Recykal,waste management service,Optimization,Hyderabad,single_location,"Triton Investment Advisors, Pidilite Industries director Ajay Parekh",Pre-Series A,26000000.0,False,2019,Recykal
81,2019-06-03,Agara Labs,deeptech,Artificial Intelligence,Bengaluru,single_location,Blume Ventures and RTP Global,Pre-Series A,2500000.0,False,2019,Agara Labs
82,2019-06-06,Sistema.bio,agriculture,Hybrid Reactor Biodigestor,Nairobi,single_location,"Shell Foundation, DILA CAPITAL, Engie RDE Fund, EcoEnterprise Fund, EDFIMC (ElectriFI), Endeavor Catalyst Fund, CoCapital, Triodos, Alpha Mundi, and Lendahand",,2739034.68,False,2019,Sistema.bio
83,2019-06-06,Chakr Innovation,energy,Renewable Energy,New Delhi,single_location,IAN Fund,Series A,26000000.0,False,2019,Chakr Innovation
84,2019-06-06,Pratilipi,digital media,E-Books,Bengaluru,single_location,Qiming Venture Partners,Series B,15109500.0,False,2019,Pratilipi
85,2019-06-10,Bolo App,digital media,Video Platform,Bengaluru,single_location,Nexus Venture Partners,Seed,430200.0,False,2019,Bolo App
86,2019-06-10,OkCredit,fintech,Financial Services,Haryana,single_location,Tiger Global Management,Series A,15500000.0,False,2019,OkCredit
87,2019-06-06,Biz2Credit,fintech,Online Lending Platform,New York,single_location,WestBridge Capital,Series B,52000000.0,False,2019,Biz2Credit
88,2019-06-08,Vogo Automotive Pvt. Ltd.,transportation,Dockless Scooter Rental Company,Karnataka,single_location,Alteria Capital,Debt,3584000.0,False,2019,Vogo Automotive Pvt. Ltd.
89,2019-06-04,Leegality,services,Digital Documentation,Mumbai/Bengaluru,multiple_locations,Mumbai Angels,Series A,3400000.0,False,2019,Leegality
90,2019-05-06,Ola Electric,transport,Cabs,Bengaluru,single_location,Tata Sons,Series A,,False,2019,Ola Electric
91,2019-05-06,Saahas Zero Waste,waste management service,Optimization,Bengaluru,single_location,C4D Partners,Venture / Series Unknown,868600.0,False,2019,Saahas Zero Waste
92,2019-05-05,StyleDotMe,ecommerce,Fashion and Shopping,Delhi,single_location,"Indian Angel Network and other angel investors, Innov8 founder Ritesh Malik, Josh Talks founders Supriya Paul and Shobha Banga, and former Hero Corporate president Rohit Chanana",Bridge,,False,2019,StyleDotMe
93,2019-05-01,BlackBuck,transport,Logistics,Bengaluru,single_location,"Goldman Sachs Investment Partners and Silicon Valley-based Accel, Wellington, Sequoia Capital, B Capital, LightStreet, Sands Capital and International Finance Corporation,",Series D,150000000.0,False,2019,BlackBuck
94,2019-05-02,Zenoti,saas,Beauty and Wellness Industry,Hyderabad,single_location,Tiger Global Management,Series C,50000000.0,False,2019,Zenoti
95,2019-05-28,Ather Energy,automobile,Electric Vehicle,Bengaluru,single_location,Sachin Bansal,Series C,51000000.0,False,2019,Ather Energy
96,2019-05-28,FreshVnF,agtech,Fresh Agriculture Produces,Mumbai,single_location,Equanimity Ventures,Seed,140000000.0,False,2019,FreshVnF
97,2019-05-30,GlowRoad,ecommerce,Retail,Bengaluru,single_location,"Korea Investment Partners, Vertex Ventures",Series B,11500000.0,False,2019,GlowRoad
98,2019-05-31,Bira91,food & beverage,Brewery,New Delhi,single_location,Sixth Sense Ventures,Series B,5600000.0,False,2019,Bira91
99,2019-04-16,Kuvera,finance,Wealth Management,Bengaluru,single_location,Eight Roads,Series A,45000000.0,False,2019,Kuvera
100,2019-04-12,Medlife,ecommerce,Online Medicine,Bengaluru,single_location,Prasid Uno Family Trust,Private Equity,17000000.0,False,2019,Medlife
101,2019-04-10,Kabadiwala,ecommerce,Waste Management,Bhopal,single_location,"Unilever, Beehive Capital Advisor, ABCOM Investments, Parekh Marine Transport,",Private Equity,430665.0,False,2019,Kabadiwala
102,2019-04-13,Tripoto,social media,Travel,New Delhi,single_location,"Orchid India, Hornbill Orchid India Fund, Chiratae Ventures (formerly IDG Ventures), 3one4 Capital, Lasmer NV",Series B,3591375.0,False,2019,Tripoto
103,2019-04-12,Azah,health and wellness,Organic wellness,Gurugram,single_location,Unnamed angel investors,Seed,200000.0,False,2019,Azah
104,2019-04-11,Setu,fintech,Banking,Bengaluru,single_location,Lightspeed India Partners,Seed,3500000.0,False,2019,Setu
105,2019-04-10,Toppr,edtech,E-learning,Mumbai,single_location,Milestone,Debt / Preference Capital,6320820.0,False,2019,Toppr
106,2019-04-10,Craftsvilla,ecommerce,Fashion and Apparel,Mumbai,single_location,Supera Pte Ltd,In-house,2443495.0,False,2019,Craftsvilla
107,2019-04-10,Unacademy,edtech,E-learning,Bengaluru,single_location,Kalyan Krishnamurthy,Seed / Angel,307000.0,False,2019,Unacademy
108,2019-04-11,CleverTap,saas,Mobile analytics and marketing,Mumbai,single_location,"Sequoia India, Tiger Global Management, Accel Partners",Series B,26000000.0,False,2019,CleverTap
109,2019-04-19,My Healthcare,ecommerce,Software Solutions,Bengaluru and Gurugram,single_location,Sixth Sense Ventures,Series A,3000000.0,False,2019,My Healthcare
110,2019-04-19,KrazyBee,ecommerce,Lending Platform,Bengaluru,single_location,"BAC Acquisitions, Unifi AIF, BRD Securities, Northern R Capital",Debt,14342000.0,True,2019,KrazyBee
111,2019-04-17,Shuttl,transportation,Bus Aggregation,Gurugram,single_location,New Atlantic Ventures,Venture,5000000.0,False,2019,Shuttl
112,2019-04-17,Increff,technology,Supply-chain technology solutions,Bengaluru,single_location,"021 Capita, Binny Bansal",Series A,3000000.0,False,2019,Increff
113,2019-02-01,FleetX,ai,Logistics,Gurugram,single_location,India Quotient and LetsVenture's Angel Fund,Pre-Series A,,False,2019,FleetX
114,2019-02-08,Zilingo,ecommerce,Fashion & Apparel,India/Singapore,multiple_locations,"Sequoia Capital and Temasek Holdings, EDBI, Burda Principal Investments, and Sofina",Series D,226000000.0,False,2019,Zilingo
115,2019-02-13,NanoClean Global,nanotechnology,Anti-Pollution,New Delhi,single_location,"LetsVenture, PitchRight Venture, 91SpringBoard, AL Nour International Holdings and Mark V Investments",Series A,600000.0,False,2019,NanoClean Global
116,2018-02-14,OyoRooms,hospitality,Budget Rooms,Gurugram,single_location,DiDi Chuxing,Equity,100000000.0,False,2018,Oyo Rooms
117,2019-01-03,CarDekho,automobile,Online Marketplace,Jaipur,single_location,"Sequoia India, Hillhouse Capital, Alphabet's growth investment arm Capital G and Axis Bank",Series C,110000000.0,False,2019,CarDekho
118,2019-01-04,Vyome Therapeutics Inc.,health and wellness,Specialty pharmaceutical,India/US,multiple_locations,"Iron Pillar, Perceptive Advisors, Romulus Capital and Kalaari Capital",Series D,22000000.0,False,2019,Vyome Therapeutics Inc.
119,2019-01-04,Samunnati Financial Intermediation & Services Pvt. Ltd,finance,Non-banking financial company,Chennai,single_location,"MASSIF, a Dutch government fund",Debt,5000000.0,False,2019,Samunnati Financial Intermediation & Services Pvt. Ltd
120,2018-12-04,Manch,social media,Hyperlocal Content,Delhi,single_location,Stellaris Venture Partners,Seed,700000.0,False,2018,Manch
121,2018-12-01,UrbanClap Technologies Pvt. Ltd,services platform,Home services marketplace,New Delhi,single_location,Steadview Capital and Vy Capital.,Series D,50000000.0,False,2018,UrbanClap Technologies Pvt. Ltd
122,2018-12-02,Guiddoo,travel tech,Platform for travel agents,Mumbai,single_location,Individual Investors,Pre-Series A,800000.0,False,2018,Guiddoo
123,2018-12-02,Career Anna,online education,"Video-based certification, trainings",Gurugram,single_location,Individual Investors,Pre-Series A,572000.0,False,2018,Career Anna
124,2018-12-04,Nagpur Wholesale,online marketplace,eCommerce,Nagpur,single_location,Omphalos Ventures India LLP,Seed,143000.0,False,2018,Nagpur Wholesale
125,2018-12-06,ShopKirana,b2b,eCommerce,Indore,single_location,"Info Edge, AET Fund, Akatsuki and Incubate Fund from Japan and Better Capital AngelList syndicate.",Seed,2000000.0,False,2018,ShopKirana
126,2018-12-06,BuildSupply,"saas, ecommerce","Real Estate, ERP",Gurugram,single_location,"Venture Highway, GREE Ventures, Space Matrix, Individual Investors",Series A,3500000.0,False,2018,BuildSupply
127,2018-11-01,GoDesi,food & beverage,Regional Flavours,Bengaluru,single_location,Lead Angels Network,Seed / Angel,138995.0,False,2018,GoDesi
128,2018-11-03,Veritas Finance Ltd.,nbfc,MSME Finance,Chennai,single_location,"Norwest Venture Partners, CDC Group, the UK's Development Finance Institution and P Surendra Pai",Series D,27799000.0,False,2018,Veritas Finance Ltd.
129,2018-11-06,Meesho,ecommerce,Social Commerce,Bengaluru,single_location,"Shunwei Capital, DST Partners and RPS Ventures",Series C,50000000.0,False,2018,Meesho
130,2018-11-08,Mobile Premier League,gaming,Mobile e-Sports,Bengaluru,single_location,Undisclosed,Series A,500000.0,False,2018,Mobile Premier League
131,2018-11-08,A&R Bon Vivants,food,Meat Retail Chain,Jaipur,single_location,"RB Investments, Singapore",Equity,1000000.0,False,2018,A&R Bon Vivants
132,2018-11-12,Blackbuck,food tech,POS For Online Ordering,"New York, Bengaluru",single_location,Tiger Global,Series A,1000000.0,False,2018,Blackbuck
133,2018-11-12,MilkBAsket,food,Micro-delivery grocery service,New Delhi,single_location,Mayfield Fund,Series B,1300000.0,False,2018,MilkBAsket
134,2018-11-13,DriveU,transport,On-Demand Drivers,Bengaluru,single_location,Stevens Creek Ventures,Mezzanine,1000000.0,False,2018,DriveU
135,2018-11-14,CleanseCar,services,Car Wash,Bengaluru,single_location,Venture Catalysts,Seed / Angel,500000.0,False,2018,CleanseCar
136,2018-11-19,Automation Anywhere,automation,Robotics,California,single_location,SoftBank Vision Fund,Series B,300000000.0,False,2018,Automation Anywhere
137,2018-11-20,HealthifyMe,health and wellness,Wellness Coach,Bengaluru,single_location,"Sistema Asia Fund, VC Samsung NEXT, Chiratae Ventures, Inventus Capital, Blume Ventures and Innoven Capital.",Series B,6000000.0,False,2018,HealthifyMe
138,2018-11-21,Genius Corner,education,Personalized Learning,Noida,single_location,Individual investors,Seed,278000.0,False,2018,Genius Corner
139,2018-11-22,Aavishkaar-Intellecap Group,investment,SME Funding,Mumbai,single_location,Teachers Insurance and Annuity Association (TIAA),Equity,31000000.0,False,2018,Aavishkaar-Intellecap Group
140,2018-11-22,Skillbox,social network,Art,Gurugram,single_location,Individual investors,Seed,,False,2018,Skillbox
141,2018-11-23,Signzy,financial tech,Digital Onboarding Solution,Mumbai/Bengaluru,multiple_locations,"Stellaris Venture Partners and Kalaari Capital, Rajan Anandan from Google, Dilip Khandwelwal from SAP Labs India, and Amrish Rau from PayU India",Series A,3400000.0,False,2018,Signzy
142,2018-11-24,Engineer.ai,software,AI Platform,India/US,multiple_locations,"Lakestar and Jungle Ventures, Softbank's DeepCore.",Series A,29500000.0,False,2018,Engineer.ai
143,2018-11-25,InCred Finance,finance,SME Lending,India,single_location,"Paragon Partners, Individual Investors",Private Equity,42000000.0,False,2018,InCred Finance
144,2018-11-25,Roposo,social media,Video Sharing,Delhi,single_location,Bertelsmann India Investments,Series B,1700000.0,False,2018,Roposo
145,2018-10-01,Northmist,fashion,Mens Wear,Delhi,single_location,Prashant Jaiswal,Seed / Angel,,False,2018,Northmist
146,2018-10-02,Origo Commodities India Pvt. Ltd,logistics,Supply Chain,Hyderabad,single_location,"Cooperative Oikocredit, Caspian and Hivos-Triodos Fund",Seed / Angel,11000000.0,False,2018,Origo Commodities India Pvt. Ltd
147,2018-10-04,Grover Zampa,food,Wine,Mumbai,single_location,Ravi Viswanathan,Private Equity,8200000.0,False,2018,Grover Zampa
148,2018-10-05,Droom,automobile,New and Used Cars Platform,Gurugram,single_location,ZigExN,Series E,3000000.0,False,2018,Droom
149,2018-10-11,Innov8,real estate,Co-Working,New Delhi,single_location,Credence Family Office,Pre-Series A,4000000.0,False,2018,Innov8
150,2018-10-12,Blackbuck,logistics tech,Largest Trucking Platform,Bengaluru,single_location,Sequoia Capital India,Other / Unspecified,14680000.0,False,2018,Blackbuck
151,2018-10-12,LetsTransport,logistics tech,Book Trucks Online,Bengaluru,single_location,Fosun International,Series C,12000000.0,False,2018,LetsTransport
152,2018-09-01,Netmeds,consumer internet,Online Pharmacy Chain,Chennai,single_location,"Sistema Asia Fund, Sistema JSFC and Tanncam Investment",Private Equity,35000000.0,False,2018,Netmeds
153,2018-09-03,Udaan,b2b platform,Logistics and Shipping,Bengaluru,single_location,DST Global and Lightspeed Venture Partners' global fund.,Private Equity,225000000.0,False,2018,Udaan
154,2018-09-03,Daily hunt,consumer internet,News and ebooks Mobile App\\xc2\\xa0,Bengaluru,single_location,Falcon Edge,Private Equity,6390000.0,False,2018,Daily hunt
155,2018-09-04,3HCare,healthcare,Healthcare Service Provider,Delhi,single_location,,Seed / Angel,1000000.0,False,2018,3HCare
156,2018-09-04,HappyGoEasy,consumer internet,Online Travel Agecy,Gurugram,single_location,"Korea Investment Partners (KIP), Samsung and China-based CITIC Capital and others",Private Equity,,False,2018,HappyGoEasy
157,2018-09-05,Nykaa,consumer internet,Online Marketplace For Multi-brand Beauty Cosmetic and Wellness Products,Mumbai,single_location,Lighthouse,Private Equity,157200000.0,False,2018,Nykaa
158,2018-09-05,Mad Street Den,technology,Computer Vision And Artificial Intelligence (Ai) Platform,Chennai,single_location,KDDI,Private Equity,,False,2018,Mad Street Den
159,2018-09-06,Dream11,consumer internet,Online Gaming Platform,Mumbai,single_location,"Tencent, Kalaari Capital and Private equity firm Multiples Alternate Asset Management",Private Equity,100000000.0,False,2018,Dream11
160,2018-09-10,MamaEarth,healthcare,Online Marketplace For Mother and Babycare Products,Gurugram,single_location,Stellaris Ventures & Others,Private Equity,4000000.0,False,2018,MamaEarth
161,2018-09-11,AutoGrid,technology,AI-Based Energy Optimisation and Control Provider,Bengaluru,single_location,"CLP Holdings Group, Innogy, Ørstead, and Tenaska",Private Equity,32000000.0,False,2018,AutoGrid
162,2018-09-11,Pharmeasy,consumer internet,Online Marketplace For Pharmaceutical Products,Mumbai,single_location,InnoVen Capital,Debt,5500000.0,False,2018,Pharmeasy
163,2018-09-11,Upwards,fintech,Online Micro Lending Marketplace,Mumbai,single_location,"Shunwei Capital,Quotient, Mayfield & Others",Private Equity,5000000.0,False,2018,Upwards
164,2018-09-12,Kissht,fintech,Online lending Platform,Mumbai,single_location,"Vertex Ventures Southeast Asia (SEA) and India and Sistema Asia Fund, Fosun RZ Capital, Ventureast, and Endiya Partners.\\n\\n",Private Equity,30000000.0,False,2018,Kissht
165,2018-08-01,dishq,foodtech,Personalisation Technology Firm Focusing On The Food And Beverage Industry,Bengaluru,single_location,"Farm To Fork, Arts Alliance, The Syndicate Fund, Sven Hensen, Zeroth and Artesian Venture Partners",Seed / Angel,400000.0,False,2018,dishq
166,2018-08-01,HealthFin,finance,Patient Financing Platform,Pune,single_location,"Axilor, Sprout Venture Partners and others",Seed / Angel,,False,2018,HealthFin
167,2018-08-02,Samosa Labs,consumer internet,Social Media and Chat Entertainment Platform,Hyderabad,single_location,Xiaomi and Sequoia Capital India,Private Equity,7000000.0,False,2018,Samosa Labs
168,2018-08-03,ZiffyHomes,consumer internet,Online Home Rental Marketplace,Gurugram,single_location,Y Combinator,Private Equity,120000.0,False,2018,ZiffyHomes
169,2018-08-07,My OmNamo,consumer internet,Holy Platform Offering Customised Puja Packages To Individuals and Corporates,Mumbai,single_location,,Seed / Angel,1000000.0,False,2018,My OmNamo
170,2018-08-07,ShopX,consumer internet,Assisted E-commerce Platform,Bengaluru,single_location,Fung Strategic Holdings,Private Equity,35000000.0,False,2018,ShopX
171,2018-08-07,MakeMyTrip,consumer internet,Online Travel Aggregator,Gurugram,single_location,MakeMyTrip Limited,Private Equity,10000000.0,False,2018,MakeMyTrip
172,2018-08-08,Hansel io,consumer internet,Real-time Mobile App Management,Bengaluru,single_location,Vertex Ventures,Seed / Angel,4000000.0,False,2018,Hansel io
173,2018-08-08,Metro Bikes,consumer internet,Online Bike Rental Marketplace,Bengaluru,single_location,"Sequoia Capital India Advisors, Accel Partners and G Raghunandan",Private Equity,12200000.0,False,2018,Metro Bikes
174,2018-08-08,Phone Pe,consumer internet,UPI Payments App,Bengaluru,single_location,Flipkart,Private Equity,66000000.0,False,2018,Phone Pe
175,2018-08-09,quizizz,edtech,e-learning Platform,Bengaluru,single_location,"Nexus Venture Partners, Prime Venture Partners and Others",Seed / Angel,3000000.0,False,2018,quizizz
176,2018-08-09,Happy EMI,fintech,Consumer Financing Platform,Bengaluru,single_location,AJ Ventures and Jain International Trade Organisation (JITO),Seed / Angel,1000000.0,False,2018,Happy EMI
177,2018-08-13,Inthree,consumer internet,Rural E-commerce Platform,Chennai,single_location,"Ventureast, Orios Venture Partners and the IAN Fund",Seed / Angel,4000000.0,False,2018,Inthree
178,2018-08-13,Observe AI,technology,AI Based Solutions Platform,Bengaluru,single_location,"Nexus Venture Partners, MGV, Liquid 2 Ventures, Hack VC, Emergent Ventures and Y Combinator",Private Equity,8000000.0,False,2018,Observe AI
179,2018-08-16,Enakshi,consumer internet,AI Based Solutions Platform,Ahemadabad,single_location,,Seed / Angel,114811.0,False,2018,Enakshi
180,2018-08-17,EazyDiner,consumer internet,Online Restaurant Table Reservation Platform,Gurugram,single_location,Denlow Investment Trust and Beenext,Private Equity,5850000.0,False,2018,EazyDiner
181,2018-08-20,Finzy,finance,Online Loan Matchmaking Platform,Bengaluru,single_location,,Seed / Angel,1000000.0,False,2018,Finzy
182,2018-08-20,RawPressery,consumer internet,Online Organic Juice Delivery Service,Mumbai,single_location,Alteria Capital,Debt,4800000.0,False,2018,RawPressery
183,2018-08-22,Pi Ventures,technology,Applied Artificial Intelligence and IoT focused\\xc2\\xa0Platform,Bengaluru,single_location,CDC Group plc,Private Equity,6000000.0,False,2018,Pi Ventures
184,2018-08-22,Revv,consumer internet,Online Indian Car Rental Platform,Gurugram,single_location,"Hyundai, Edelweiss and Beenext, Dream Incubator, Sunjay Kapoor and Telama Investment",Private Equity,14270000.0,False,2018,Revv
185,2018-08-26,ZestMoney,consumer internet,Online Lending Platform,Bengaluru,single_location,"Xiaomi,PayU, Ribbit Capital and Omidyar Network",Private Equity,13400000.0,False,2018,ZestMoney
186,2018-08-26,Shubh Loans,fintech,\\xc2\\xa0Customer Sourcing Platform\\xc2\\xa0,Bengaluru,single_location,"Saama Capital, SRI Capital, Beenext, and Pravega Ventures",Private Equity,4200000.0,False,2018,Shubh Loans
187,2018-08-27,MyUpchar,healthcare,Local Language Health Content App,Delhi,single_location,"Nexus Venture Partners, Omidyar Network and Shunwei Capital",Private Equity,5000000.0,False,2018,MyUpchar
188,2018-08-28,Narvar,it,Post-Purchase Customer Engagement Platform\\xc2\\xa0,Bengaluru,single_location,Accel (formerly known as Accel Partners),Private Equity,3000000.0,False,2018,Narvar
189,2018-08-30,True North,finance,Private Equity Firm,Mumbai,single_location,,Private Equity,600000000.0,False,2018,True North
190,2018-07-01,Leena AI,technology,HR Virtual Agent For Employees,Gurugram,single_location,Y Combinator,Seed / Angel,,False,2018,Leena AI
191,2018-07-02,Biryani By Kilo,consumer internet,Online Food Delivery,Gurugram,single_location,Ajay Relan and Vinay Mittal,Seed / Angel,1000000.0,False,2018,Biryani By Kilo
192,2018-07-04,Anchanto,it,E-commerce Fulfilment Platform,Pune,single_location,MDI Ventures & Telkom Indonesia,Private Equity,4000000.0,False,2018,Anchanto
193,2018-07-05,Loan Tap,consumer internet,Online Lending Platform For Salaried Professionals,Mumbai,single_location,"Shunwei Capital, Tuscan Ventures, Ashish Goenka, VC firms India Quotient and Kae Capital",Private Equity,6250000.0,False,2018,Loan Tap
194,2018-07-06,PolicyBazaar,consumer internet,Online Insurance Selling Platform,Gurugram,single_location,Info Edge (India) Ltd and Temasek,Private Equity,27700000.0,False,2018,PolicyBazaar
195,2018-07-09,zippserv,consumer internet,Online Platform For Risk-Assessment Services For Real Estate Investments,Bengaluru,single_location,Info Edge (India) Ltd,Seed / Angel,440000.0,False,2018,zippserv
196,2018-07-09,Groww,consumer internet,Online Platform That Sells Direct Plans Of Mutual Funds,Bengaluru,single_location,"Insignia Ventures Partners, Lightbridge Partners & Kairos",Seed / Angel,1100000.0,False,2018,Groww
197,2018-07-10,Avenue Growth,consumer internet,Online Platform That Connects Brands With Freelance Sales Professionals,Gurugram,single_location,"Avtar Monga, chief operating office at IDFC Bank, Aditya Malik & Others",Seed / Angel,437000.0,False,2018,Avenue Growth
198,2018-07-10,iNICU,healthcare,Med-tech Platform Providing Care For Newborns,Delhi,single_location,Venture Catalysts,Seed / Angel,,False,2018,iNICU
199,2018-07-10,Kinara Capital,finance,Lending Platform For Micro and Small Enterprises,Bengaluru,single_location,ResponsAbility,Private Equity,5000000.0,False,2018,Kinara Capital
200,2018-07-10,Shop 101,consumer internet,Mobile Storefront And Commerce Platform For Sellers,Mumbai,single_location,"Stellaris Venture Partners, Vy Capital, Raghunandan G, and Ramakant Sharma",Private Equity,5000000.0,False,2018,Shop 101
201,2018-07-11,Sambandh,consumer internet,Online Micro Lending Platform,Rourkela,single_location,Base of Pyramid Asia (BOPA) Pte Ltd,Private Equity,2500000.0,False,2018,Sambandh
202,2018-07-12,19th mile,it,Artificial intelligence-based sales acceleration software platform,Gurugram,single_location,"Rishi Vasudev, Excelsior Investments, Ritesh Vohra, Praveer Kumar, Prashant Gupta and Others",Seed / Angel,180000.0,False,2018,19th mile
203,2018-07-12,5th Vital,healthcare,Home diagnostics services provider,Bengaluru,single_location,Brand Capital and Others,Seed / Angel,500000.0,False,2018,5th Vital
204,2018-07-13,MEngage,healthcare,A Doctor-Patient Engagement Platform,Jaipur,single_location,"Siddharth Agarwal, Mahavir Sharma, Amit Singal, 100 Co-founders Lab and others.",Seed / Angel,175000.0,False,2018,MEngage
205,2018-07-17,Ofbusiness,finance,Online Lending Platform For SME,Gurugram,single_location,"Creation Investments, Falcon Edge, Matrix Partners India and Zodius Capital",Private Equity,29000000.0,False,2018,Ofbusiness
206,2018-07-17,Cars24,consumer internet,Online Used Car Marketplace,Gurugram,single_location,"Kingsway FCI Fund, KCK Global & Others",Private Equity,49700000.0,False,2018,Cars24
207,2018-07-18,The Ken,consumer internet,Subscription-Only News Website,Bengaluru,single_location,Omidyar Network & Others,Seed / Angel,1500000.0,False,2018,The Ken
208,2018-07-19,Book My Show,consumer internet,Online Ticketing Platform,Mumbai,single_location,"TPG Growth, The Rise Fund & Others",Private Equity,100000000.0,False,2018,Book My Show
209,2018-07-20,HousingMan,consumer internet,Property Discovery Platform,Bengaluru,single_location,,Seed / Angel,1500000.0,False,2018,HousingMan
210,2018-07-21,PaySense,consumer internet,Online Consumer Lending Platform,Mumbai,single_location,PayU & Others,Private Equity,18000000.0,False,2018,PaySense
211,2018-07-23,Yulu Bikes,technology,Bicycle-Sharing Platform,Bengaluru,single_location,,Seed / Angel,,False,2018,Yulu Bikes
212,2018-07-23,VTION,technology,Media Analytics,Gurugram,single_location,"AngelList, Rahul Khanna, Rajeev Arora and Ram Ramsundar.",Seed / Angel,280000.0,False,2018,VTION
213,2018-07-23,Log9 Materials,technology,Nanotechnology Company Specializing In Graphene,Bengaluru,single_location,"Metaform Ventures, Hemant Luthra, Micro venture capital firm GEMS Partners and Others",Seed / Angel,436000.0,False,2018,Log9 Materials
214,2018-07-24,kidovators,edtech,Skill Learning Platform,Bengaluru,single_location,Gray Matters,Seed / Angel,180000.0,False,2018,kidovators
215,2018-07-24,Digit,consumer internet,Online Insurance Startup,Pune,single_location,Fairfax,Private Equity,45000000.0,False,2018,Digit
216,2018-07-25,Black Soil,finance,Non-Banking Financial Company,Mumbai,single_location,"Allcargo Logistics, Navneet Education and Mahavir Agency",Private Equity,17000000.0,False,2018,Black Soil
217,2018-07-25,Trell,consumer internet,Mobile-First Video Blogging App,Bengaluru,single_location,"BeeNext , WEH Ventures and Sprout Ventures",Seed / Angel,1250000.0,False,2018,Trell
218,2018-07-25,iqlect,technology,Data Analytics Firm,Bengaluru,single_location,Ventureast and Exfinity,Seed / Angel,2500000.0,False,2018,iqlect
219,2018-07-26,Entropik,it,Software-As-A-Service Platform,Bengaluru,single_location,"Bharat Innovation, IDFC-Parampara Capital, Arthavida Ventures, Jitendra Gupta & Others",Seed / Angel,1100000.0,False,2018,Entropik
220,2018-07-26,Bitla Software,technology,Travel-Focused Tech Startup,Bengaluru,single_location,MakeMyTrip,Private Equity,,False,2018,Bitla Software
221,2018-07-26,TheCapitalNet,fintech,Unified Global Investments Ecosystem,Hyderabad,single_location,Lindwall Family Investments LLC (LFI),Private Equity,500000.0,False,2018,TheCapitalNet
222,2018-07-30,Shuttl,consumer internet,Bus Aggregation Platform,Gurugram,single_location,Amazon Alexa Fund & Dentsu Ventures,Private Equity,11000000.0,False,2018,Shuttl
223,2018-07-30,Cure Fit,consumer internet,Health and fitness Platform,Bengaluru,single_location,"IDG Ventures, Accel Partners, Kalaari Capital and Others",Private Equity,120000000.0,False,2018,Cure Fit
224,2018-07-31,Five Star Group,fintech,Non-Bank Lending Platform For SME,Chennai,single_location,"TPG, Norwest Venture Partners, Sequoia Capital & Matrix Partners",Private Equity,100000000.0,False,2018,Five Star Group
225,2018-07-31,Healthsignz,healthcare,Health and Well being Platform,Hyderabad,single_location,Kantilal Patel,Seed / Angel,5000000.0,False,2018,Healthsignz
226,2018-06-01,CoinTribe,finance,Credit-Based Lending Marketplace For Small And Medium Enterprises,Gurugram,single_location,"Sabre Partners, Puneet Dalmia & Others",Private Equity,10000000.0,False,2018,CoinTribe
227,2018-06-04,Digiconectt,technology,Sales Analytics and Enablement Platform,Bengaluru,single_location,Aspire Logistics LLC,Seed / Angel,125000.0,False,2018,Digiconectt
228,2018-06-04,Kashmir Box,ecommerce,"Online Marketplace For Handicrafts, Handlooms And Local Produce",Srinagar,single_location,"Bhairavi Jani, Alok Divatia, Namrata Kaul, Sohail Hashemi, Aijaz Saleem",Seed / Angel,,False,2018,Kashmir Box
229,2018-06-05,Crowdera,finance,Online Crowdfunding Platform,Nagpur,single_location,"Anil Advani, Pramod Jain, Amrendra Reddy and Manish Satnaliwala.",Seed / Angel,,False,2018,Crowdera
230,2018-06-05,Zoctr,healthcare,Online Healthcare Aggregator,Mumbai,single_location,NB Ventures and Others,Seed / Angel,,False,2018,Zoctr
231,2018-06-07,Annapurna Finance,finance,Non-Banking Financial Company,Bhubneswar,single_location,Oman India Joint Investment Fund (OIJIF),Private Equity,23000000.0,False,2018,Annapurna Finance
232,2018-06-07,Meesho,consumer internet,Online Marketplace For Resellers,Bengaluru,single_location,"Sequoia Capital India, SAIF Partners, Y Combinator and Venture Highway",Private Equity,11500000.0,False,2018,Meesho
233,2018-06-10,AyeFinance,finance,Online Lending Platform,Gurugram,single_location,"CapitalG, SAIF Partners and LGT Impact Ventures",Private Equity,21500000.0,False,2018,AyeFinance
234,2018-06-11,Theranosis,healthcare,Specialised diagnostics Platform,Hyderabad,single_location,Mumbai Angels Network,Seed / Angel,,False,2018,Theranosis
235,2018-06-12,Alpha Capital,finance,Supplychain Finance,Mumbai,single_location,Alpha Capital,Private Equity,14800000.0,False,2018,Alpha Capital
236,2018-06-12,eshakti,ecommerce,Fashion e-tailer,Chennai,single_location,Paragon Partners,Private Equity,10100000.0,False,2018,eshakti
237,2018-06-12,Daily Ninja,consumer internet,Hyperlocal Delivery Platform,Bengaluru,single_location,Saama Capital and Sequoia Capital,Seed / Angel,3000000.0,False,2018,Daily Ninja
238,2018-06-13,NirogStreet,healthcare,An Online Platform That Connects Ayurveda Doctors With Patients,Gurugram,single_location,"Spiral Ventures, Subho Ray and Samir Kumar",Seed / Angel,300000.0,False,2018,NirogStreet
239,2018-06-13,Nivesh,finance,Mass Market Mutual Fund Investment Platform,Noida,single_location,"LetsVenture, Rajan Anandan, Basab Pradhan, Vivek Khare and Bijoy George",Seed / Angel,450000.0,False,2018,Nivesh
240,2018-06-13,What\\xe2\\x80\\x99s Up Life,consumer internet,"A Local Discovery App For Dining-Out, Party, Leisure and Events",Gurugram,single_location,Rannvijay Singha,Seed / Angel,,False,2018,What\\xe2\\x80\\x99s Up Life
241,2018-06-14,HomeLane,consumer internet,Online Home Furnishing Solutions,Bengaluru,single_location,Brand Capital,Seed / Angel,3450000.0,False,2018,HomeLane
242,2018-06-14,Network Intelligence,technology,Cybersecurity Specialist,Mumbai,single_location,Helix Investments,Private Equity,4800000.0,False,2018,Network Intelligence
243,2018-06-18,Tynor Othontics,healthcare,Prosthetics Manufacturers,Chandigarh,single_location,Lighthouse Funds & Thuasne Participations,Private Equity,21000000.0,False,2018,Tynor Othontics
244,2018-06-18,Elucidata,it,Data Analytics (SaaS),Delhi & Cambridge,single_location,Hyperplane Venture Capital and several angel investors,Seed / Angel,1700000.0,False,2018,Elucidata
245,2018-06-19,Chrysalis,edtech,Education Services Provider,Pune,single_location,Menterra Venture & Artha Initiatives,Seed / Angel,,False,2018,Chrysalis
246,2018-06-19,RentSher,consumer internet,Online Rental Marketplace,Bengaluru,single_location,"Shorooq Investments, LetsVenture & Others",Seed / Angel,1100000.0,False,2018,RentSher
247,2018-06-20,Drip capital,finance,Trade Finance Firm,Mumbai,single_location,"Accel Partners, Sequoia India, Y Combinator and others.",Private Equity,15000000.0,False,2018,Drip capital
248,2018-06-22,WickedRide,consumer internet,Online Motorbike And Scooter Rental Platforms,Bengaluru,single_location,"Sequoia Capital, Accel Partners & Raghunandan Gangappa",Private Equity,9100000.0,False,2018,WickedRide
249,2018-06-25,PolicyBazaar,consumer internet,Online Insurance Selling Platform,Gurugram,single_location,SoftBank Vision Fund & Info Edge (India) Ltd,Private Equity,200000000.0,False,2018,PolicyBazaar
250,2018-06-25,HipBar,consumer internet,Digital Payment Platform For Beverage Delivery,Bengaluru,single_location,Diageo India,Private Equity,4000000.0,False,2018,HipBar
251,2018-06-25,Sqqrl,finance,App-based investment platform,Gurugram,single_location,Equanimity Venture Fund,Seed / Angel,1000000.0,False,2018,Sqqrl
252,2018-06-26,Paytm,technology,Digital Payment Platform,Noida,single_location,One 97 Communications,Private Equity,8950000.0,False,2018,Paytm
253,2018-06-26,Sigtuple,healthcare,Data Driven Intelligence Solutions Platform,Bengaluru,single_location,"Accel Partners, IDG Venture, Endiya Partners, pi Ventures, VH Capital, Axilor Ventures and Binny Bansal",Private Equity,19000000.0,False,2018,Sigtuple
254,2018-06-27,Wow Express,technology,E-commerce Logistics Platform,Mumbai,single_location,Undisclosed Existing Investors As Well As The Tamarind Family Trust,Private Equity,4500000.0,False,2018,Wow Express
255,2018-06-28,Front Desk AI,technology,An AI Platform Offering Automated Customer Service Software,Bengaluru,single_location,Speciale Invest & Others,Seed / Angel,1100000.0,False,2018,Front Desk AI
256,2018-06-28,Edureka,edtech,Online Education Platform,Bengaluru,single_location,Leo Capital,Seed / Angel,2000000.0,False,2018,Edureka
257,2018-06-29,Numeroseven,technology,An Artificial Intelligence-Based Recruitment Platform,Kolkatta,single_location,Shiva Gunapu & Others,Seed / Angel,,False,2018,Numeroseven
258,2018-05-02,OpenTap,finance,Online Lending Platform,Chennai,single_location,Unknown High Net-Worth Individuals,Seed / Angel,450000.0,False,2018,OpenTap
259,2018-05-02,Bizongo,consumer internet,Aggregator For Packaging Material,Mumbai,single_location,"B Capital, International Finance Corporation (IFC), Accel Partners and IDG Ventures",Private Equity,22000000.0,False,2018,Bizongo
260,2018-05-03,Disprz,it,SaaS,Chennai,single_location,"IL&FS Private Equity, Kae Capital & Others",Seed / Angel,2500000.0,False,2018,Disprz
261,2018-05-07,PaisaDukan,consumer internet,P2P Lending Platform,Mumbai,single_location,,Seed / Angel,225000.0,False,2018,PaisaDukan
262,2018-05-09,i3sysytems,technology,AI product company For Health and Life Insurane Companies,Mumbai,single_location,"Unitus Ventures, Behram Vakil and Jerxis Vandrevala",Seed / Angel,1000000.0,False,2018,i3sysytems
263,2018-05-11,Earth Food,consumer internet,Agri-tech,Pune,single_location,Rairah Corporation,Seed / Angel,949000.0,False,2018,Earth Food
264,2018-05-14,Nykaa,consumer internet,Beauty e-tailer,Mumbai,single_location,"Sunil Munjal, Harsh Mariwala, Dalip Pathak and Others",Private Equity,24000000.0,False,2018,Nykaa
265,2018-05-16,mfine,healthcare,Doctor-Consultation App,Bengaluru,single_location,"Prime Venture Partners, Stellaris Venture Partners and Mayur Abhaya Srisrimal",Private Equity,4200000.0,False,2018,mfine
266,2018-05-21,Rocketium,technology,Online Video Creation Platform,Bengaluru,single_location,Blume ventures,Seed / Angel,300000.0,False,2018,Rocketium
267,2018-05-21,MilkBasket,technology,Micro-Delivery Grocery Startup,Gurugram,single_location,"Kalaari Capital, Unilever Ventures and Blume Ventures",Private Equity,7000000.0,False,2018,MilkBasket
268,2018-05-22,Vola,finance,Micro Lending Platform,Bengaluru,single_location,Credika and unnamed angel investors,Seed / Angel,500000.0,False,2018,Vola
269,2018-05-22,Cashkumar,consumer internet,P2P Lending Platform,Bengaluru,single_location,LetsVenture,Seed / Angel,735000.0,False,2018,Cashkumar
270,2018-05-23,Edyoo,ecommerce,Products For Shoolgoing Children,Bengaluru,single_location,RS Shanbag,Seed / Angel,735000.0,False,2018,Edyoo
271,2018-05-23,Aashiyaan,finance,Housing Finance For Low-Income Families,Kolkata,single_location,"Insistor, Oikocredit",Seed / Angel,2000000.0,False,2018,Aashiyaan
272,2018-05-24,Smartivity,edtech,Designer Of Toys and Learning Projects For Kids,Delhi,single_location,"Ashish Kacholi, S Chand Group",Seed / Angel,2000000.0,False,2018,Smartivity
273,2018-05-24,Bonphulapl,cleantech,Oxygen Optimiser Manufacturer,Delhi,single_location,Atul Gupta and Saurabh Rastogi,Seed / Angel,293000.0,False,2018,Bonphulapl
274,2018-05-27,Acko,consumer internet,Online Insurance Platform,Mumbai,single_location,"Amazon, Ashish Dhawan, Catamaran Ventures, NR Narayana Murthy.",Seed / Angel,12000000.0,False,2018,Acko
275,2018-05-28,HWell24,healthcare,Home Healthcare Aggregator,Mumbai,single_location,"Prashant Mehta, Mitali Pawar, Nikhil G and Bhavesh P, R Ranganathan, ONCOTRUST and Medintel Services Pvt. Ltd",Seed / Angel,200000.0,False,2018,HWell24
276,2018-05-29,Toffee,consumer internet,Online Insurance Platform,Gurugram,single_location,"Kalaari Capital, Omidyar Network and Accion Venture Labs",Seed / Angel,1500000.0,False,2018,Toffee
277,2018-05-29,Tonetag,technology,Mobile Payments Technology Platform,Bengaluru,single_location,Amazon Inc. and Mastercard,Private Equity,8000000.0,False,2018,Tonetag
278,2018-05-30,Events High,consumer internet,Events and Activities Discovery Platform,Bengaluru,single_location,Treebo,Private Equity,,False,2018,Events High
279,2018-05-30,Stellaps,technology,Iot Application Platform In Agriculture,Bengaluru,single_location,"IndusAge Partners, Bill & Melinda Gates Foundation, Qualcomm Venture, ABB Technology Ventures, Omnivore, Blume Ventures, Venture Highway and BEENEXT",Private Equity,14000000.0,False,2018,Stellaps
280,2018-05-31,Credright,consumer internet,Lending Platform For SMEs,Hyderabad,single_location,"Accion Venture Lab, YourNest Venture Capital And Other Angel Investors",Seed / Angel,1300000.0,False,2018,Credright
281,2018-04-02,Fitternity,consumer internet,Online Fitness Discovey Platform,Mumbai,single_location,"Exfinity Venture, Saha fund Partners, Arihant Patni of Patni Family Office, Anjali Bansal, Shardul Amarchand Mangaldas, Satish Khanna and Taparia family office.",Private Equity,2000000.0,False,2018,Fitternity
282,2018-04-02,Synctag,technology,Social Media Anlaytics Platform,Coimbatore,single_location,Subhkam Ventures and Mohit Khadaria,Seed / Angel,307600.0,False,2018,Synctag
283,2018-04-02,Benepik,technology,Enhanced Employee Engagement Platform,Gurugram,single_location,"Vishal Bali, Yogesh Misra, Thomas Assessments and others",Seed / Angel,,False,2018,Benepik
284,2018-04-02,Finzy,consumer internet,Online Loan Matchmaking Platform,Bengaluru,single_location,,Seed / Angel,1300000.0,False,2018,Finzy
285,2018-04-04,Varthana,finance,Loans and Services To Affordable Private Schools in India,Bengaluru,single_location,"ChrysCapital, Existing investors, Elevar Equity, LGT Impact, Omidyar Network and Kaizen Private Equity also participated in the round",Private Equity,55000000.0,False,2018,Varthana
286,2018-04-05,IndigoLearn,edtech,Online Education Platform,Hyderabad,single_location,"Maheshwar Peri, founder and chairman of career information portal Careers360, and Jamshed Jeejeebhoy, director at Byramjee Jeejeebhoy Pvt. Ltd were among the angels",Seed / Angel,150000.0,False,2018,IndigoLearn
287,2018-04-05,Vedantu,edtech,Interactive Online Tutoring Platform,Bengaluru,single_location,"Accel Partners, Tiger Global And Others",Private Equity,10000000.0,False,2018,Vedantu
288,2018-04-09,Kaleidofin,fiinance,Digital Financial Services Platform,Chennai,single_location,Omidyar Network. Blume Ventures and Professor Shlomo Ben-Haim,Seed / Angel,2800000.0,False,2018,Kaleidofin
289,2018-04-09,Pipabella,consumer internet,Fashion Accessories Etailer,Mumbai,single_location,Fireside Ventures,Seed / Angel,1000000.0,False,2018,Pipabella
290,2018-04-09,Elemential,technology,Blockchain Platform,Mumbai,single_location,"Matrix Partner, Amrish Rau, Investopad, Digital Currency Group, Hinduja Group, Lightspeed India, Eight Innovate, Amit Ranjan, Prashant Malik and others",Seed / Angel,,False,2018,Elemential
291,2018-04-09,Kriger Campus,edtech,Mobile-Based Education Network,Delhi,single_location,,Seed / Angel,46140.0,False,2018,Kriger Campus
292,2018-04-10,Loanzen,finance,Digital Lending Platform In Logistics,Bengaluru,single_location,Kae Capital Management,Seed / Angel,,False,2018,Loanzen
293,2018-04-10,TravelTriangle,consumer internet,Online Travel Marketplace,Gurugram,single_location,"Fundamentum, SAIF Partners, Bessemer Venture Partners, RB investments & Others",Private Equity,12000000.0,False,2018,TravelTriangle
294,2018-04-12,Letsmd,healthcare,Platform To Discover Healthcare Financing Options,Delhi,single_location,"SRI Capital, Waterbridge Ventures and ThinKuvate",Seed / Angel,1000000.0,False,2018,Letsmd
295,2018-04-12,AyeFinance,finance,Online Lending Platform,Gurugram,single_location,"BlueOrchard Finance Ltd, Hinduja Leyland Finance and IntelleGrow",Debt,4600000.0,False,2018,AyeFinance
296,2018-04-13,mintifi,finance,Online Lending Platform,Mumbai,single_location,Lok Capital,Seed / Angel,2000000.0,False,2018,mintifi
297,2018-04-16,icanstay,consumer internet,Online Platform For Luxury Hotel Stay For Business Travelers,Delhi,single_location,Mr. Manoj Prasad,Seed / Angel,500000.0,False,2018,icanstay
298,2018-04-16,Pregbuddy,healthcare,Connected Care App For Pregnant Women,Bengaluru,single_location,"Rajan Anandan, Madhusudhan Kannan, Jayant Kadambi, Puneet Gupta and Pradeep K Jaisingh",Seed / Angel,,False,2018,Pregbuddy
299,2018-04-18,Coverfox,consumer internet,Online Insurance Aggregator,Mumbai,single_location,"International Finance Corporation, Transamerica and others.",Private Equity,22000000.0,False,2018,Coverfox
300,2018-04-19,Lenskart,consumer internet,Online Eyewear Retailer,Faridabad,single_location,TR Capital,Private Equity,,False,2018,Lenskart
301,2018-04-19,mamaearth,healthcare,Online Baby care Products,Gurugram,single_location,Shilpa Shetty Kundra,Private Equity,,False,2018,mamaearth
302,2018-04-19,Fyle Technologies,technology,AI Based Expense Management Platform,Bengaluru,single_location,Pravega Ventures and Beenext,Seed / Angel,1100000.0,False,2018,Fyle Technologies
303,2018-04-19,True Balance,technology,Mobile Balance Checking App,Gurugram,single_location,"Line Ventures Corporation, Line Corp, Naver, Shinhan Bank and TS Investment",Private Equity,23000000.0,False,2018,True Balance
304,2018-04-22,Visit,healthcare,AI Driven Health tech Platform,Delhi,single_location,"Biz Stone, Kunal Bahl, Rohit Bansal, Alagu Periyannan and Karthee Madasamy",Private Equity,,False,2018,Visit
305,2018-04-22,Doxper,healthcare,Digitized Health-Tech Solutions For Practitioners,Mumbai,single_location,Vidal Healthcare,Seed / Angel,1900000.0,False,2018,Doxper
306,2018-04-22,Nykaa,consumer internet,Beauty e-tailer,Mumbai,single_location,"Sunil Munjal, Harsh Mariwala, Dalip Pathak and Others",Private Equity,11000000.0,False,2018,Nykaa
307,2018-04-23,Mihuru,finance,Online Platform Providing Micro Loans For Air Travel,Mumbai,single_location,,Seed / Angel,150000.0,False,2018,Mihuru
308,2018-04-23,Capital Float,finance,Online Lending Platform,Bengaluru,single_location,Amazon,Private Equity,22000000.0,False,2018,Capital Float
309,2018-04-25,Trip shelf,consumer internet,Online Travel Marketplace,Delhi,single_location,"GEMS Advisory, Alok Mittal and Sachin Bhatia",Seed / Angel,246000.0,False,2018,Trip shelf
310,2018-04-26,POPxo,technology,Women Focussed Digital Media Platform,Delhi,single_location,"Neoplux, OPPO, IDG Ventures India, Kalaari Capital, GREE Ventures and Summit Media",Private Equity,5500000.0,False,2018,POPxo
311,2018-04-26,RailYatri,consumer internet,Online Travel Ticketing Platform,Noida,single_location,"Omidyar Network, Nandan Nilekani, Blume Ventures, Helion Venture Partners",Private Equity,,False,2018,RailYatri
312,2018-04-27,1mg,consumer internet,Online Pharmacy Store,Gurugram,single_location,"Sequoia Capital, Maverick Capital Ltd and HBM Healthcare Investments Ltd",Private Equity,10000000.0,False,2018,1mg
313,2018-04-29,Rubique,consumer internet,Online Lending MarketPlace,Mumbai,single_location,"Emery Capital, Blacksoil and Kalaari Capital",Private Equity,,False,2018,Rubique
314,2018-04-30,Samco,consumer internet,Online Stock Broker,Mumbai,single_location,Bay Capital Investments and Others,Private Equity,7500000.0,False,2018,Samco
315,2018-04-30,MyLoanCare,finance,B2C Online Loans Marketplace,Gurugram,single_location,SAR Group,Seed / Angel,978000.0,False,2018,MyLoanCare
316,2018-03-01,PharmEasy,consumer internet,Online Pharmacy Store,Mumbai,single_location,"Bessemer Venture Partners and Orios Venture Partners, JM Financials and MEMG",Private Equity,,False,2018,PharmEasy
317,2018-03-01,Buddy4studdy,consumer internet,Online Scholarship Portal,Noida,single_location,CBA Capital and others,Private Equity,3000000.0,False,2018,Buddy4studdy
318,2018-03-01,Urban Ladder,ecommerce,Online Furniture Store,Bengaluru,single_location,"Sequoia Capital, SAIF Partners and Kalaari capital",Private Equity,12000000.0,False,2018,Urban Ladder
319,2018-03-03,Kuvera,consumer internet,Online Financial Planning,Bengaluru,single_location,"Baskar Subramanian, Saket Kumar, Gaurav Suri and Ankit Kesarwani",Seed / Angel,250000.0,False,2018,Kuvera
320,2018-03-04,Gramophone,technology,Agri-tech,Indore,single_location,InfoEdge,Seed / Angel,1000000.0,False,2018,Gramophone
321,2018-03-05,Wellthy,healthcare,Therapeutics,Mumbai,single_location,"Ranjan Pai, Apoorva Patni, Beenext Ventures,GrowX Ventures",Private Equity,2100000.0,False,2018,Wellthy
322,2018-03-05,MedGenome,healthcare,"Genetic Screening, DNA Diagnostics Labs & Research Centers",Bengaluru,single_location,"HDFC Life, HDFC Asset Management",Private Equity,10000000.0,False,2018,MedGenome
323,2018-03-05,Finova Capital,consumer internet,Online Lending,Jaipur,single_location,Sequoia Capital,Private Equity,6000000.0,False,2018,Finova Capital
324,2018-03-05,Hotelogix,technology,Cloud based Online Hotel Management Software,Noida,single_location,"Vertex Ventures, Accel Partners and Saama Capital",Private Equity,5000000.0,False,2018,Hotelogix
325,2018-03-04,Livehealth,consumer internet,Health Service Aggregator Platform,Pune,single_location,Nexus Venture Partners,Seed / Angel,1100000.0,False,2018,Livehealth
326,2018-03-06,Ad2pro,technology,"Creative Design, Brand, Media and Technology Platform Solutions",Chennai,single_location,Avendus Finance Pvt. Ltd,Debt,9700000.0,False,2018,Ad2pro
327,2018-03-06,Coverfox,consumer internet,Online Insurance Aggregator,Mumbai,single_location,Aegon NV,Private Equity,7600000.0,False,2018,Coverfox
328,2018-03-08,Pepperfry,consumer internet,Online Furniture Shopping Store,Mumbai,single_location,State Street Global Advisors,Private Equity,38400000.0,False,2018,Pepperfry
329,2018-03-08,Magicpin,consumer internet,Hyperlocal Discovery,Gurugram,single_location,Trifecta Capital,Debt,1000000.0,False,2018,Magicpin
330,2018-03-12,HealthCare,consumer internet,Healthcare Aggregator,Mumbai,single_location,HR Fund,Seed / Angel,1000000.0,False,2018,HealthCare
331,2018-03-13,PineLabs,technology,Digital Payment Platform,Mumbai,single_location,"Actis, Altimeter Capital",Private Equity,82000000.0,False,2018,PineLabs
332,2018-03-14,Stumagz,consumer internet,Online Communication and Collaboration Platform For Educational Institutions,Hyderabad,single_location,"Venkat Subramanian, Sudhakar Pennam, and other tech investors from Silicon Valley",Seed / Angel,,False,2018,Stumagz
333,2018-03-14,AvailFinance,consumer internet,Online Lending Platform,Bengaluru,single_location,"Matrix Partners, Bhavish Aggarwal, Ankit Bhati, Binny Bansal, Kunal Shah and Manish Patel.",Private Equity,17200000.0,False,2018,AvailFinance
334,2018-03-15,Grofers,consumer internet,Online Grocery Shop,Gurugram,single_location,"SoftBank, Tiger Global and Apoletto Managers.",Private Equity,62000000.0,False,2018,Grofers
335,2018-03-19,Fingerlix,consumer internet,Ready To cook Food Solution,Mumbai,single_location,Alteria Capital,Debt,1310000.0,False,2018,Fingerlix
336,2018-03-19,Karma Healthcare,healthcare,Technology enabled equitable healthcare for India,Udaipur,single_location,"1Crowd, Ankur Capital",Seed / Angel,500000.0,False,2018,Karma Healthcare
337,2018-03-19,Zappfresh,food & beverages,Online Raw Meat E-tailer,Gurugram,single_location,"Amit Burman, SIDBI Venture Capital",Seed / Angel,3000000.0,False,2018,Zappfresh
338,2018-03-19,CustomerSucessBox,technology,Customer Success Software for B2B SaaS,Gurugram,single_location,"Pi Ventures, Axilor Ventures",Seed / Angel,1000000.0,False,2018,CustomerSucessBox
339,2018-03-20,One Labs,consumer internet,Consumer Technology and Artificial Intelligence Based Aggregator App,,single_location,Micromax Informatics Ltd,Private Equity,,False,2018,One Labs
340,2018-03-21,GigIndia,consumer internet,Micro Jobs Provider For Students,Pune,single_location,"Jessica Wong, Hiro Mashita, Xue Manzi and Yiyun Zhang.",Seed / Angel,,False,2018,GigIndia
341,2018-03-22,Chargebee,technology,Subscription Billing & Recurring Payments Software,Chennai,single_location,"Insight Venture Partners, Accel Partners and Tiger Global Management.",Private Equity,18000000.0,False,2018,Chargebee
342,2018-03-22,i2i Funding,consumer internet,Online loan platform,Noida,single_location,SucSEED Venture Partners,Seed / Angel,768000.0,False,2018,i2i Funding
343,2018-03-22,Slang Labs,technology,Voice-based assistant platform,Bengaluru,single_location,Endiya Partners,Seed / Angel,1240000.0,False,2018,Slang Labs
344,2018-03-22,UrbanPiper,technology,Online ordering solution for restaurants and food chains,Bengaluru,single_location,"Kumar Vembu, Axilor Ventures",Seed / Angel,,False,2018,UrbanPiper
345,2018-03-26,Cash Suvidha,consumer internet,Online loan platform,Delhi,single_location,"Initia Holdings,Vipin Agarwal and others.",Seed / Angel,1000000.0,False,2018,Cash Suvidha
346,2018-03-28,Roadcast,technology,Fleet management and asset monitoring platform,Delhi,single_location,,Private Equity,250000.0,False,2018,Roadcast
347,2018-03-28,Smartcoin,finance,Micro lending company,Bengaluru,single_location,"Accion Venture Lab, Unicorn India Ventures and ISME ACE.",Seed / Angel,2000000.0,False,2018,Smartcoin
348,2018-03-27,The Print,media,News portal,Delhi,single_location,Ratan Tata,Seed / Angel,535000.0,False,2018,The Print
349,2018-03-27,DriveU,technology,Professional Car Drivers Hiring App,Bengaluru,single_location,Amit Singhal and Unitus Seed Fund,Private Equity,3000000.0,False,2018,DriveU
350,2018-03-29,Fynd,consumer internet,O2O fashion ecommerce platform,Mumbai,single_location,"Google, Kae Capital, IIFL, Singularity Ventures, GrowX, Tracxn Labs, Venture Catalyst, Patni family office and Axis Capital.",Seed / Angel,,False,2018,Fynd
351,2018-02-01,BigBasket,consumer internet,Online Grocery & Food Store,Bengaluru,single_location,"Alibaba, Helion Venture Partners, Bessemer Venture Partners, Ascent Capital",Private Equity,300000000.0,False,2018,BigBasket
352,2018-02-01,Zomato,food and beverages,Food Ordering and Restaurant Discovery,Gurugram,single_location,Ant Financials,Private Equity,200000000.0,False,2018,Zomato
353,2018-02-05,Pratilipi,publishing,E-Publishing,Bengaluru,single_location,Omidyar Network,Private Equity,4300000.0,False,2018,Pratilipi
354,2018-02-05,Asia Institute Of Medical Science,healthcare,Super-specialty Hospital,Faridabad,single_location,CDC Group Plc,Private Equity,21000000.0,False,2018,Asia Institute Of Medical Science
355,2018-02-05,CollegeDekho,consumer internet,Online platform for Higher Education Services,Gurugram,single_location,"Man Capital LLP, Girnar Software, Others",Private Equity,2000000.0,False,2018,CollegeDekho
356,2018-02-06,Foodmemories,consumer internet,Online Food Marketplace,Ahemdabad,single_location,"Bhavesh Manglani, Suraj Saharan, Darshan Upadhyay, Sanjay Notani & Others",Seed,,False,2018,Foodmemories
357,2018-02-06,Healthi,healthcare,Preventive Health Checkup,Bengaluru,single_location,Montane Ventures,Private Equity,3100000.0,False,2018,Healthi
358,2018-02-07,Swiggy,food and beverages,Online Food Delivery,Bengaluru,single_location,Naspers,Private Equity,100000000.0,False,2018,Swiggy
359,2018-02-08,Shape,healthcare,"Online Portal for Diet,fitness and Beauty",Pune,single_location,Sandeep Mathur,Seed / Angel,100000000.0,False,2018,Shape
360,2018-02-08,Icertis,consumer internet,Enterprise Contract Management Platform,Pune,single_location,Meritech Capital Partners,Private Equity,50000000.0,False,2018,Icertis
361,2018-02-09,healthifyme,healthcare,Mobile Weight Loss Coach,Bengaluru,single_location,Sistema Asia Fund,Private Equity,12000000.0,False,2018,healthifyme
362,2018-02-09,MedTel,healthcare,Virtual health clinics,Bhubaneswar,single_location,British and Indian Governments,Private Equity,,False,2018,MedTel
363,2018-02-09,Rupeek,consumer internet,Online Gold Loan,Bengaluru,single_location,"Accel Partners, Sequoia Capital",Private Equity,6830000.0,False,2018,Rupeek
364,2018-02-09,WebEngage,technology,Marketing Cloud for consumer businesses,Mumbai,single_location,Social Capital,Private Equity,,False,2018,WebEngage
365,2018-02-12,Lendingkart,finance,Online Lending Platform,Bengaluru,single_location,Fullerton Financial Holdings Pte Ltd & Others,Private Equity,87000000.0,False,2018,Lendingkart
366,2018-02-12,Wydr,consumer internet,B2B Marketplace,Gurugram,single_location,"Bessemer Venture Partners, Stellaris Venture Partners, Axis Capital, Singapore, Jungle Venture Partners",Private Equity,,False,2018,Wydr
367,2018-02-12,Cashify,ecommerce,Online Selling,Gurugram,single_location,Trifecta Capital,Debt,935089.0,False,2018,Cashify
368,2018-02-13,holachef,food and beverages,Online Food Delivery,Mumbai,single_location,Ashok Kumar Gajera,Seed / Angel,311200.0,False,2018,holachef
369,2018-02-13,Awaaz De,technology,Mobile Solutions for Social Impact,Ahmedabad,single_location,Tribe Impact Capital LLP,Seed / Angel,,False,2018,Awaaz De
370,2018-02-13,IMAX Program,edtech,Individualised Progressive Learning Program,Bengaluru,single_location,"Michael & Susan Dell Foundation, LGT Impact Ventures",Private Equity,13500000.0,False,2018,IMAX Program
371,2018-02-14,Littlemore,edtech,Online Education Platform,Chennai,single_location,Kalpavriksh,Private Equity,3000000.0,False,2018,Littlemore
372,2018-02-14,Toppr,edtech,Online Education Platform,Mumbai,single_location,Axis Capital Partners,Private Equity,100000.0,False,2018,Toppr
373,2018-02-14,Shirsa Labs,edtech,Integrated Kids Engagement Company,Mumbai,single_location,"Dewang Neralla, Mahesh Kothurkar,Atul Agarwal",Private Equity,500000.0,False,2018,Shirsa Labs
374,2018-02-14,MoneyOnMobile,technology,mobile payment platform,Mumbai,single_location,S7 Group,Private Equity,5000000.0,False,2018,MoneyOnMobile
375,2018-02-15,PetSutra,consumer internet,Online Pet Care Products,Gurugram,single_location,Michael Patrick Hickey,Seed / Angel,148434.0,False,2018,PetSutra
376,2018-02-15,Infibeam,ecommerce,Online Retailing,Ahemadabad,single_location,Network 18,Private Equity,6230000.0,False,2018,Infibeam
377,2018-02-16,happay,finance,Expense Management,Bengaluru,single_location,Sequoia and Jerry Yang,Seed / Angel,250000.0,False,2018,happay
378,2018-02-16,Fincash,finance,Fin-Tech,Mumbai,single_location,"Mohammed Khan, Sameer Narayan & Others",Seed / Angel,150000.0,False,2018,Fincash
379,2018-02-19,AyeFinance,finance,Online Lending,Gurugram,single_location,"Hinduja Leyland Finance, IntelleGrow",Private Equity,3800000.0,False,2018,AyeFinance
380,2018-02-20,Agricxlab,agriculture,Agri-tech,Mumbai,single_location,Ankur Capital,Seed / Angel,500000.0,False,2018,Agricxlab
381,2018-02-21,Udaan,ecommerce,B2B Marketplace,Bengaluru,single_location,Lightspeed & Yuri Milner,Private Equity,50000000.0,False,2018,Udaan
382,2018-02-21,Capillary,it,SaaS,Bengaluru,single_location,"Wargburg Pincus, Sequoia",Private Equity,20000000.0,False,2018,Capillary
383,2018-02-21,The Healthy Billions,healthcare,Analytics,Gurugram,single_location,"Blume Ventures, HealthQuad and Fireside Ventures",Private Equity,2100000.0,False,2018,The Healthy Billions
384,2018-02-21,HighRadius,technology,Cloud-based Software,Hyderabad,single_location,"PNC, Citi Ventures",Private Equity,,False,2018,HighRadius
385,2018-02-26,Avishkaar Box,edtech,Education,Delhi,single_location,Auxano Deals,Private Equity,772500.0,False,2018,Avishkaar Box
386,2018-02-26,Planys Technologies,technology,Robotic InspectionStartup,Chennai,single_location,"Kris Gopalakrishnan, Pratithi Investment Trust, MEMG Family Office, S Gopal",Private Equity,1040000.0,False,2018,Planys Technologies
387,2018-02-27,Lollypop,technology,Digital Design,Bengaluru,single_location,Dr Devi Shetty,Seed / Angel,,False,2018,Lollypop
388,2018-02-27,Trilyo,technology,AI platform for hospitality industry,Mumbai,single_location,"Startup Buddy,Amit Manocha and others",Seed / Angel,250000.0,False,2018,Trilyo
389,2018-02-28,Gaana,technology,Online Music Streaming,Gurugram,single_location,"Tencent Holdings Ltd, Times Internet",Private Equity,115000000.0,False,2018,Gaana
390,2018-02-28,Credy,it,SaaS,Bengaluru,single_location,"Y Combinator, Khosla Ventures, Vy Capital and others",Seed / Angel,1400000.0,False,2018,Credy
391,2018-02-28,Predible Health,healthcare,Cancer radiology,Bengaluru,single_location,Unitus Seed Fund,Seed / Angel,,False,2018,Predible Health
392,2018-01-02,CleverTap,technology,Mobile App Analytics,Mumbai,single_location,"Recruit Holdings, Sequoia Capital India, Accel Partners",Seed / Angel,,False,2018,CleverTap
393,2018-01-04,EarlySalary,finance,Online Lending,Pune,single_location,Eight Roads Ventures India,Private Equity,15700000.0,False,2018,EarlySalary
394,2018-01-05,WOTU,ecommerce,Food and Beverages,Bengaluru,single_location,"Claris Capital, Mumbai Angels Network",Seed / Angel,,False,2018,WOTU
395,2018-01-08,DAAKI,ecommerce,Sports Nutrition Supplement etailer,Bengaluru,single_location,Rohan Agila,Seed / Angel,,False,2018,DAAKI
396,2018-01-09,Lendingkart,finance,Online Lending,Ahmedabad,single_location,Nederlandse Financierings-Maatschappij voor Ontwikkelingslanden N.V.,Debt,4700000.0,False,2018,Lendingkart
397,2018-01-09,Kinsane Entertainment Inc,entertainment,Digital Entertainment for Children,Mumbai,single_location,,Seed / Angel,2500000.0,False,2018,Kinsane Entertainment Inc
398,2018-01-10,Tapzo,technology,Personal Assistant,Bengaluru,single_location,RuNet & Other,Private Equity,1930000.0,False,2018,Tapzo
399,2018-01-10,Appario Retail Pvt Ltd.,ecommerce,Retail,Delhi,single_location,Amazon-Patni JV,Private Equity,18840000.0,False,2018,Appario Retail Pvt Ltd.
400,2018-01-10,Samunnati,finance,Agricultural Loan,Chennai,single_location,"responsAbility, Elevar Equity and Accel Partners",Private Equity,23500000.0,False,2018,Samunnati
401,2018-01-10,Sahajanand Medical Technologies,technology,Medical Devices,Surat,single_location,Morgan Stanley Private Equity Asia,Private Equity,36230000.0,False,2018,Sahajanand Medical Technologies
402,2018-01-12,Kuants,technology,Algorithmic Trading,Gurugram,single_location,"Pankaj Chopra, Ankush Gupta",Seed / Angel,80000.0,False,2018,Kuants
403,2018-01-12,Razorpay,technology,Payment Gateway,Bengaluru,single_location,"Tiger Global, Y Combinator",Private Equity,20000000.0,False,2018,Razorpay
404,2018-01-15,Streak,technology,Algorithmic Trading,Bengaluru,single_location,"Indian fintech fund, Rainmatter",Seed / Angel,354600.0,False,2018,Streak
405,2018-01-15,pi Ventures,finance,Venture Capital,Bengaluru,single_location,"Sunil Kant Munjal, Hero Electronix's corporate financing arm, Electronic Development Fund",Private Equity,25000000.0,False,2018,pi Ventures
406,2018-01-15,Newgen Software,technology,IT,New Delhi,single_location,"Goldman Sachs, hedge fund & Others",Private Equity,20000000.0,False,2018,Newgen Software
407,2018-01-17,Rubix,technology,Education,Pune,single_location,Polaris Fund,Private Equity,1000000.0,False,2018,Rubix
408,2018-01-18,ShareChat,technology,Social,Bengaluru,single_location,"Xiaomi Singapore, Shunwei Capital",Private Equity,18200000.0,False,2018,ShareChat
409,2018-01-22,Paperflite,technology,IT,Chennai,single_location,The Chennai Angels,Seed / Angel,400000.0,False,2018,Paperflite
410,2018-01-22,HungerBox,consumer internet,Food and Beverages,Bengaluru,single_location,Lionrock Capital,Private Equity,2500000.0,False,2018,HungerBox
411,2018-01-22,Skillate,technology,Artificial Intellegence,Bengaluru,single_location,"Incubate Fund India, Anuj Agrawal",Private Equity,,False,2018,Skillate
412,2018-01-22,OptaCredit,finance,Alternative Lending,Chennai,single_location,DMI Finance,Private Equity,4000000.0,False,2018,OptaCredit
413,2018-01-22,AEON Learning,technology,Education,Bengaluru,single_location,Dr. Ranjan Pai,Private Equity,3200000.0,False,2018,AEON Learning
414,2018-01-23,Milkbasket,ecommerce,Online Grocery,Gurugram,single_location,Unilever Ventures,Private Equity,3000000.0,False,2018,Milkbasket
415,2018-01-24,NeoGrowth Credit,finance,Digital Lending,Mumbai,single_location,"LeapFrog Investments, Aspada Investment, Quona Capital",Private Equity,47000000.0,False,2018,NeoGrowth Credit
416,2018-01-24,Rao IIT Academy,education,Coaching Services,Mumbai,single_location,Avendus Finance,Debt,8600000.0,False,2018,Rao IIT Academy
417,2018-01-24,Aye Finance,finance,Online Lending,Gurugram,single_location,IFMR Capital,Debt,6240000.0,False,2018,Aye Finance
418,2018-01-25,Glassic,ecommerce,Eyewear,Bengaluru,single_location,"Chennai Angels, Lead Angels, LetsVenture",Seed / Angel,,False,2018,Glassic
419,2018-01-25,GreyAtom,technology,Education,Mumbai,single_location,Pravega Ventures,Private Equity,1000000.0,False,2018,GreyAtom
420,2018-01-26,Axio,healthcare,Hemostatic Dressing Solutions,Bengaluru,single_location,RNT Capital,Private Equity,7400000.0,False,2018,Axio
421,2018-01-29,eKincare,healthcare,Technology,Hyderabad,single_location,"Ventureast, Endiya Partners, Eight Roads Ventures, Touchstone Equities, BVR Mohan Reddy",Private Equity,1500000.0,False,2018,eKincare
422,2018-01-29,The Wedding Brigade,consumer internet,Online Services,Mumbai,single_location,Blume Ventures,Private Equity,1000000.0,False,2018,The Wedding Brigade
423,2018-01-30,PeeSafe,healthcare,Hygiene,Gurugram,single_location,"Shivani Singh, Rahul Maroli, Mitesh Shah, Venture Catalysts, Alfa Capital, Green Shots Capital, Real Time Ventures.",Private Equity,1000000.0,False,2018,PeeSafe
424,2018-01-30,BrowserStack,technology,Browser Testing,Mumbai,single_location,Accel Partners,Private Equity,50000000.0,False,2018,BrowserStack
425,2018-01-30,Scapic,technology,Virtual Reality,Bengaluru,single_location,"Axilor Ventures, Newfort Capital",Seed / Angel,500000.0,False,2018,Scapic
426,2018-01-30,MoneyOnMobile,technology,Mobile Payment Platform,Mumbai,single_location,Undisclosed Investors,Private Equity,7600000.0,False,2018,MoneyOnMobile
427,2018-01-30,CureFit,healthcare,Fitness,Bengaluru,single_location,"HDFC Bank, Axis Bank",Debt,10000000.0,False,2018,CureFit
428,2018-01-31,iNurture,technology,Education Solutions,Bengaluru,single_location,Ventureast,Private Equity,4400000.0,False,2018,iNurture
429,2017-12-01,Strata Enviro,technology,IoT based air pollution controller,Mumbai,single_location,Scale Minds,Private Equity,,False,2017,Strata Enviro
430,2017-12-05,Dunzo,technology,Daily Task Management Mobile App,Bengaluru,single_location,Google,Private Equity,12300000.0,False,2017,Dunzo
431,2017-12-05,Tata Housing,real estate,Residential Project,Mumbai,single_location,Hines,Private Equity,23000000.0,False,2017,Tata Housing
432,2017-12-05,HandyTrain,technology,Mobile Learning Management Platform,Goa,single_location,NB Ventures,Private Equity,1000000.0,False,2017,HandyTrain
433,2017-12-05,Mobycy,technology,Bicycle sharing Platform,Gurugram,single_location,Undisclosed Investors,Seed / Angel,500000.0,False,2017,Mobycy
434,2017-12-06,Greenlight Planet,technology,Off-grid solar products platform,Mumbai,single_location,"Apis Partner, Eight Roads Ventures, Bamboo Capital Partners",Private Equity,60000000.0,False,2017,Greenlight Planet
435,2017-12-06,Fintobox,technology,Child Learning & Development Platform,Chennai,single_location,Lightbox,Private Equity,7000000.0,False,2017,Fintobox
436,2017-12-07,Mswipe,technology,Mobile point of sale services provider,Mumbai,single_location,Eduardo Saverin,Private Equity,10000000.0,False,2017,Mswipe
437,2017-12-07,The Label Life,ecommerce,Home Decor and Online Fashion Portal,Mumbai,single_location,Kalpvriksh,Private Equity,3100000.0,False,2017,The Label Life
438,2017-12-07,Cygnus Hospitals,healthcare,Super speciality Hospitals,Gurugram,single_location,Somerset Indus Capital Ventures,Seed / Angel,750000.0,False,2017,Cygnus Hospitals
439,2017-12-07,eShakti,ecommerce,"""Women\\'s Fashion Clothing Online Platform""",Chennai,single_location,IDG Ventures,Debt,2300000.0,False,2017,eShakti
440,2017-12-08,Inshorts,technology,Mobile News Curation App,Noida,single_location,Tiger Global,Private Equity,5000000.0,False,2017,Inshorts
441,2017-12-11,Vahdam Tea,ecommerce,Online Platform Selling Indian Tea Globally,Delhi,single_location,"Singapore Angel Network, Mumbai Angel",Private Equity,1500000.0,False,2017,Vahdam Tea
442,2017-12-11,Logic Roots,technology,Educational Platform to Learn Mathematics,Mumbai,single_location,Village Capital,Seed / Angel,50000.0,False,2017,Logic Roots
443,2017-12-11,Project Mudra,technology,Assisting Visually Impaired to learn through Braille,Bengaluru,single_location,Village Capital,Seed / Angel,50000.0,False,2017,Project Mudra
444,2017-12-11,Furlenco,technology,Furniture Rental Platform,Bengaluru,single_location,Aamir Khan,Debt,1200000.0,False,2017,Furlenco
445,2017-12-12,I Can Stay,technology,Hotel Aggregator Platform,Delhi,single_location,HT Media,Private Equity,1800000.0,False,2017,I Can Stay
446,2017-12-12,Fracktal Works,technology,Platform based on 3D printing and Digital Manufacturing,Bengaluru,single_location,Hyderabad Angels,Seed / Angel,,False,2017,Fracktal Works
447,2017-12-12,Simility,technology,Adaptive Fraud Intelligence Platform,Hyderabad,single_location,Accel Partners,Private Equity,17500000.0,False,2017,Simility
448,2017-12-12,Shopholix,ecommerce,Fashion and Lifestyle Coupon Platform,Gurugram,single_location,Munesh Khanna,Seed / Angel,233000.0,False,2017,Shopholix
449,2017-12-13,MindTickle,technology,Gamification Platform to train Sales People,Pune,single_location,Canaan Partners,Private Equity,27000000.0,False,2017,MindTickle
450,2017-12-13,Nazara Technologies,technology,Mobile Games Development Firm,Mumbai,single_location,Rakesh Jhunjhunwala,Private Equity,27000000.0,False,2017,Nazara Technologies
451,2017-12-13,DocsApp,technology,Mobile Application for Doctor Consultation,Bengaluru,single_location,Bessemer Venture Partners,Private Equity,7200000.0,False,2017,DocsApp
452,2017-12-13,Capita World,technology,Artificial Intelligence Platform to Raise Funds,Mumbai,single_location,"Mohan Tanksale, Kiran Shetty, Darshak Shah, Mandar Mhatre",Private Equity,,False,2017,Capita World
453,2017-12-14,Tea Box,ecommerce,Fresh Indian Tea Selling Platform across 112 countries,Bengaluru,single_location,RB Investments,Private Equity,7000000.0,False,2017,Tea Box
454,2017-12-14,Transversal Technologies,technology,Hyperlocal Video Information Sharing Platform,Bengaluru,single_location,Matrix Partners,Private Equity,6000000.0,False,2017,Transversal Technologies
455,2017-12-14,Curofy,technology,Mobile App for Network of Doctors,Gurugram,single_location,RoundGlass Partners LLC,Seed / Angel,250000.0,False,2017,Curofy
456,2017-12-14,HomeLane,ecommerce,Online Furniture Marketplace,Bengaluru,single_location,"Accel Partners, Sequoia Capital, RB Investments",Private Equity,10000000.0,False,2017,HomeLane
457,2017-12-14,WeDoSky,technology,Provides Business Insights using Drone Imaginary,Delhi,single_location,Mumbai Angels Network,Private Equity,,False,2017,WeDoSky
458,2017-12-15,Purplle,ecommerce,Beauty Products Online Marketplace,Mumbai,single_location,"Mountain Pain Capital, Suncoast Investments",Seed / Angel,537000.0,False,2017,Purplle
459,2017-12-15,Cash Suvidha,ecommerce,Online Micro-Lending Platform,Delhi,single_location,,Debt,2700000.0,False,2017,Cash Suvidha
460,2017-12-18,Sky Met Weather,technology,Weather Forecast Platform,Noida,single_location,InsuResillience Investment Fund,Private Equity,,False,2017,Sky Met Weather
461,2017-12-19,Springboard,technology,Online Courses and Mentoring from Experts,Bengaluru,single_location,"Costanoa, Learn Capital, Jyoti Bansal",Private Equity,9500000.0,False,2017,Springboard
462,2017-12-19,Peel Works,technology,SaaS based Big Data Analytics Platform,Mumbai,single_location,Unilever Ventures,Private Equity,,False,2017,Peel Works
463,2017-12-19,9Stacks,technology,Online Poker Platform,Delhi,single_location,"Swati Gupta, Purnima Khandelwal, Maheshwar Peri, Sanjay Singh",Private Equity,1500000.0,False,2017,9Stacks
464,2017-12-20,Your Quote,technology,Vernacular and Video Content Platform,Bengaluru,single_location,"Axilor Ventures, E-City VEntures Atul Goel",Private Equity,1000000.0,False,2017,Your Quote
465,2017-12-20,Spandana Sphoorty,finance,Micro finance institution providing small ticket unsecured loans to women,Hyderabad,single_location,"""Kedaraa Capital, Ontario Teachers\\'""",Private Equity,19500000.0,False,2017,Spandana Sphoorty
466,2017-12-21,Indus OS,technology,Regional Operating System for Smartphones,Mumbai,single_location,Omidyar Network,Private Equity,4000000.0,False,2017,Indus OS
467,2017-12-21,EasyEcom,ecommerce,Ecommerce enabler platform,Bengaluru,single_location,"Ambarish Gupta, Aneesh Reddy, Bold Ventures, Vona Investments",Seed / Angel,150000.0,False,2017,EasyEcom
468,2017-12-21,IGP.com,ecommerce,Online Gifting Platform,Uttar Pradesh,single_location,Venture Catalysts,Private Equity,,False,2017,IGP.com
469,2017-12-26,Specsmakers,ecommerce,Online Spects Platform for Men and Women,Chennai,single_location,Eight Roads Ventures India,Private Equity,10000000.0,False,2017,Specsmakers
470,2017-12-27,Garage On Road,ecommerce,Online vehicle service booking platform,Noida,single_location,Gaurav Gupta,Private Equity,,False,2017,Garage On Road
471,2017-12-27,Foyr.com,technology,Realty Tech Startup solving real life Interior Designing problems,Hyderabad,single_location,Jones Lang LaSalle,Private Equity,3800000.0,False,2017,Foyr.com
472,2017-11-02,Prest Loans,finance,Business & SME Loans provider,New Delhi,single_location,"Manish Poddar, Arun Garg, Parmeshwar Sharma",Seed,570000.0,False,2017,Prest Loans
473,2017-11-02,AadharAPI.com,technology,Aadhaar-based API provider,Pune,single_location,CIO Angel Network,Seed,,False,2017,AadharAPI.com
474,2017-11-02,FreshBoxx,ecommerce,Online Grocery Store,Bengaluru,single_location,Jayant Humbarwadi,Seed,,False,2017,FreshBoxx
475,2017-11-03,Vagupu,technology,Online Tutorial Marketplace,Bengaluru,single_location,Undisclosed Investors,Seed,1000000.0,False,2017,Vagupu
476,2017-11-03,HalaPlay,consumer internet,Online Fantasy Games,Mumbai,single_location,"Kae Capital Management, Nazara Technologies",Seed,,False,2017,HalaPlay
477,2017-11-03,Kalpnik Technologies,technology,VR based Spiritual platform,Bengaluru,single_location,Venture Catalysts,Seed,500000.0,False,2017,Kalpnik Technologies
478,2017-11-04,Hevo Data,technology,Real time data analytics & reporting,Bengaluru,single_location,IDG Ventures India,Private Equity,1000000.0,False,2017,Hevo Data
479,2017-11-06,Smart Karma,technology,Financial Technology Research Platform,Bengaluru,single_location,IDG Ventures India,Private Equity,,False,2017,Smart Karma
480,2017-11-06,Leverage Edu,ecommerce,Online platform for Higher Education Services,New Delhi,single_location,"Alok Mittal, Deepak Jain, Ritesh Malik, Jim Schimdktke",Seed,,False,2017,Leverage Edu
481,2017-11-07,Crayon Data,technology,Customer Engagement Platform,New Delhi,single_location,Infosys co-founder Kris Gopalakrishnan,Seed,,False,2017,Crayon Data
482,2017-11-07,DocTalk,technology,Doctor Patient Communication platform,Mumbai,single_location,"Matrix Partners India, Khosla Ventures",Private Equity,5000000.0,False,2017,DocTalk
483,2017-11-07,CoveIoT,technology,Wearable tech and Internet of Things platform,Bengaluru,single_location,"Titan Co Ltd, Tata Group's watch and jewellery retailing firm",Private Equity,5000000.0,False,2017,CoveIoT
484,2017-11-08,TalentEdge,technology,Distance Education Learning Platform,Bengaluru,single_location,Lumis Partners,Private Equity,7600000.0,False,2017,TalentEdge
485,2017-11-08,Fisdom,finance,Mutual Fund Investment App,Bengaluru,single_location,Quona Capital Management,Private Equity,3000000.0,False,2017,Fisdom
486,2017-11-08,FarmLink,ecommerce,Online platform for Agricultural products,Mumbai,single_location,"Pioneering Ventures, Syngenta AG",Private Equity,3000000.0,False,2017,FarmLink
487,2017-11-08,OpenApp,technology,IoT based Tech Startup,Bengaluru,single_location,"Axilor Ventures, Kumar Vembu",Private Equity,3600000.0,False,2017,OpenApp
488,2017-11-09,NoPaperForms,technology,Enrolment Management Platform,Delhi,single_location,Info Edge,Seed,872000.0,False,2017,NoPaperForms
489,2017-11-09,Tilite Technologies Pvt. Ltd,technology,Saas based Corporate Travel Management Solution,Bengaluru,single_location,Matrix Partners,Seed,,False,2017,Tilite Technologies Pvt. Ltd
490,2017-11-09,Mobiliz AR,technology,Augmented Reality based Tech platform,Bengaluru,single_location,"IDG Ventures, IDFC-Parampara Fund",Private Equity,,False,2017,Mobiliz AR
491,2017-11-10,Qubole,technology,Big Data based analytics platform,Bengaluru,single_location,"Singtel, Innov8, Harmony Partners",Private Equity,25000000.0,False,2017,Qubole
492,2017-11-10,Happily Unmarried,ecommerce,Online Gifting platform,Nw Delhi,single_location,Wipro Consumer Care,Private Equity,,False,2017,Happily Unmarried
493,2017-11-13,Universal Sportsbiz Pvt. Ltd,ecommerce,Celebrity fashion accessories and merchandise,Mumbai,single_location,Accel Partners,Private Equity,15000000.0,False,2017,Universal Sportsbiz Pvt. Ltd
494,2017-11-14,Hungry Foal,ecommerce,Healthy & Nutrition based snacks online platform,Gurugram,single_location,GAIL India Ltd,Seed,,False,2017,Hungry Foal
495,2017-11-14,Active AI,technology,AI based FinTech platform,Bengaluru,single_location,Vertex Ventures,Private Equity,8250000.0,False,2017,Active AI
496,2017-11-15,Sumeru,technology,Banking Software License Platform,Bengaluru,single_location,Undisclosed Investors,Seed,900000.0,False,2017,Sumeru
497,2017-11-15,ElderAid Wellness,health care,Social Healthcare Enterprise,Bengaluru,single_location,Rugmini Menon,Seed / Angel,,False,2017,ElderAid Wellness
498,2017-11-15,Omnia Information,technology,WiFi Analytics Platform,Delhi,single_location,Omidyar Network,Private Equity,3000000.0,False,2017,Omnia Information
499,2017-11-15,Josh Talks,inspiration,Storytelling platform,Gurugram,single_location,"Girish Mathrubootham, Apurva Chamaria, Rohit Chanana",Private Equity,,False,2017,Josh Talks
500,2017-11-15,Reniso,technology,End-to-End property management for landlords living away,New Delhi,single_location,"Nishit Sharma, Alok Srivastava",Seed,,False,2017,Reniso
501,2017-11-17,Kanhaiya,inspiration,Storytelling platform,Hyderabad,single_location,Undisclosed Investors,Seed / Angel,200000.0,False,2017,Kanhaiya
502,2017-11-17,Perspectico,technology,Placement preparation and career growth training platform,Delhi,single_location,"SSCBS Innovation, Incubation Foundation (SIIF)",Seed / Angel,,False,2017,Perspectico
503,2017-11-20,ONN Bikes,technology,Self riding bike rental program,Mumbai,single_location,Z Nation Lab,Seed / Angel,692000.0,False,2017,ONN Bikes
504,2017-11-21,Rapido,technology,Bike and Taxi pooling online platform,Hyderabad,single_location,"Skycatcher Fund, Aravind Sanka",Seed / Angel,329230.0,False,2017,Rapido
505,2017-11-21,Heckyl,technology,Big Data Analytics Platform,Mumbai,single_location,"Notion Capital, IDG Ventures",Private Equity,2700000.0,False,2017,Heckyl
506,2017-11-21,Nuvepro,technology,Managed Cloud Environment Solutions,Mumbai,single_location,1Crowd,Seed / Angel,400000.0,False,2017,Nuvepro
507,2017-11-21,RedBook,technology,AI based pharmacy drugs insights platform,Mumbai,single_location,"Vida Ventures, Dr. Aniruddha Malpani",Seed / Angel,250000.0,False,2017,RedBook
508,2017-11-21,Portea,healthcare,Healthcare facilities at doorstep,Bengaluru,single_location,"Sabre Partners, MEMG CDC",Private Equity,26000000.0,False,2017,Portea
509,2017-11-21,Credit Mate,technology,Vehicle loan approval platform,Mumbai,single_location,Paytm,Private Equity,,False,2017,Credit Mate
510,2017-11-21,Epiq Capital,finance,Tech based investor firm,Mumbai,single_location,Global Institutional Investors,Private Equity,200000000.0,False,2017,Epiq Capital
511,2017-11-22,MiStay,technology,Online Hotel Reservation Platform,Bengaluru,single_location,Axilor Ventures,Seed / Angel,,False,2017,MiStay
512,2017-11-23,WittyFeed,storytelling,Viral Content and storytelling platform,Indore,single_location,Sandeep Aggarwal,Seed / Angel,,False,2017,WittyFeed
513,2017-11-24,IDG Ventures,finance,Venture Capitalist,Bengaluru,single_location,Uniliver Ventures,Private Equity,10000000.0,False,2017,IDG Ventures
514,2017-11-24,TempGo,technology,IoT and SaaS based transportation platform,Goa,single_location,Javelin StartupO Victory Fund,Seed / Angel,250000.0,False,2017,TempGo
515,2017-11-27,Edelweiss,finance,Diversified Financial,Mumbai,single_location,Undisclosed investors,Private Equity,270000000.0,False,2017,Edelweiss
516,2017-11-27,ERA,technology,Identity management platform,Mumbai,single_location,Amit Patni,Seed / Angel,39000.0,False,2017,ERA
517,2017-11-27,Smaaash,technology,Virtual Reality based gaming platform,Mumbai,single_location,Sixth Sense Ventures,Private Equity,3800000.0,False,2017,Smaaash
518,2017-11-28,Chumbak,lifestyle,Designer-led consumer products,Bengaluru,single_location,Gaja Capital,Private Equity,13000000.0,False,2017,Chumbak
519,2017-11-28,FR8,technology,Online Truck aggregator platform,Chennai,single_location,IFMR Capital,Debt,1500000.0,False,2017,FR8
520,2017-11-28,MobieFit,healthcare,Health and fitness based mobile App,Goa,single_location,"NB Ventures, MediAssist",Seed / Angel,1350000.0,False,2017,MobieFit
521,2017-11-28,Stanza Living,technology,Student accommodation platform,Delhi,single_location,"Matrix PArtners, Accel",Private Equity,2000000.0,False,2017,Stanza Living
522,2017-10-03,ChqBook,consumer internet,Home Loans Aggregation platform,Gurugram,single_location,"Startup Buddy, Apurva Chamaria,Sachin Arora, Bharat Gupta, Amit Manocha",Seed,,False,2017,ChqBook
523,2017-10-03,HomeCapital,consumer internet,Home Loan Down payment assistance program,Mumbai,single_location,Venture Catalysts,Seed,,False,2017,HomeCapital
524,2017-10-03,Ola Cabs,consumer internet,App based cab hailing services,Bengaluru,single_location,"Tencent, Softbank Group",Private Equity,110000000.0,False,2017,Ola
525,2017-10-04,Elanic,consumer internet,P2P platform for Fashion sales,Bengaluru,single_location,Digital Garage,Seed,,False,2017,Elanic
526,2017-10-04,CollPoll,consumer internet,Education collaboration platform,Bengaluru,single_location,Sprout Angels,Seed,306000.0,False,2017,CollPoll
527,2017-10-04,PhonePe,consumer internet,Digital Wallet,Bengaluru,single_location,Flipkart,Private Equity,38700000.0,False,2017,PhonePe
528,2017-10-05,Little Black Book,consumer internet,Local Recommendations and Discoveries Platform,New Delhi,single_location,"Blume Ventures, IDG Ventures & Indian Angel Network",Private Equity,1000000.0,False,2017,Little Black Book
529,2017-10-05,Oorjan,technology,rooftop solar platform,Mumbai,single_location,Globevestor,Seed,450000.0,False,2017,Oorjan
530,2017-10-05,Zefo,ecommerce,Ecommerce Portal for Used Goods,Bengaluru,single_location,"Sequoia India, Helion Venture Partners, Beenext",Private Equity,9200000.0,False,2017,Zefo
531,2017-10-06,Yaantra,ecommerce,Mobile repair and Refurbishment platform,New Delhi,single_location,Carpediem Capital,Private Equity,3100000.0,False,2017,Yaantra
532,2017-10-06,Farm Taaza,technology,Fresh Produce SCM company,Bengaluru,single_location,"Epsilon Venture Partners, Tara India Fund IV and others",Private Equity,8000000.0,False,2017,Farm Taaza
533,2017-10-06,Drivezy,consumer internet,Self Drive car and bike rental platform,Bengaluru,single_location,"Das Capital, Axan Partners, Das Capital and IT Farm",Private Equity,10000000.0,False,2017,Drivezy
534,2017-10-06,Slice Pay,consumer internet,Student Micro-financing platform,Bengaluru,single_location,"Das Capital, Simile Ventures",Private Equity,2000000.0,False,2017,Slice Pay
535,2017-10-09,Agrowave,technology,Agriculture Supply Chain management solutions,Gurugram,single_location,Daffodil Software,Seed,,False,2017,Agrowave
536,2017-10-09,MyGubbi,ecommerce,Home Interior Designing Seller,Bengaluru,single_location,"Firoze Irani, Vipul Parekh, Ananda Kallugadde, Rajesh K Murthy",Private Equity,2700000.0,False,2017,MyGubbi
537,2017-10-09,IBSFintech,technology,Treasury Risk Management Solution,Bengaluru,single_location,Shailesh Haribhakti,Seed,,False,2017,IBSFintech
538,2017-10-09,Letsservice,consumer internet,Auto Service Logistics & SAAS platform,Bengaluru,single_location,Aequs Group,Private Equity,,False,2017,Letsservice
539,2017-10-09,OneStepUp,technology,Education Technology platform,New Delhi,single_location,Orient BlackSwan,Seed,336000.0,False,2017,OneStepUp
540,2017-10-09,ThirdWatch,technology,AI-powered anti-fraud solutions,Gurugram,single_location,"Rahul Agarwalla, Keshav Sanghi, Batlivala & Karani Securities",Seed,,False,2017,ThirdWatch
541,2017-10-10,Parallel Dots,technology,AI-powered deep learning solutions,Gurugram,single_location,"Multipoint Capital,",Private Equity,1400000.0,False,2017,Parallel Dots
542,2017-10-10,Easy Diner,consumer internet,online restaurant reservation platform,Gurugram,single_location,Saama Capital and DSG Consumer Partners,Private Equity,4500000.0,False,2017,Easy Diner
543,2017-10-11,Meesho,ecommerce,Online Reseller Network,Bengaluru,single_location,"SAIF Partners, YCombinator, Venture Highway",Private Equity,3100000.0,False,2017,Meesho
544,2017-10-11,StanPlus,logistics,Medical Transportation Services,Hyderabad,single_location,KStart Capital,Private Equity,1100000.0,False,2017,StanPlus
545,2017-10-12,UCLID,technology,"Education Network for Institutions, teachers & Students",Hyderabad,single_location,Undisclosed investors,Seed,235000.0,False,2017,UCLID
546,2017-10-13,Policy Bazaar,consumer internet,Online insurance policy aggregator,Gurugram,single_location,"Wellington Management, DG Ventures India, True North",Private Equity,77000000.0,False,2017,Policy Bazaar
547,2017-10-13,Gapoon,consumer internet,home maintenance services platform,Bengaluru,single_location,"Vida Ventures, Snehal Mantri, Anshu Bahadur",Seed,250000.0,False,2017,Gapoon
548,2017-10-13,Chaayos,ecommerce,Online Chai ordering platform,Gurugram,single_location,Tiger Global Management,Private Equity,2000000.0,False,2017,Chaayos
549,2017-10-16,KrazyBee,consumer internet,Micro-lending platform,Bengaluru,single_location,"Xiaomi Technologies, Shunwei Capital",Private Equity,8000000.0,False,2017,KrazyBee
550,2017-10-16,Renew Buy,consumer internet,Online Insurance Aggregator,New Delhi,single_location,Amicus Capital,Private Equity,9200000.0,False,2017,Renew Buy
551,2017-10-17,Fingerlix,consumer internet,Food Ordering Portal,Bengaluru,single_location,"Accel Partners, Zephyr Peacock",Private Equity,7000000.0,False,2017,Fingerlix
552,2017-10-18,Bank Bazaar,consumer internet,Online Financial Marketplace,Chennai,single_location,Experian,Private Equity,7000000.0,False,2017,Bank Bazaar
553,2017-10-18,Hasura,technology,App building platform,Chennai,single_location,"Nexus, GREE Ventures",Private Equity,,False,2017,Hasura
554,2017-10-18,BlackBuck,logistics,B2B Logistics provider,Bengaluru,single_location,Innoven Capital,Private Equity,7700000.0,False,2017,BlackBuck
555,2017-10-18,LenDen Club,consumer internet,Online peer-to-peer lending platform,Mumbai,single_location,Undisclosed Investor,Seed,500000.0,False,2017,LenDen Club
556,2017-10-23,Toppr,consumer internet,Mobile based learning app,Mumbai,single_location,"SAIF Partners, Helion Ventures, FIL Capital Management",Private Equity,7000000.0,False,2017,Toppr
557,2017-10-23,RAW Pressery,food & beverage,Cold pressed Juice maker,Mumbai,single_location,"DSG Consumer Partners, Sequoia Capital, Saama Capital",Private Equity,6000000.0,False,2017,RAW Pressery
558,2017-10-23,Cashe,consumer internet,app-only lending platform,Mumbai,single_location,IFMR Capital,Debt,3100000.0,False,2017,Cashe
559,2017-10-23,Park Easy,consumer internet,Machine learning based parking discovery,Kolkata,single_location,Rockstart Accelerator,Seed,118000.0,False,2017,Park Easy
560,2017-10-24,TagBox,technology,Cold Chain monitoring solution,Bengaluru,single_location,"Indian Angel network, IAN Fund",Seed,,False,2017,TagBox
561,2017-10-24,FYRE,food & beverage,Herbal energy shot maker,Mumbai,single_location,Venture Catalysts,Seed,500000.0,False,2017,FYRE
562,2017-10-24,ZipLoan,consumer internet,SME lending platform,New Delhi,single_location,"Matrix Partners India, WaterBridge Ventures, Whiteboard Capital, Sarbvir Singh",Private Equity,3000000.0,False,2017,ZipLoan
563,2017-10-24,Skillenza,consumer internet,Online Learning Platform,Bengaluru,single_location,"Blume Ventures, Indian Angel Network",Seed,722000.0,False,2017,Skillenza
564,2017-10-24,Chevon,food & beverage,Frozen Meat provider,Mumbai,single_location,Greenfield Advisory,Private Equity,,False,2017,Chevon
565,2017-10-25,PropStory,consumer internet,Real Estate content portal,Gurugram,single_location,"Abhishek Bhatewara, Vivek Shah, Haitong Securities, Suraj Saharan, Paras Arora",Seed,,False,2017,PropStory
566,2017-10-25,SpotDraft,consumer internet,Contract Automation,Gurugram,single_location,"Hunch Ventures, Spiral Ventures, 500 Startups, Singapore Angel Network, Citrus Payments",Seed,550000.0,False,2017,SpotDraft
567,2017-10-26,Big Basket,ecommerce,Online Grocery portal,Bengaluru,single_location,Helion Ventures Partners,Private Equity,5000000.0,False,2017,Big Basket
568,2017-10-27,OfBusiness,technology,B2B Finance & Fulfilment Network,Gurugram,single_location,Kotak Mahindra Bank,Debt,3800000.0,False,2017,OfBusiness
569,2017-10-27,Olly Credit,technology,Credit + payment mobile app,New Delhi,single_location,"Incubate Fund, Sandesh Kirkire, Anand Kumar, Yogesh Chaudhary",Seed,,False,2017,Olly Credit
570,2017-10-28,CashFree,technology,Payments Platform for Marketplaces and Fintechs,New Delhi,single_location,Y Combinator,Seed,120000.0,False,2017,CashFree
571,2017-10-28,Ola Cabs,consumer internet,App based cab hailing services,Bengaluru,single_location,ANI Technologies Pvt. Ltd,Private Equity,7700000.0,False,2017,Ola
572,2017-10-30,GoldFarm,food & beverage,Agriculture Technology,Coimbatore,single_location,Mahindra & Mahindra and Infuse Ventures,Private Equity,2000000.0,False,2017,GoldFarm
573,2017-10-31,NetMeds,ecommerce,Online Pharmacy,Chennai,single_location,TannCam Investment & Sistema Asia Fund,Private Equity,14000000.0,False,2017,NetMeds
574,2017-10-31,MSE,finance,Equity Stock Exchange,Mumbai,single_location,"IL&FS, Trust Capital, Rosy Blue Securities, Radhakrishan Damani and Rakesh Jhunjhunwala",Private Equity,32000000.0,False,2017,MSE
575,2017-09-01,Aahaa Stores,ecommece,Online B2B store for office supplies,Chennai,single_location,YourNest Angel Fund,Private Equity,1000000.0,False,2017,Aahaa Stores
576,2017-09-01,MFine,consumer internet,Online Doctor Discovery platform,Bengaluru,single_location,"Stellaris Venture Partners, Mayur Abhaya, Rohit MA",Private Equity,1500000.0,False,2017,MFine
577,2017-09-01,Canvera,consumer internet,Online Photography platform,Mumbai,single_location,InfoEdge,Private Equity,1300000.0,False,2017,Canvera
578,2017-09-04,PrimaryIO,technology,Application Performance Acceleration,Pune,single_location,"Accel Partners, Exfinity Ventures, Partech Ventures",Private Equity,5600000.0,False,2017,PrimaryIO
579,2017-09-05,Shubh Loans,consumer internet,online lending platform,Bengaluru,single_location,"SRI Capital, BeeNext, Pravega Ventures",Private Equity,1500000.0,False,2017,Shubh Loans
580,2017-09-05,Nest Education,technology,EduTech Platform,Gurugram,single_location,"Michael and Susan Dell Foundation, Anand Mahindra",Seed,600000.0,False,2017,Nest Education
581,2017-09-06,Lending Kart,consumer internet,Online Lending Platform,Ahmedabad,single_location,"Bertelsmann India, Mayfield Capital, Saama Capital, Darrin Capital",Private Equity,10750000.0,False,2017,Lending Kart
582,2017-09-06,GoFro,consumer internet,Online travel booking platform,New Delhi,single_location,"HIS Co. Ltd, MakeMyTrip",Private Equity,10000000.0,False,2017,GoFro
583,2017-09-06,OncoStem,healthcare,Medical Diagnostic Solutions,Bengaluru,single_location,"Sequoia Capital India, Artiman Ventures",Private Equity,6000000.0,False,2017,OncoStem
584,2017-09-06,Power2SME,ecommerce,Buying Club for Small Businesses,Gurugram,single_location,"International Finance Corporation (IFC), Inventus Capital Partners, Accel Partners, Kalaari Capital, and Nandan Nilekani,",Private Equity,26000000.0,False,2017,Power2SME
585,2017-09-07,Credit Vidya,consumer internet,Online Credit scoring platform,Mumbai,single_location,Matrix Partners,Private Equity,5000000.0,False,2017,Credit Vidya
586,2017-09-07,Tails Life,consumer internet,Pet care portal & mobile app,Bengaluru,single_location,V Balakrishnan.,Private Equity,,False,2017,Tails Life
587,2017-09-07,OYO Rooms,consumer internet,Branded budget hotels marketplace,Gurugram,single_location,"SoftBank Group, Sequoia Capital India, Lightspeed Venture Partners, Greenoaks Capital, Hero Enterprise",Private Equity,250000000.0,False,2017,Oyo Rooms
588,2017-09-07,Early Salary,consumer internet,Online Unsecured Lending platform,Pune,single_location,IFMR Capital,Debt,780000.0,False,2017,Early Salary
589,2017-09-07,MamaEarth,ecommerce,online babycare products marketplace,Gurugram,single_location,Fireside Ventures,Seed,,False,2017,MamaEarth
590,2017-09-07,Seniority,ecommerce,Ecommerce portal for senior citizens,Pune,single_location,RPG Enterprises,Private Equity,1000000.0,False,2017,Seniority
591,2017-09-08,AYE Finance,consumer internet,Micro Lending Platform,New Delhi,single_location,"Triodos Investment Management,",Debt,6900000.0,False,2017,AYE Finance
592,2017-09-08,Farmizen,technology,Agre-Tech Mobile app,Bengaluru,single_location,"Venture Highway, Alok Mittal, Mohit Agarwal, Anuj Gupta,",Seed,,False,2017,Farmizen
593,2017-09-11,Ecom Express,logistics,Logistics Solutions provider,New Delhi,single_location,Warburg Pincus,Private Equity,30000000.0,False,2017,Ecom Express
594,2017-09-11,Call Health,consumer internet,Healthcare Services Aggregator,Hyderabad,single_location,"Sachin Tendulkar, P.V SIndhu, Pullela Gopichand",Private Equity,6200000.0,False,2017,Call Health
595,2017-09-12,Sattviko,ecommerce,Health Food etailer,New Delhi,single_location,"Raman Roy, Arvind Uppal, Sonu Bhasin, G Ravishankar",Seed,,False,2017,Sattviko
596,2017-09-12,3HCare,consumer internet,Healthcare services portal,New Delhi,single_location,Undisclosed Investor,Seed,100000.0,False,2017,3HCare
597,2017-09-12,Tonbo Imaging,technology,Imaging Technology for Armed Forces,Bengaluru,single_location,"WRV Capital, Qualcomm Ventures, Edelweiss Private Equity, Artiman Ventures",Private Equity,17000000.0,False,2017,Tonbo Imaging
598,2017-09-12,Get My Parking,consumer internet,Smart Parking Enabler,New Delhi,single_location,"IAN Fund, Beenext, Indian Angel Network",Private Equity,3000000.0,False,2017,Get My Parking
599,2017-09-13,WittyFeed,technology,Content marketing platform,Indore,single_location,"Anand Chandrasekaran, Apurva Chamaria, Ritesh Malik, Ashish Toshniwal, Ajeet Khurana",Seed,,False,2017,WittyFeed
600,2017-09-13,Glowroad,consumer internet,women focussed customer-to-customer reseller network,Bengaluru,single_location,"Accel Partners,",Private Equity,2000000.0,False,2017,Glowroad
601,2017-09-13,OYO Rooms,consumer internet,udget hotel marketplace,Gurugram,single_location,China Lodging Group,Private Equity,10000000.0,False,2017,Oyo Rooms
602,2017-09-13,Unacademy,consumer internet,Online learning platform,Mumbai,single_location,"Sequoia Capital India, SAIF Partners, Nexus Venture Partners and Blume Ventures,",Private Equity,11500000.0,False,2017,Unacademy
603,2017-09-13,Heterogenous,technology,Telecom & IoT platform,Chennai,single_location,"Chennai Angels, Keiretsu Forum & Others",Seed,780000.0,False,2017,Heterogenous
604,2017-09-14,Gurukul,consumer internet,co-working space provider,New Delhi,single_location,"Rohit Nanda, Rajit Nanda, Smarak Bhuyan, Sashwat Brahma,",Seed,,False,2017,Gurukul
605,2017-09-14,Smaaash,technology,Virtual Reality gaming and entertainment platform,Mumbai,single_location,ECL Finance,Private Equity,44000000.0,False,2017,Smaaash
606,2017-09-14,WheelStreet,consumer portal,Bike Rental Platform,Bengaluru,single_location,Y Combinator,Seed,120000.0,False,2017,WheelStreet
607,2017-09-14,Xprep,consumer internet,Online Tutoring Platform,New Delhi,single_location,"Rising Stars, Manish Amin, Pallav Pandey, Chavi Jafa",Private Equity,,False,2017,Xprep
608,2017-09-18,The Moms Co,ecommerce,Pregnancy & Baby Care product etailer,Gurugram,single_location,"DSG Consumer Partners, Saama Capital",Private Equity,1000000.0,False,2017,The Moms Co
609,2017-09-19,Noticeboard,technology,"mobile-first communication platform for on-field staff,",Bengaluru,single_location,"Shamik Sharma, Aprameya Radhakrishna",Seed,,False,2017,Noticeboard
610,2017-09-19,High Radius,technology,Integrated receivables software solutions,Hyderabad,single_location,Susquehanna Growth Equity LLC,Private Equity,50000000.0,False,2017,High Radius
611,2017-09-20,HWell24 Plus,healthcare,Technology-Empowered Healthcare Solutions,Mumbai,single_location,Undisclosed Investors,Seed,,False,2017,HWell24 Plus
612,2017-09-21,SaveBC,finance,financial services firm,Gaya,single_location,Incofin Investment Management.,Private Equity,6000000.0,False,2017,SaveBC
613,2017-09-21,Gaming Monk,consumer internet,E-sports platform,New Delhi,single_location,AdvantEdge,Private Equity,,False,2017,Gaming Monk
614,2017-09-21,91SpringBoard,consumer internet,Co-working spaces,New Delhi,single_location,"Sandway Investment Ltd, Pearl Brook Holdings, Silo Holdings and Al Nour",Private Equity,,False,2017,91SpringBoard
615,2017-09-21,Homergize,ecommerce,Home Furnishing & Building material marketplace,Bengaluru,single_location,LG Chandrasekhar,Private Equity,1000000.0,False,2017,Homergize
616,2017-09-22,Yatra.com,ecommerce,Online Travel Agency,Gurugram,single_location,InnoVen Capital India,Debt,15400000.0,False,2017,Yatra.com
617,2017-09-22,Ace Turtle,technology,Omni-channel web commerce solutions provider,Bengaluru,single_location,InnoVen Capital,Private Equity,,False,2017,Ace Turtle
618,2017-09-25,Vogo,consumer internet,Scooter Rental Platform,Bengaluru,single_location,AV Thomas Group,Seed,,False,2017,Vogo
619,2017-09-25,Synup,technology,SME Marketing Management Solution,Bengaluru,single_location,"Vertex Ventures, Prime Venture Partners.",Private Equity,6000000.0,False,2017,Synup
620,2017-09-25,Tinmen,consumer internet,Food Delivery platform,Hyderabad,single_location,Zomato Media Pvt. Ltd,Private Equity,,False,2017,Tinmen
621,2017-09-25,Cropin,technology,Crop Technology Solutions,Bengaluru,single_location,Beenext,Private Equity,,False,2017,Cropin
622,2017-09-25,Rapido,consumer internet,Bike Aggregator Mobile App,Bengaluru,single_location,Battery Road Digital Holdings LLC,Seed,422000.0,False,2017,Rapido
623,2017-09-25,Sportobuddy,consumer internet,Sports & Sport related equipment portal,Mumbai,single_location,Mehul Shah,Seed,150000.0,False,2017,Sportobuddy
624,2017-09-26,Credifiable,consumer internet,Online consumer lending platform,Bengaluru,single_location,Kae Capital,Private Equity,,False,2017,Credifiable
625,2017-09-26,Inclov,consumer internet,Matchmaking app for the differently abled,Gurugram,single_location,"Rajan Anandan, Jamil Khatri, Ravi Iyer, Raghav Bahl",Seed,,False,2017,Inclov
626,2017-09-26,Multibhashi,consumer internet,Language learning Mobile App,Bengaluru,single_location,"Aniruddha Malpani, Startup Oasis",Seed,,False,2017,Multibhashi
627,2017-09-27,Transerve,technology,Geospatial Technology-based SaaS solutions,Mumbai,single_location,"IL&FS Investment Managers, Omidyar Network.",Private Equity,1600000.0,False,2017,Transerve
628,2017-09-27,Fashalot,consumer internet,O2O fashion discovery platform,Gurugram,single_location,"Capillary Technologies, Whiteboard Capital, YourNest Angel Fund, Rajul Garg",Private Equity,,False,2017,Fashalot
629,2017-09-27,Pitstop,consumer internet,Car repair and Servicing Platform,Bengaluru,single_location,"Blume Ventures, Goldbell Group, Anurag Srivastava, Shailesh Rao, Amiya Pathak, Rajesh Yohanan and Rahul Garg",Private Equity,1000000.0,False,2017,Pitstop
630,2017-09-27,GoChoppers,consumer internet,Luxury Helicopter Tourism Services portal,Gurugram,single_location,"Rivergate Capital,",Seed,,False,2017,GoChoppers
631,2017-09-27,MyUpchar,consumer internet,Local Language Health Information portal,New Delhi,single_location,LetsVenture,Seed,300000.0,False,2017,MyUpchar
632,2017-09-28,Aadyah,technology,Defense Tech & Aerospace startup,Bengaluru,single_location,Keiretsu Forum,Private Equity,1000000.0,False,2017,Aadyah
633,2017-08-01,TouchKin,technology,Predictive Care Platform,Bengaluru,single_location,Kae Capital,Private Equity,1300000.0,False,2017,TouchKin
634,2017-08-02,Ethinos,technology,Digital Marketing Agency,Mumbai,single_location,Triton Investment Advisors,Private Equity,,False,2017,Ethinos
635,2017-08-02,Leverage Edu,consumer internet,Online platform for Higher Education Services,New Delhi,single_location,"Kashyap Deorah, Anand Sankeshwar, Deepak Jain, Sadashiva NT, Arjun Mehta, Satish Kaul, Anindya Ghose",Seed,,False,2017,Leverage Edu
636,2017-08-02,Zepo,consumer internet,DIY Ecommerce platform,Mumbai,single_location,"Kunal Shah, LetsVenture, Anupam Mittal, Hetal Sonpal",Seed,500000.0,False,2017,Zepo
637,2017-08-02,Click2Clinic,consumer internet,healthcare service aggregator,Hyderabad,single_location,"Narottam Thudi, Shireesh Palle",Seed,850000.0,False,2017,Click2Clinic
638,2017-08-03,SpeedBox,logistics,On-Demand Logistics Service provider,Mumbai,single_location,Cismat Cargo Services Pvt. Ltd.,Seed,300000.0,False,2017,SpeedBox
639,2017-08-03,Skill Connect,consumer internet,Recruitment Portal,Jaipur,single_location,Rajasthan Angel Investor Network,Seed,,False,2017,Skill Connect
640,2017-08-03,Chai Point,consumer internet,Tea Delivery Portal & offline stores,Bengaluru,single_location,"DSG Consumer Partners, Eight Roads Ventures India",Private Equity,,False,2017,Chai Point
641,2017-08-03,Zoctr,consumer internet,Health Products & Services Aggregator,Mumbai,single_location,SIDBI,Private Equity,,False,2017,Zoctr
642,2017-08-04,Lime Tray,technology,Restaurant Management Solutions,New Delhi,single_location,JSW Ventures,Private Equity,,False,2017,Lime Tray
643,2017-08-04,CoutLoot,ecommerce,Fashion Resale Marketplace,Mumbai,single_location,"Anuj Puri, Redcliffe Capital, Artha India Ventures, Siddharth Kothari, Apoorv Ranjan Sharma,",Seed,,False,2017,CoutLoot
644,2017-08-04,Box My Space,logistics,Warehouse Aggregator,Mumbai,single_location,"R. Jayakumar, Vaibhav Vohra, Aditya Vazirani, Rhea Vazirani, AVN Business Solutions, Dreamweaver Investments",Seed,,False,2017,Box My Space
645,2017-08-05,Curatio,healthcare,Skincare Speciality services,Chennai,single_location,Anicut Capital,Private Equity,,False,2017,Curatio
646,2017-08-08,New Castle Technologies,technology,Hospital Management Software,Chennai,single_location,Undisclosed investors,Seed,243000.0,False,2017,New Castle Technologies
647,2017-08-08,My Forex Eye,consumer internet,foreign exchange services,New Delhi,single_location,"Rahul Dev Kumar, Rajesh Mahajan, Ankit Sharma and others",Seed,220000.0,False,2017,My Forex Eye
648,2017-08-09,TruxApp,logistics,Mobile based Logistics Service,New Delhi,single_location,"Venugopal Dhoot, Ajay Bhatia, Tarun Khandelwal, Ganpat Singhvi, Mandhian family & Others",Seed,3100000.0,False,2017,TruxApp
649,2017-08-09,CroFarm,technology,Agriculture Supply Chain solutions,Gurugram,single_location,Factor[e] Ventures,Seed,783000.0,False,2017,CroFarm
650,2017-08-09,DoodhWala,consumer internet,Online milk delivery,Bengaluru,single_location,Tom Varkey,Seed,,False,2017,DoodhWala
651,2017-08-10,Stayabode,consumer internet,Co-Living space aggregator,Bengaluru,single_location,"Incubate Fund, Sanjay Shenoy, Mridul Upreti,",Private Equity,,False,2017,Stayabode
652,2017-08-11,Flipkart,ecommerce,Online Marketplace,Bengaluru,single_location,Softbank,Private Equity,2500000000.0,False,2017,Flipkart
653,2017-08-11,Moong Labs,technology,Mobile games developer,New Delhi,single_location,Nazara Games,Private Equity,,False,2017,Moong Labs
654,2017-08-11,Ola Cabs,consumer internet,App based cab aggregation Service,Gurugram,single_location,Tekne Capital Management,Private Equity,36000000.0,False,2017,Ola
655,2017-08-14,Sports Flashes,consumer internet,Sports Content Mobile App,New Delhi,single_location,"Bennett, Coleman and Company Ltd (BCCL),",Private Equity,,False,2017,Sports Flashes
656,2017-08-14,Digilend,technology,Personal Loans & EMI solutions platform,Mumbai,single_location,"InCred Finance, Fullerton India Credit Company Ltd",Seed,312000.0,False,2017,Digilend
657,2017-08-15,KNAB Finance,consumer internet,Unsecured Small Business Loans,Bengaluru,single_location,"InCred, Krishnakumar Natarajan, Ravi Bhardwaj",Seed,385000.0,False,2017,KNAB Finance
658,2017-08-17,Get Simpl,consumer internet,Payment Solution Mobile app,Mumbai,single_location,"Green Visor Capital LP II, IA Venture Strategies Fund II LP, Boillot Family Trust, Russell M Byrne, The Oliver R. Grace, Jr. Millennium Trust, SF Capital Investments LP",Seed,,False,2017,Get Simpl
659,2017-08-20,Rootefy,ecommerce,Building material online store,New Delhi,single_location,"Abhinav Gupta,",Seed,187000.0,False,2017,Rootefy
660,2017-08-21,Uniphore,technology,speech recognition startup,Chennai,single_location,IDG Ventures,Private Equity,6800000.0,False,2017,Uniphore
661,2017-08-21,Cerebroz,consumer internet,E-Tech platform,Vadodara,single_location,Undisclosed HNI's,Seed,734000.0,False,2017,Cerebroz
662,2017-08-22,Flochat,consumer internet,instant messaging platform,Mumbai,single_location,"iSquare Global,",Seed,,False,2017,Flochat
663,2017-08-22,EasyGov,consumer internet,Govt service application portal,Noida,single_location,"Social Alpha, Rajan Anandan, Rajeev Ahuja, Kshitij Arora",Seed,,False,2017,EasyGov
664,2017-08-23,Milk Basket,consumer internet,Online Grocery platform,Gurugram,single_location,Blume Ventures. Lenovo Capital and Incubator Group (LCIG),Seed,,False,2017,Milk Basket
665,2017-08-23,Dhruva,technology,Cloud data protection and management solutions,Pune,single_location,"Riverwood Capital, Sequoia Capital India, Nexus Venture Partners, Tenaya Capital",Private Equity,80000000.0,False,2017,Dhruva
666,2017-08-23,Bombay Shaving Company,ecommerce,Men Grooming product etailer,New Delhi,single_location,Fireside Ventures,Private Equity,2300000.0,False,2017,Bombay Shaving Company
667,2017-08-23,Awign,technology,Operations and manpower outsourcing,Bengaluru,single_location,"IIT Ropar, Imanpreet Singh Arora, Sidharth Rozario, Saurabh Abichandani, Shikhar Gupta,",Seed,,False,2017,Awign
668,2017-08-23,Indiez,technology,Software & Mobile app development platform,Bengaluru,single_location,Haresh Chawla,Seed,500000.0,False,2017,Indiez
669,2017-08-24,Ezetap,technology,mPOS solutions provider,Bengaluru,single_location,"JS Capital Management, Social Capital, Horizons Ventures,",Private Equity,16000000.0,False,2017,Ezetap
670,2017-08-25,Ink Monk,consumer internet,Online printing marketplace,Chennai,single_location,"VAMM Ventures, Raksul, Dena",Seed,750000.0,False,2017,Ink Monk
671,2017-08-25,Medinfi,consumer internet,Online Doctor Discovery Platform,Bengaluru,single_location,"PBS Srinivas, Vinod Martin,",Seed,125000.0,False,2017,Medinfi
672,2017-08-28,Mobikon,technology,Restaurant & Hotel CRM platform,Pune,single_location,"Sistema Asia Fund, C31 Ventures, Qualgro.",Private Equity,7000000.0,False,2017,Mobikon
673,2017-08-29,CureFit,consumer internet,End to End health and wellness platform.,Bengaluru,single_location,"Accel Partners, IDG Ventures, Kalaari Capital,  UC-RNT fund",Private Equity,25000000.0,False,2017,CureFit
674,2017-08-29,Doxper,technology,Healthtech IoT platform,Mumbai,single_location,"idal Health, growx ventures, Capier Investments, Globevestor & others",Seed,750000.0,False,2017,Doxper
675,2017-08-29,Fieldassist,technology,SAAS based sales force automation services,Gurugram,single_location,Small Industries Development Bank of India (SIDBI),Debt,,False,2017,Fieldassist
676,2017-08-30,Treebo,consumer internet,Budget Hotel Aggregator platform,Bengaluru,single_location,"Ward Ferry Management and Karst Peak Capital,",Private Equity,34000000.0,False,2017,Treebo
677,2017-08-30,MedGenome,technology,Genomics Research and Diagnostics Solutions,Bengaluru,single_location,"Sequoia India, Sofina s.a., Zodius Capital, Kris Gopalakrishnan, Lakshmi Narayanan,",Private Equity,30000000.0,False,2017,MedGenome
678,2017-07-01,Billion Loans,consumer internet,Peer to Peer Lending platform,Bengaluru,single_location,Reliance Corporate Advisory Services Ltd,Seed,1000000.0,False,2017,Billion Loans
679,2017-07-03,Ecolibriumenergy,technology,Energy management solutions provider,Ahmedabad,single_location,"Infuse Ventures, JLL",Private Equity,2600000.0,False,2017,Ecolibriumenergy
680,2017-07-04,Droom,ecommerce,Online marketplace for automobiles,Gurugram,single_location,"Asset Management (Asia) Ltd, Digital Garage Inc",Private Equity,20000000.0,False,2017,Droom
681,2017-07-05,Jumbotail,ecommerce,online marketplace for food and grocery,Bengaluru,single_location,"Kalaari Capital, Nexus India Capital Advisors",Private Equity,8500000.0,False,2017,Jumbotail
682,2017-07-05,Moglix,ecommerce,B2B marketplace for Industrial products,Noida,single_location,"International Finance Corporation, Rocketship, Accel Partners, Jungle Ventures, Shailesh Rao, Venture Highway",Private Equity,12000000.0,False,2017,Moglix
683,2017-07-05,Timesaverz,consumer internet,Hyperlocal home services provider,Mumbai,single_location,BCCL,Private Equity,1000000.0,False,2017,Timesaverz
684,2017-07-06,Minjar,technology,Cloud Solutions provider,Bengaluru,single_location,"Blume Ventures, Contrarian Capital India Partners, Emergent Ventures India, Pallav Nadhani, Ashish Gupta, Sharad Sharma, Sirion Labs",Seed,,False,2017,Minjar
685,2017-07-06,MyCity4kids,consumer internet,parenting blog and kids\\xe2\\x80\\x99 events discovery platform,Gurugram,single_location,,Seed,,False,2017,MyCity4kids
686,2017-07-07,Clip App,consumer internet,Digital Media Video platform,Bengaluru,single_location,"India Quotient, Shunwei Capital",Seed,1000000.0,False,2017,Clip App
687,2017-07-07,Upwardly.in,consumer internet,MF investment platform,Bengaluru,single_location,"Sreeram Iyer, Suvo Sarkar, Anita Gupta, Likemind Ventures",Seed,,False,2017,Upwardly.in
688,2017-07-10,Autorox.co,technology,Workshop Management Software Platform,Hyderabad,single_location,Mitsui & Co.,Private Equity,3000000.0,False,2017,Autorox.co
689,2017-07-11,Fabogo,consumer internet,Salon & Spa Aggregation & Discovery platform,Pune,single_location,Dunamis Ventures Pte Ltd,Private Equity,2250000.0,False,2017,Fabogo
690,2017-07-11,Flickstree,consumer internet,Video Content Discovery Platform,Mumbai,single_location,"Venture Catalysts, Sourav Ganguly, Ankit Aditya, Moksh Sports Ventures",Seed,464000.0,False,2017,Flickstree
691,2017-07-11,Design Cafe,consumer internet,Online Interior Design platform,Bengaluru,single_location,"Fireside Ventures, Apurva Salarpuria, Sidharth Pansari, Sprout Capital",Seed,,False,2017,Design Cafe
692,2017-07-12,Innoviti,technology,Digital payments solutions,Bengaluru,single_location,"SBI-FMO Fund, Bessemer Venture Partners, Catamaran Ventures",Private Equity,18500000.0,False,2017,Innoviti
693,2017-07-12,VDeliver,logistics,Door Step Delivery platform,Hyderabad,single_location,"Corvus Ventures, MAPE Advisory Group",Private Equity,,False,2017,VDeliver
694,2017-07-12,Bottr.me,technology,Chatbot creation tool,Bengaluru,single_location,"500 Startups, Purvi Capital, Rajan Anandan, Abhishek Gupta",Seed,,False,2017,Bottr.me
695,2017-07-12,Arcatron,technology,Next Gen Mobility device manufacturer,Pune,single_location,Indian Angel Network,Seed,,False,2017,Arcatron
696,2017-07-14,QwikSpec,technology,Construction site operations and analytics platform,Bengaluru,single_location,"Brigade Innovations LLP, TV Mohandas Pai, Suhail Rahman, Bobby Reddy, M George Oommen",Seed,540000.0,False,2017,QwikSpec
697,2017-07-14,Chumbak,ecommerce,Designer consumer products Marketplace,Bengaluru,single_location,Blacksoil Capital Pvt. Ltd,Private Equity,1700000.0,False,2017,Chumbak
698,2017-07-17,Increff,technology,Sales Solutions for Fashion Brands,Bengaluru,single_location,"Sequoia Capital, Grey Orange, Rajesh Ramaiah, Anshuman Das, Rishi Das",Seed,2000000.0,False,2017,Increff
699,2017-07-17,Vayana,technology,Enterprise Banking Solutions,Pune,single_location,"IDG Ventures India Advisors, Jungle Ventures",Private Equity,4000000.0,False,2017,Vayana
700,2017-07-18,MObiquest,technology,Mobile Services & Solutions,Noida,single_location,One97 Communication Ltd,Private Equity,,False,2017,MObiquest
701,2017-07-18,Ambee,consumer internet,Ambulance Aggregation Services,Hyderabad,single_location,"Uber Technologies Inc, Amaya Capital LLP",Seed,,False,2017,Ambee
702,2017-07-18,Ideal Insurance,consumer internet,Online Insurance platform,Kolkata,single_location,Xelpmoc,Seed,,False,2017,Ideal Insurance
703,2017-07-18,Hypernova Interactive,technology,Mobile games creator,Bengaluru,single_location,Kae Capital,Seed,,False,2017,Hypernova Interactive
704,2017-07-19,Rentomojo,consumer internet,Consumer Leasing Platform,Bengaluru,single_location,"ain Capital Ventures, Renaud Laplanche",Private Equity,10000000.0,False,2017,Rentomojo
705,2017-07-19,AirCTO,consumer internet,AI powered recruitment platform,Bengaluru,single_location,Francesco Cara,Seed,,False,2017,AirCTO
706,2017-07-19,Playablo,technology,Gamified Learning App,Bengaluru,single_location,ABI-Showatech (India) Ltd,Seed,600000.0,False,2017,Playablo
707,2017-07-20,Trupay,technology,Online payments platform,Gurugram,single_location,"Kae Capital, M&S Partners,",Seed,700000.0,False,2017,Trupay
708,2017-07-21,Brick2Wall,ecommerce,Online Marketplace for Construction Material,Gurugram,single_location,"Subramani Somasundaram, Sundeep Sahni, Mayank Mittal & Others",Seed,200000.0,False,2017,Brick2Wall
709,2017-07-21,FableStreet,ecommerce,Women Work wear etailer,New Delhi,single_location,"Harmeet Bajaj, Pameela P, Fusiontech Ventures & Others",Seed,,False,2017,FableStreet
710,2017-07-21,Monsoon Fintech,technology,Machine Learning Access platform,New Delhi,single_location,"Sunil Kalra, Aditya Singh, Rishi Srivastava, Rajan Anandan",Seed,,False,2017,Monsoon Fintech
711,2017-07-21,MonkeyBox,consumer internet,Healthy Food Delivery Platform,Bengaluru,single_location,"Blume Ventures, NB Ventures, Nspira",Seed,,False,2017,MonkeyBox
712,2017-07-25,Noticeboard,consumer internet,Mobile-first Enterprise communication platform,Bengaluru,single_location,"Stellaris Venture Partners,",Private Equity,1200000.0,False,2017,Noticeboard
713,2017-07-25,Byju\\xe2\\x80\\x99s,consumer internet,Mobile Learning App,Bengaluru,single_location,Tencent Holdings,Private Equity,35000000.0,False,2017,Byju\\xe2\\x80\\x99s
714,2017-07-26,Creator\\xe2\\x80\\x99s Gurukul,others,Co-Working Space Provider,New Delhi,single_location,Yuvraj Singh,Seed,,False,2017,Creator\\xe2\\x80\\x99s Gurukul
715,2017-07-26,Fab Hotels,consumer internet,Budget hotels brand & Aggregator Platform,New Delhi,single_location,Goldman Sachs,Private Equity,25000000.0,False,2017,Fab Hotels
716,2017-07-26,ThinkerBell,consumer internet,Assisted Learning Startup,Bengaluru,single_location,"Indian Angel Network, Anand Mahindra",Seed,200000.0,False,2017,ThinkerBell
717,2017-07-27,1mg,ecommerce,Online Pharmacy,Gurugram,single_location,"HBM Healthcare Investments, Maverick Capital Ventures, Sequoia India, Omidyar Network and Kae Capital",Private Equity,15000000.0,False,2017,1mg
718,2017-07-28,Jhakaas,consumer internet,App-based Aggregator of Offline Businesses,Mumbai,single_location,Amen Dhyllon,Seed,,False,2017,Jhakaas
719,2017-07-28,BigStylist,consumer internet,Beauty Services Marketplace,Mumbai,single_location,Info Edge (India) Ltd,Private Equity,1250000.0,False,2017,BigStylist
720,2017-07-28,Gympik.com,consumer internet,online marketplace for discovering fitness centres,Bengaluru,single_location,RoundGlass Partners,Seed,,False,2017,Gympik.com
721,2017-06-01,Tripeur,technology,Mobile based travel ERP platform,Bengaluru,single_location,"Grace Grace Techno Ventures LLP, Rajul Garg & Other undisclosed investors",Seed,,False,2017,Tripeur
722,2017-06-02,RentOnGo,ecommerce,"Online Marketplace for Renting Bikes, Electronics & Appliances",Bengaluru,single_location,TVS Motor Company,Seed,234000.0,False,2017,RentOnGo
723,2017-06-05,Goomo,consumer internet,Online Travel & Holiday Booking platform,Mumbai,single_location,Emerging India,Private Equity,50000000.0,False,2017,Goomo
724,2017-06-05,MaxMyWealth,consumer internet,Online Wealth Management & Savings platform,Mumbai,single_location,"lockchain ecosystem Global Advisors, Horseferry",Private Equity,,False,2017,MaxMyWealth
725,2017-06-06,Spinny,ecommerce,Online Used Car marketplace,Gurugram,single_location,"Blume Ventures, Indian Angel Network, Kunal Shah, Sandeep Tandon",Private Equity,1000000.0,False,2017,Spinny
726,2017-06-06,Healthbuds,consumer internet,Healthcare Discovery & booking platform,Kolkata,single_location,"Arun Patodia, Bharat Kedia",Seed,,False,2017,Healthbuds
727,2017-06-06,Ftcash,consumer internet,Mobile Payments platform,Mumbai,single_location,"500 Startups, IvyCap Ventures",Private Equity,,False,2017,Ftcash
728,2017-06-06,BHIVE Workspace,consumer internet,co-working spaces,Bengaluru,single_location,Blume Ventures,Private Equity,1200000.0,False,2017,BHIVE Workspace
729,2017-06-06,wayForward,consumer internet,Mobile app for Mental Health,New Delhi,single_location,"Harsh Mahajan, Farhan Naqvi, Sreepathy Viswanathan",Seed,1000000.0,False,2017,wayForward
730,2017-06-06,GyanDhan,consumer internet,Education Marketplace,New Delhi,single_location,Sundaram Finance Holdings,Private Equity,,False,2017,GyanDhan
731,2017-06-06,Hungry Foal,consumer internet,For profit Social Venture,Gurugram,single_location,SBI (Stand Up India Scheme),Private Equity,,False,2017,Hungry Foal
732,2017-06-07,ZipLoan,consumer internet,Online lending platform,New Delhi,single_location,WaterBridge Ventures,Seed,650000.0,False,2017,ZipLoan
733,2017-06-07,GrowFitter,consumer internet,health and fitness discovery platform,Mumbai,single_location,SQue Capital,Seed,600000.0,False,2017,GrowFitter
734,2017-06-08,Stratfit,consumer internet,Health coaching programs,Hyderabad,single_location,Bodhtree Consulting Limited,Seed,232000.0,False,2017,Stratfit
735,2017-06-08,Multiplier Solutions,technology,CRM Software for Healthcare space,Hyderabad,single_location,Norwest Venture Partners,Private Equity,1500000.0,False,2017,Multiplier Solutions
736,2017-06-08,ABI Health,technology,Unified Digital Health Platform,Bengaluru,single_location,Norwest Venture Partners,Private Equity,1500000.0,False,2017,ABI Health
737,2017-06-08,Stockal,consumer internet,App-based Investment advisory Services,Bengaluru,single_location,"Mohan Alexander, R. Natarajan, Vikrant Varshney, Amit Sinha",Seed,350000.0,False,2017,Stockal
738,2017-06-09,Guidoo,consumer internet,Travel & adventure planning platform,Mumbai,single_location,"Pawan Borle, Nirmal Singh, Manish Prasad, Vineet Varma, Nick Haulkoury, Abhai S. Rao",Seed,300000.0,False,2017,Guidoo
739,2017-06-09,eSahai.in,consumer internet,ambulance aggregator and medical taxi provider,Hyderabad,single_location,"Dr Ramesh Ayyala, Satya Muthyala",Seed,250000.0,False,2017,eSahai.in
740,2017-06-12,Loanmeet,consumer internet,Online peer-to-peer lending platform,Bengaluru,single_location,"Cao Yibin, Huang Wei, Madhusudan E,",Seed,,False,2017,Loanmeet
741,2017-06-12,LendingKart,consumer internet,Online Lending platform,Ahmedabad,single_location,Yes Bank,Debt,7800000.0,False,2017,LendingKart
742,2017-06-12,Boxx.ai,technology,Artificial Intelligence,Bengaluru,single_location,"Unicorn India Ventures, Venky Krishnakumar, Suresh Shankar, Vivek Bhargava",Private Equity,500000.0,False,2017,Boxx.ai
743,2017-06-12,PeeSafe.in,healthcare,Hygiene care product manufacturer,New Delhi,single_location,"Venture Catalysts, Alfa Capital, Green Shots Capital, Real Time Ventures",Private Equity,1000000.0,False,2017,PeeSafe.in
744,2017-06-12,Vista Rooms,consumer internet,Online rooms aggregation platform,Mumbai,single_location,"Artha India Ventures, Singularity Holdings, Rajan Anandan, Girish Mathrubootham",Seed,776000.0,False,2017,Vista Rooms
745,2017-06-12,CoverFox,consumer internet,Online insurance brokerage platform,Mumbai,single_location,Transamerica,Private Equity,15000000.0,False,2017,CoverFox
746,2017-06-13,HyperTrack,technology,Location tracking solutions,New Delhi,single_location,"Nexus Venture Partners, Founders Fund",Private Equity,,False,2017,HyperTrack
747,2017-06-13,Goodera,technology,CSR and sustainability management platform,Bengaluru,single_location,"Nexus Venture Partners, Omidyar Network",Private Equity,5500000.0,False,2017,Goodera
748,2017-06-13,Digit,technology,Tech driven Insurance platform,Bengaluru,single_location,Fairfax Holdings,Private Equity,,False,2017,Digit
749,2017-06-14,Ola,consumer internet,Cab Aggregation App,Bengaluru,single_location,Tekne Capital Management LLC,Private Equity,50000000.0,False,2017,Ola
750,2017-06-14,Vanitycask,consumer internet,Beauty products discovery platform,Mumbai,single_location,RB Investments,Seed,,False,2017,Vanitycask
751,2017-06-14,MrNeeds,consumer internet,Micro Food Delivery platform,Noida,single_location,undisclosed investors,Seed,500000.0,False,2017,MrNeeds
752,2017-06-15,MoneyTap,consumer internet,Money Lending platform,Bengaluru,single_location,"Sequoia India, NEA, Prime Venture Partners",Private Equity,12300000.0,False,2017,MoneyTap
753,2017-06-16,Goodbox,ecommerce,Mobile SAAS\\xc2\\xa0 ECommerce platform for SMEs,Bengaluru,single_location,"Nexus Venture Partners, Mekin Maheshwari",Private Equity,1000000.0,False,2017,Goodbox
754,2017-06-16,Fincash,consumer internet,Personal Finance platform,Mumbai,single_location,"Mohammed Khan, Sameer Narayan & Others",Seed,100000.0,False,2017,Fincash
755,2017-06-16,PortDesk,technology,Maritime Solutions,Noida,single_location,Alphard Maritime Group,Seed,2000000.0,False,2017,PortDesk
756,2017-06-16,EdgeFx,ecommerce,DIY project Kits seller,Hyderabad,single_location,"Cross Border Angels & Experts, Rajasthan Angel Innovators Network, The Chennai Angels",Seed,,False,2017,EdgeFx
757,2017-06-16,EazyDiner,consumer internet,Online Restaurant Reservation Platform,Gurugram,single_location,YouWeCan Ventures,Seed,,False,2017,EazyDiner
758,2017-06-16,HealthIntel,healthcare,Online Pharmacy,New Delhi,single_location,BLIP Initiatives,Seed,,False,2017,HealthIntel
759,2017-06-19,Unbxd,technology,Cloud-based product discovery platform,Bengaluru,single_location,Eight Roads Ventures,Private Equity,12500000.0,False,2017,Unbxd
760,2017-06-19,DarwinBox,technology,Enterprise human resources management platform,Hyderabad,single_location,"Lightspeed India Partners, Endiya Partners, 3one4 Capital Advisors LLP, Startupxseed Ventures LLP",Private Equity,4000000.0,False,2017,DarwinBox
761,2017-06-20,ForeverShop,consumer internet,Mobile based ecommerce platform,Bengaluru,single_location,91maker.com,Seed,300000.0,False,2017,ForeverShop
762,2017-06-20,Insider.in,consumer internet,Events Ticketing platform,Mumbai,single_location,Paytm,Private Equity,5200000.0,False,2017,Insider.in
763,2017-06-21,Fynd,ecommerce,Fashion etailer,Mumbai,single_location,"IIFL Seed Ventures, Kae Capital, FJ Labs, Singularity Ventures, GrowX, Tracxn Labs, Axis Capital",Private Equity,2400000.0,False,2017,Fynd
764,2017-06-21,Grow Fit,consumer internet,Health-Tech platform,Bengaluru,single_location,"Manipal Education and Medical Group (MEMG), SAR Group, The Grover Trust",Private Equity,4500000.0,False,2017,Grow Fit
765,2017-06-21,Fabulyst,technology,Artificial Intelligence based platform,Hyderabad,single_location,iBhubs,Seed,215000.0,False,2017,Fabulyst
766,2017-06-21,mSwipe,technology,Point-of-Sale services,Mumbai,single_location,"UC-RNT Fund, Matrix Partners, alcon Edge Capital, DSG Consumer Partners",Private Equity,31000000.0,False,2017,mSwipe
767,2017-06-21,OneAssist,consumer internet,Credit card fraud protection,Mumbai,single_location,Sequoia Capital,Private Equity,,False,2017,OneAssist
768,2017-06-22,Julia Computing,technology,Open Source Language for Data Science and Machine Learning,Bengaluru,single_location,"General Catalyst, Founder Collective",Private Equity,4600000.0,False,2017,Julia Computing
769,2017-06-22,Kissht,consumer internet,Consumer Lending platform,Mumbai,single_location,"Endiya Partners, Ventureast",Private Equity,2000000.0,False,2017,Kissht
770,2017-06-22,Explore Life traveling,consumer internet,Local homes booking platform,Bengaluru,single_location,"Mekin Maheshwari, Bharat Vijay, Krish Seshadri, Amar Arsikere",Seed,500000.0,False,2017,Explore Life traveling
771,2017-06-23,Loantap,consumer internet,Lending platform for salaried professionals,Mumbai,single_location,"Kae Capital, India Quotient, IFMR, and MAS Financial Services Ltd",Private Equity,4000000.0,False,2017,Loantap
772,2017-06-23,Voxweb,consumer internet,Mobile based social networking platform,Mumbai,single_location,Undisclosed investors,Seed,1000000.0,False,2017,Voxweb
773,2017-06-26,HUG Innovations,technology,Gesture based\\xc2\\xa0 Smartwatch manufacturer,Hyderabad,single_location,"Mohit Srivastav, Kishore Ganji, Venkat Vallabhaneni, Rajeev Menon",Private Equity,5000000.0,False,2017,HUG Innovations
774,2017-06-26,Flipkart,ecommerce,Online marketplace,Bengaluru,single_location,Naspers,Private Equity,71000000.0,False,2017,Flipkart
775,2017-06-26,V Resorts,consumer internet,Holiday & Vacation resort aggregator,Noida,single_location,"Seedfund, RB International",Private Equity,4000000.0,False,2017,V Resorts
776,2017-06-27,Stashfin,consumer internet,Personal Finance App,New Delhi,single_location,"Snow Leopard Ventures, Alto Partners",Private Equity,5000000.0,False,2017,Stashfin
777,2017-06-27,Formcept,consumer internet,Unified Data Analysis platform,Bengaluru,single_location,Gujarat Venture Finance Ltd,Private Equity,,False,2017,Formcept
778,2017-06-27,Spares Hub,ecommerce,Automobile parts marketplace,Pune,single_location,"The Chennai Angels, Anthill Scale Ventures, Esvee Technologies Inc, Inc95 Consulting",Seed,311000.0,False,2017,Spares Hub
779,2017-06-28,FiTraQ,consumer internet,Fitness Centre Discovery Platform,New Delhi,single_location,"Aparup Sengupta, Devendra Reddy,",Seed,,False,2017,FiTraQ
780,2017-06-28,Rubique,consumer internet,Online Marketplace for financial products,Mumbai,single_location,"Kalaari Capital, Udayan Goyal",Private Equity,3000000.0,False,2017,Rubique
781,2017-06-28,Niki.ai,consumer internet,AI Based Personal Assistant,Bengaluru,single_location,"SAP.iO, Unilazer Ventures",Private Equity,2000000.0,False,2017,Niki.ai
782,2017-06-29,Fitpass,consumer internet,Online Fitness Marketplace,New Delhi,single_location,"Abhinav Bindra, Gaurav Marya",Private Equity,1000000.0,False,2017,Fitpass
783,2017-06-29,ZingHR,technology,"digital employee solutions,",Mumbai,single_location,Zeta,Private Equity,,False,2017,ZingHR
784,2017-06-30,Tagos Design,technology,in-video discovery platform,Bengaluru,single_location,Undisclosed Investors,Private Equity,5000000.0,False,2017,Tagos Design
785,2017-06-30,UrbanClap,consumer internet,Mobile Services Marketplace,Gurugram,single_location,"Vy Capital, SAIF Partners, Accel Partner, Bessemer Venture Partners",Private Equity,21000000.0,False,2017,UrbanClap
786,2017-05-01,Ace2three,consumer internet,Online Rummy playing Website,Hyderabad,single_location,Clairvest Group,Private Equity,73700000.0,False,2017,Ace2three
787,2017-05-01,Power2SME,ecommerce,Buying portal for SMEs,Gurugram,single_location,International Finance Corporation,Private Equity,10000000.0,False,2017,Power2SME
788,2017-05-02,Innovapptive,technology,Enterprise Mobility Solutions,Hyderabad,single_location,Hyderabad Angels,Seed,1500000.0,False,2017,Innovapptive
789,2017-05-02,4tigo,logistics,Truck Network company,Bengaluru,single_location,"Accel Partners, Nandan Nilekani,",Private Equity,10000000.0,False,2017,4tigo
790,2017-05-02,SMECorner,consumer internet,Online Platform for small business loans,Mumbai,single_location,Dutch government fund,Private Equity,,False,2017,SMECorner
791,2017-05-02,ZippServe,consumer internet,Real estate risk assessment platform,Bengaluru,single_location,undisclosed investors,Seed,390000.0,False,2017,ZippServe
792,2017-05-03,Ola,consumer internet,Cab Aggregation App,Bengaluru,single_location,"Falcon Edge Capital,  Capital Advisers",Private Equity,104500000.0,False,2017,Ola
793,2017-05-03,Sumeru,technology,Software & Mobile development services,Bengaluru,single_location,undisclosed investors,Seed,1000000.0,False,2017,Sumeru
794,2017-05-04,Healthians,consumer internet,Online Diagnostics and wellness platform,New Delhi,single_location,"Asuka Holdings, YouWeCan Ventures, Beenext, Beenos, M&S Partners",Private Equity,,False,2017,Healthians
795,2017-05-05,HealthMir,consumer internet,AI-based health content platform,New Delhi,single_location,Nimit Panigrahi,Seed,,False,2017,HealthMir
796,2017-05-05,Uactive,consumer internet,Health-based social networking & discovery App,Mumbai,single_location,Hinduja family,Seed,,False,2017,Uactive
797,2017-05-05,i-lend,consumer internet,Peer-to-peer lending platform,Hyderabad,single_location,50K Ventures,Seed,,False,2017,i-lend
798,2017-05-05,Good Methods Global,technology,Cloud Based Practice Management Software,Trivandrum,single_location,Accel Partners,Private Equity,,False,2017,Good Methods Global
799,2017-05-05,Balance App,consumer internet,Money Savings & Management App,Bengaluru,single_location,Rainmatter,Seed,233000.0,False,2017,Balance App
800,2017-05-08,YepMe,ecommerce,Private Label Fashion etailer,Gurugram,single_location,"Rainbow Digital Services Pvt. Ltd, ILearnFinance Academy Pvt. Ltd.",Private Equity,700000.0,False,2017,YepMe
801,2017-05-08,Nightstay,consumer internet,Last minute hotel booking mobile app,New Delhi,single_location,"Indian Angels Network, LetsVenture",Seed,,False,2017,Nightstay
802,2017-05-08,Devourin,technology,Restaurant Automation Solution,Pune,single_location,Deepak Nathani,Seed,,False,2017,Devourin
803,2017-05-08,MyGreens,food & beverage,Cold-press Juices manufacturer,New Delhi,single_location,"Ajay Relan, LetsVenture",Seed,1000000.0,False,2017,MyGreens
804,2017-05-08,Ace Turtle,technology,Omni-Channel Platform,Bengaluru,single_location,"Vertex Ventures, C31 Ventures",Private Equity,5000000.0,False,2017,Ace Turtle
805,2017-05-08,CureFit,technology,Health-Tech Platform,Bengaluru,single_location,"Trifecta Capital Advisors LLP, Prathithi Investment Trust, RNT Capital, Gokul Rajaram, Aditya Agarwal, Ruchi Sanghvi & others",Private Equity,3200000.0,False,2017,CureFit
806,2017-05-09,Curie Labs,technology,Energy Analytics startup,New Delhi,single_location,Satoshi Studios,Seed,50000.0,False,2017,Curie Labs
807,2017-05-09,Uncanny Vision,technology,Computer Vision on Embedded Systems,Bengaluru,single_location,Anand Chandrasekaran,Seed,,False,2017,Uncanny Vision
808,2017-05-09,Anchanto,technology,Ecommerce Fulfilment and Technology Platform,Pune,single_location,Luxasia Group,Private Equity,,False,2017,Anchanto
809,2017-05-09,Sequretek,technology,IT Security & Data Management Services,Mumbai,single_location,"GVFL, Unicorn India Ventures",Private Equity,,False,2017,Sequretek
810,2017-05-10,Lucideus,technology,Cyber Security Startup,New Delhi,single_location,"Vellayan Subbiah, Jonathan Boutelle, Rajan Anandan,  Rahul Chawla, Salil Donde, Amit Ranjan, Govind Rajan & Others",Seed,,False,2017,Lucideus
811,2017-05-10,Vidooly,consumer internet,Video Intelligence platform,Noida,single_location,"Times Internet, GVFL",Private Equity,1400000.0,False,2017,Vidooly
812,2017-05-10,Shopclues,ecommerce,Online marketplace,Gurugram,single_location,InnoVen Capital,Private Equity,7700000.0,False,2017,Shopclues
813,2017-05-10,Fourth Ambit,consumer internet,Community Building platform,Bengaluru,single_location,1Crowd,Seed,600000.0,False,2017,Fourth Ambit
814,2017-05-10,Chymera VR,technology,Advertising Platform for Virtual Reality,Bengaluru,single_location,"Varsha Rao, Surojit Chatterjee, Nirav Choksi & Others",Seed,,False,2017,Chymera VR
815,2017-05-11,Early Salary,consumer internet,Online lending platform,Pune,single_location,"DG Ventures India, Dewan Housing Finance Corp",Private Equity,4000000.0,False,2017,Early Salary
816,2017-05-11,Book My Diamond,ecommerce,Diamond B2B eTailer,Mumbai,single_location,Chirag Nikunj Sheth & Others,Seed,,False,2017,Book My Diamond
817,2017-05-11,ION Energy,technology,Clean Tech Startup,Mumbai,single_location,"Aakrit Vaish, Swapan Rajdev, Sushill Jiwarajka",Seed,,False,2017,ION Energy
818,2017-05-12,Legal Raasta,consumer internet,Legal Services to SMEs & Individuals,New Delhi,single_location,Impanix Capital,Private Equity,5000000.0,False,2017,Legal Raasta
819,2017-05-12,Log 9 Materials,technology,NanoTech product developer,Bengaluru,single_location,GEMs,Seed,,False,2017,Log 9 Materials
820,2017-05-12,Remit Guru,consumer internet,Digital money transfer platform,Mumbai,single_location,"Infibeam, CCavenue",Private Equity,466000.0,False,2017,Remit Guru
821,2017-05-12,Aequm,ecommerce,Cloud ECommerce platform,Bengaluru,single_location,undisclosed investors,Seed,1000000.0,False,2017,Aequm
822,2017-05-15,Zapty,technology,Project Management tool,Bengaluru,single_location,IdeaSpring Capital,Seed,500000.0,False,2017,Zapty
823,2017-05-15,Vernacular.ai,technology,Multi-lingual AI Platform for Businesses,Bengaluru,single_location,Kstart Capital,Seed,,False,2017,Vernacular.ai
824,2017-05-16,Niki.ai,technology,AI-based chatbot,Bengaluru,single_location,SAP,Private Equity,,False,2017,Niki.ai
825,2017-05-16,Telr,technology,Online Payment Gateway,Mumbai,single_location,Innovations East,Private Equity,3000000.0,False,2017,Telr
826,2017-05-16,Fynd,ecommerce,Fashion ECommerce Portal,Mumbai,single_location,Rocketship,Private Equity,500000.0,False,2017,Fynd
827,2017-05-17,Genie,consumer internet,hyperlocal delivery and logistics mobile app,Chennai,single_location,undisclosed investors,Seed,250000.0,False,2017,Genie
828,2017-05-17,Paysense,consumer internet,Online Lending platform,Mumbai,single_location,Jungle Ventures,Private Equity,5300000.0,False,2017,Paysense
829,2017-05-18,The Good Life,ecommerce,Online Luxury Tea etailer,Mumbai,single_location,"Ayesha Takia Azmi, Abu Farhan Azmi",Seed,1000000.0,False,2017,The Good Life
830,2017-05-18,PumpKart,ecommerce,Online Water Pumps etailer,Chandigarh,single_location,Dr. Ritesh Malik,Seed,,False,2017,PumpKart
831,2017-05-18,Paytm,ecommerce,Mobile Wallet & ECommerce platform,Bengaluru,single_location,SoftBank Group,Private Equity,1400000000.0,False,2017,Paytm
832,2017-05-19,EzCred,consumer internet,Consumer Lending Platform,Bengaluru,single_location,"Dheeraj Pandey, Rajesh Yohannan, Akash Garg",Seed,1000000.0,False,2017,EzCred
833,2017-05-19,HealthSutra,food & beverage,Health Food Maker,Hyderabad,single_location,"Ankur Capital, Hyderabad Angels",Seed,,False,2017,HealthSutra
834,2017-05-20,YepMe,ecommerce,Private Fashion Brand etailer,New Delhi,single_location,Gokaldas Exports Ltd,Private Equity,,False,2017,YepMe
835,2017-05-22,Delhivery,logistics,ECommerce Logistics provider,New Delhi,single_location,Fosun International,Private Equity,30000000.0,False,2017,Delhivery
836,2017-05-22,ZipGrid,consumer internet,"Cashless, paperless solutions for Housing societies",Mumbai,single_location,"JLL, 1Crowd",Seed,500000.0,False,2017,ZipGrid
837,2017-05-23,TravelSpice,ecommerce,Travel ECommerce portal,Hyderabad,single_location,Eagle10 Ventures,Seed,,False,2017,TravelSpice
838,2017-05-23,Magicpin,consumer internet,Hyperlocal discovery platform,Gurugram,single_location,"Lightspeed Venture Partners, Vy Capital,",Private Equity,6600000.0,False,2017,Magicpin
839,2017-05-23,The Print,consumer internet,News Portal,New Delhi,single_location,"Ratan Tata, Nandan Nilekani, Uday Kotak, Vijay Shekhar Sharma, Kiran Mazumdar-Shaw, Rajiv C Mody",Seed,,False,2017,The Print
840,2017-05-23,Box8,consumer internet,Food Delivery Platform,Mumbai,single_location,Trifecta Capital,Private Equity,1000000.0,False,2017,Box8
841,2017-05-24,GenNext Students,consumer internet,Online Tutoring Services,Mumbai,single_location,Undisclosed Investors,Seed,580000.0,False,2017,GenNext Students
842,2017-05-25,Aye Finance,finance,Non-Banking Financial Company,Gurugram,single_location,Blue Orchard,Private Equity,8000000.0,False,2017,Aye Finance
843,2017-05-26,WhatsLoan,consumer internet,Online Lending mobile app,Bengaluru,single_location,Lahiri Music's family office,Seed,,False,2017,WhatsLoan
844,2017-05-29,Cube Consumer Services,consumer internet,Finance management Mobile app,Mumbai,single_location,,Seed,,False,2017,Cube Consumer Services
845,2017-05-29,Nivesh,consumer internet,Online MF investment platform,Noida,single_location,"PV Sahad, Sandeep Shroff, Rahul Gupta",Seed,,False,2017,Nivesh
846,2017-05-29,Wowflux,technology,image Processing solution,New Delhi,single_location,Undisclosed Investors,Seed,,False,2017,Wowflux
847,2017-05-29,Collateral Medical,ecommerce,Online Medical equipment supplier,Mumbai,single_location,Carpediem Capital,Private Equity,3500000.0,False,2017,Collateral Medical
848,2017-05-30,Loadshare,logistics,Express Logistics Network,Bengaluru,single_location,Matrix Partners,Seed,,False,2017,Loadshare
849,2017-05-30,SimpliLend,consumer internet,Online lending platform,New Delhi,single_location,Undisclosed Investors,Seed,,False,2017,SimpliLend
850,2017-05-30,Supr Daily,consumer internet,Subscription based delivery platform,Mumbai,single_location,"Soma Capital, Great Oaks Ventures, 122 West Ventures",Private Equity,1500000.0,False,2017,Supr Daily
851,2017-05-30,Swiggy,consumer internet,Online food delivery platform,Bengaluru,single_location,"Nasper, Accel India, SAIF Partners, Bessemer Venture Partners, Harmony Partners, Norwest Venture Partners",Private Equity,80000000.0,False,2017,Swiggy
852,2017-05-31,SastaSundar,ecommerce,Online Pharmacy,Kolkata,single_location,Rohto Pharmaceutical,Private Equity,5000000.0,False,2017,SastaSundar
853,2017-05-31,Magicpin,consumer internet,Hyperlocal Discovery\\xc2\\xa0 & Rewards platform,Gurugram,single_location,"Lightspeed India Partners, Waterbridge Ventures",Private Equity,7000000.0,False,2017,Magicpin
854,2017-04-01,Cashe,consumer internet,Online & Mobile based Lending platform,Mumbai,single_location,"Mathew Cyriac, Florintree Advisors,",Private Equity,3800000.0,False,2017,Cashe
855,2017-04-03,Eruditus,education,Executive Education Provider,Mumbai,single_location,Bertelsmann India,Private Equity,8200000.0,False,2017,Eruditus
856,2017-04-03,TestBook,consumer internet,Online Test Preparation Platform,Mumbai,single_location,Matrix Partners India,Private Equity,,False,2017,TestBook
857,2017-04-03,Healthcare at Home,healthcare,Home Healthcare Provider,Noida,single_location,Quadria Capital Advisors,Private Equity,40000000.0,False,2017,Healthcare at Home
858,2017-04-03,Tyre Express,technology,Enterprise IoT solutions For Tyre Performance,Mumbai,single_location,Rohitash Gupta,Seed,,False,2017,Tyre Express
859,2017-04-03,SmartCoin,consumer internet,Micro Lending platform,Bengaluru,single_location,Unicorn India Ventures & Others,Private Equity,,False,2017,SmartCoin
860,2017-04-04,WayCool,food & beverage,Fresh-Produce Distribution Platform,Chennai,single_location,Aspada Investments,Private Equity,2700000.0,False,2017,WayCool
861,2017-04-04,Perfios,technology,Fin-Tech Solutions,Bengaluru,single_location,Bessemer Venture Partners,Private Equity,6100000.0,False,2017,Perfios
862,2017-04-04,Whatfix,technology,Interactive Tech-Support Guides,Bengaluru,single_location,"Stellaris Venture Partners, Helion Venture Partners, Powerhouse Ventures, Gokul Rajaram, Girish Mathrubootham, Aneesh Reddy, Vispi Daver",Private Equity,3690000.0,False,2017,Whatfix
863,2017-04-04,ElastiRun,technology,App based Logistics & Distribution platform,Pune,single_location,"Kalaari Capital, Norwest Venture Partners",Private Equity,7000000.0,False,2017,ElastiRun
864,2017-04-04,Trukky,consumer internet,Online Truck Aggregator & Booking platform,Ahmedabad,single_location,"Keyur Joshi, Pavan Bakeri",Seed,500000.0,False,2017,Trukky
865,2017-04-04,Konsult App,consumer internet,App based Doctor Consulting platform,New Delhi,single_location,"Koen Bouwers, Lomesh Agarwal, Jeroen Mensen, Pablo van den Bosch & Others",Seed,500000.0,False,2017,Konsult App
866,2017-04-05,Credit Sudhaar,consumer internet,Credit Score Improvement platform,Mumbai,single_location,"Deepak Kulkarni, Sandeep Pangal",Seed,,False,2017,Credit Sudhaar
867,2017-04-05,Fingerlix,consumer internet,Food Delivery Platform,Mumbai,single_location,Zephyr Peacock India,Private Equity,3000000.0,False,2017,Fingerlix
868,2017-04-05,DataWeave,technology,Business Intelligence Solutions,Bengaluru,single_location,"FreakOut Group, Blume Ventures, Herb Madan, WaterBridge Ventures",Private Equity,,False,2017,DataWeave
869,2017-04-06,Medwell Ventures,healthcare,Home-Based Healthcare provider,Bengaluru,single_location,"Mahindra Partners, Eight Roads Ventures, F-Prime Capital Partners",Private Equity,21000000.0,False,2017,Medwell Ventures
870,2017-04-06,Mech Mocha,consumer internet,Mobile gaming startup,Bengaluru,single_location,"Accel Partners, Shunwei Capital",Private Equity,5000000.0,False,2017,Mech Mocha
871,2017-04-07,Startup Buddy,consumer internet,Startup Support Platform,Gurugram,single_location,"YouWeCan Ventures,",Seed,,False,2017,Startup Buddy
872,2017-04-07,QorQI,healthcare,Online Healthcare provider,Noida,single_location,Paytm,Seed,,False,2017,QorQI
873,2017-04-07,Twenty Two Motors,technology,Smart Scooter manufacturer,Gurugram,single_location,"Ishwar Singh,Farhaan Shabbir",Seed,,False,2017,Twenty Two Motors
874,2017-04-07,PharmEasy,ecommerce,Online Pharmacy,Mumbai,single_location,"Bessemer Venture Partners, Orios Venture Partners, Trifecta Capital,",Private Equity,18000000.0,False,2017,PharmEasy
875,2017-04-08,WonderChef,ecommerce,Online marketplace for kitchen products,Mumbai,single_location,Labruyere Eberlé,Private Equity,,False,2017,WonderChef
876,2017-04-08,FastFox,consumer internet,Online rental discovery platform,Gurugram,single_location,"Lightspeed India Partners, Blume Ventures, CyberAgent Ventures, GrowX Ventures, IMJ Investment Partners",Private Equity,4600000.0,False,2017,FastFox
877,2017-04-10,Omnify,technology,SaaS platform for SMEs,Bengaluru,single_location,"Rajan Anandan, L.D Sharma, Saurabh Arora",Seed,150000.0,False,2017,Omnify
878,2017-04-10,Capital Float,consumer internet,Online Lending Platform for SME,Bengaluru,single_location,Mahindra and Mahindra Financial Services,Private Equity,2300000.0,False,2017,Capital Float
879,2017-04-11,Ninjacart,ecommerce,B2B agri-marketing platform,Bengaluru,single_location,"Accel Partners, Nandan Nilekani's NRJN Trust, Mistletoe, Qualcomm Ventures, M&S Partners",Private Equity,5500000.0,False,2017,Ninjacart
880,2017-04-11,MergerWare,technology,Software solutions for M&As,Bengaluru,single_location,Philippe Bouchet,Seed,100000.0,False,2017,MergerWare
881,2017-04-11,Sports Flashes,consumer internet,Online Sports portal & Mobile app,New Delhi,single_location,"Sushil Kumar, Sandeep Singh",Seed,,False,2017,Sports Flashes
882,2017-04-12,Clovia,ecommerce,Online lingerie & Sleepwear etailer,New Delhi,single_location,"Ivycap Ventures Advisors, Singularity Ventures and Ravi Dhariwal",Private Equity,4000000.0,False,2017,Clovia
883,2017-04-12,Emiza,logistics,Third Party Logistics provider,Mumbai,single_location,"Mayfield, Nishant Rao, Dileep Nath",Private Equity,4500000.0,False,2017,Emiza
884,2017-04-12,HackerEarth,consumer internet,Online Skill Assessment Platform,Bengaluru,single_location,"DHI Group Inc, Prime Venture Partners, Beenext, Beenos, Digital Garage, BizReach",Private Equity,4500000.0,False,2017,HackerEarth
885,2017-04-12,Squadrun,technology,Software-As-a-Service Platform,Noida,single_location,"Blume Ventures, Contrarian Capital, 91springboard, Emergent Ventures, Abstract Ventures, Anthill Ventures, Axilor Ventures",Private Equity,2100000.0,False,2017,Squadrun
886,2017-04-12,Tinmen,consumer internet,Food Delivery Platform,Hyderabad,single_location,"MAPE Advisory Group, R Ramaraj, Corvus Ventures",Seed,,False,2017,Tinmen
887,2017-04-12,ScoutMyTrip,consumer internet,Online Travel planner,Mumbai,single_location,Z Nation Lab,Seed,,False,2017,ScoutMyTrip
888,2017-04-13,SafetyKart,ecommerce,Safety & Hygiene Products etailer,Gurugram,single_location,Redcliffe Capital,Private Equity,,False,2017,SafetyKart
889,2017-04-13,WeAreHolidays,consumer internet,Travel Packages & Planner marketplace,Gurugram,single_location,"Urrshila Kerkar,",Private Equity,7700000.0,False,2017,WeAreHolidays
890,2017-04-14,Ola Cabs,consumer internet,Cab Aggregator App,Bengaluru,single_location,SIMI Pacific Pte,Private Equity,260000000.0,False,2017,Ola
891,2017-04-15,Myly,consumer internet,Mobile App for Schools,Jaipur,single_location,mall Industries Development Bank of India (SIDBI),Seed,310000.0,False,2017,Myly
892,2017-04-17,CrediHealth,consumer internet,Online Medical Assistance platform,Gurugram,single_location,"Tolaram Inc, Mountain Pine Capital",Private Equity,1500000.0,False,2017,CrediHealth
893,2017-04-17,Navia Life Care,technology,Health Technology platform,New Delhi,single_location,Benori Ventures LLP,Seed,,False,2017,Navia Life Care
894,2017-04-17,Raw Pressery,food & beverages,Raw Pressed Juices manufacturer,Mumbai,single_location,Jacqueline Fernandez,Seed,,False,2017,Raw Pressery
895,2017-04-17,Snackible,food & beverages,Healthy Snacks manufacturer,Mumbai,single_location,"Nibhrant Shah, Anandbir Singh, Anirudh Sheth, Pratik Singhi, Vikram Mehta, Murali Nair",Seed,175000.0,False,2017,Snackible
896,2017-04-17,Be U Salons,consumer internet,Online Salon discovery & Booking Services,New Delhi,single_location,"Gaurav Kachru, Sundeep Singh Sahni, Jatin Aneja, Arun Malhotra",Seed,620000.0,False,2017,Be U Salons
897,2017-04-17,Simulanis,consumer internet,eLearning & Skills Development plat,New Delhi,single_location,Village Capital,Seed,,False,2017,Simulanis
898,2017-04-17,LendingKart,consumer internet,Lending platform for small businesses,Ahmedabad,single_location,Anicut Capital,Private Equity,4650000.0,False,2017,LendingKart
899,2017-04-18,Innefu Security Consulting,technology,Cyber Security solutions using AI,New Delhi,single_location,IndiaNivesh Venture Capital Fund,Private Equity,2000000.0,False,2017,Innefu Security Consulting
900,2017-04-18,Whodat,technology,Markerless AR platform,Bengaluru,single_location,Ideaspring Capital,Private Equity,600000.0,False,2017,Whodat
901,2017-04-18,Absentia VR,technology,Virtual Reality Startup,Bengaluru,single_location,Exfinity Venture Partners,Private Equity,1250000.0,False,2017,Absentia VR
902,2017-04-19,IOTrek,technology,IoT Platform for Bus,New Delhi,single_location,Undisclosed Investor,Seed,155000.0,False,2017,IOTrek
903,2017-04-20,HolaChef,consumer internet,Online Food Delivery,Mumbai,single_location,"SIDBI Venture Capital Ltd, Kalaari Capital",Private Equity,3000000.0,False,2017,HolaChef
904,2017-04-20,Wooplr,ecommerce,Social Commerce\\xc2\\xa0 Fashion platform,Bengaluru,single_location,Ankit Nagori,Private Equity,,False,2017,Wooplr
905,2017-04-21,Video Ken,consumer internet,Video Based Collaborative Learning,Bengaluru,single_location,"Ravi Garikipati, Surot Chatterjee, Ashish Agrawal, LG Chandrasekhar, Sashi Reddi",Seed,1000000.0,False,2017,Video Ken
906,2017-04-24,Faasos,food & beverage,QSR chain and online food delivery,Pune,single_location,"Ligthbox Ventures II, Lightbox Expansion Fund, Sequoia Capital India, RuNet South Asia, RB Investments",Private Equity,6300000.0,False,2017,Faasos
907,2017-04-24,Oyo Rooms,consumer internet,Branded Budget Hotels Aggregator,Gurugram,single_location,"SoftBank Vision Fund, Lightspeed Venture Partners, Sequoia Capital India Advisors, Greenoaks Capital Partners",Private Equity,250000000.0,False,2017,Oyo Rooms
908,2017-04-24,Toppr,consumer internet,Learning mobile app for students,Mumbai,single_location,WGG International,Private Equity,3200000.0,False,2017,Toppr
909,2017-04-24,Niramai,healthcare,Breast Cancer Screening Solutions,Bengaluru,single_location,"pi Ventures, Axilor Ventures, 500 Startups, Binny Bansal",Seed,,False,2017,Niramai
910,2017-04-25,The Office Pass,consumer internet,CoWorking Spaces booking platform,Gurugram,single_location,"Arun Tadanki, Aditya Verma",Seed,245000.0,False,2017,The Office Pass
911,2017-04-25,UrbanClap,consumer internet,Mobile Services Marketplace,Gurugram,single_location,Trifecta Capital,Private Equity,3100000.0,False,2017,UrbanClap
912,2017-04-26,Awfis,consumer internet,Collaborative co-Working Spaces,Mumbai,single_location,Sequoia India,Private Equity,20000000.0,False,2017,Awfis
913,2017-04-26,Myra,consumer internet,Online Pharmacy,Bengaluru,single_location,"Times Internet,Matrix Partners",Private Equity,,False,2017,Myra
914,2017-04-26,Flytxt,technology,Customer data analytics software,Mumbai,single_location,DAH Beteiligungs GmbH,Private Equity,11000000.0,False,2017,Flytxt
915,2017-04-26,Howdy Ventures,consumer internet,Public and Private Events creation app,Chennai,single_location,S. Xavier Britto,Seed,1500000.0,False,2017,Howdy Ventures
916,2017-04-26,StalkBuyLove,ecommerce,Online fashion marketplace,New Delhi,single_location,Trifecta Capital,Private Equity,1000000.0,False,2017,StalkBuyLove
917,2017-04-26,ZipGo,consumer internet,Bus Pooling services platform,Bengaluru,single_location,"Orios Ventures Partners, Team Builder Ventures, Omidyar Networks",Private Equity,,False,2017,ZipGo
918,2017-04-27,Scootsy,consumer internet,On-Demand Food Delivery,Mumbai,single_location,"Agnus Capital, Khattar Holdings",Private Equity,3600000.0,False,2017,Scootsy
919,2017-04-27,Autobix,technology,Software Solutions for Auto Dealership,Pune,single_location,GardX International,Seed,,False,2017,Autobix
920,2017-04-27,eShiksha,technology,Education Institution Management Solutions,Jaipur,single_location,Cross Border Angels & Experts,Seed,,False,2017,eShiksha
921,2017-04-27,iNurture,consumer internet,Online Educational courses,Bengaluru,single_location,BlackSoil Capital Pvt. Ltd,Private Equity,1500000.0,False,2017,iNurture
922,2017-04-28,Sepalika,consumer internet,Healthcare related content platform,New Delhi,single_location,Accel Partners,Seed,750000.0,False,2017,Sepalika
923,2017-04-28,Mintwalk,consumer internet,Financial advisory mobile app,Mumbai,single_location,Poshika Financial Ecosystem,Seed,,False,2017,Mintwalk
924,2017-04-29,Qriyo,consumer internet,Tutor Discovery & Booking platform,Jaipur,single_location,NB Ventures,Private Equity,,False,2017,Qriyo
925,2017-03-01,Ola,consumer internet,App based cab aggregator,Bengaluru,single_location,SoftBank Group Corp,Private Equity,330000000.0,False,2017,Ola
926,2017-03-01,Belong,consumer internet,Online Jon Portal,Bengaluru,single_location,Sequoia Capital India,Private Equity,10000000.0,False,2017,Belong
927,2017-03-01,Seenit,consumer internet,AI based Fashion Search Portal,Kolkata,single_location,"Calcutta Angels Network (CAN), Augment Ventures",Seed,,False,2017,Seenit
928,2017-03-01,Paalak,ecommerce,Fresh Produce Selling portal,New Delhi,single_location,"Vishwadeep Bajaj, Harsh Kundra, Nandkumar Rane, LN Buddharaju, Anupam Tyagi",Seed,,False,2017,Paalak
929,2017-03-02,Celes Care,consumer internet,Women Healthcare & Information portal,Hyderabad,single_location,"Ventureast, Endiya Partners, Eight Roads Ventures, F-Prime Capital Partners",Private Equity,1500000.0,False,2017,Celes Care
930,2017-03-02,Karomi,technology,Packaging Artwork Management software,Chennai,single_location,Ideaspring Capital,Seed,500000.0,False,2017,Karomi
931,2017-03-02,Red Carpet,consumer internet,Micro Lending platform,Gurugram,single_location,Lightspeed Venture Partners,Private Equity,2500000.0,False,2017,Red Carpet
932,2017-03-02,Kreate Konnect,technology,End-to-End Seller e-commerce solutions Provider,Vadodara,single_location,Langoor,Seed,,False,2017,Kreate Konnect
933,2017-03-02,CreditMantri,consumer internet,Online Credit score & lending platform,Chennai,single_location,Quona Capital,Private Equity,7600000.0,False,2017,CreditMantri
934,2017-03-03,Lets Endorse,consumer internet,Online Ecosystem of social innovators,Bengaluru,single_location,"Chandigarh Angels Network, Social Alpha and other unnamed angel investors",Seed,,False,2017,Lets Endorse
935,2017-03-03,Tydy,technology,Employee Onboarding and Engagement platform,Bengaluru,single_location,"Bhupen Shah, Jayesh Parekh, Sanjay Sathe",Seed,275000.0,False,2017,Tydy
936,2017-03-03,Nactus,consumer internet,Professional Tutors discovery & booking mobile app,Jaipur,single_location,"Sandeep Aggarwal, Gautam Chhaochharia, R Balachandar",Seed,,False,2017,Nactus
937,2017-03-03,Oho Shop,technology,eCommerce Mobile App Builder,Ahmedabad,single_location,"Bennett, Coleman and Company Ltd",Private Equity,6700000.0,False,2017,Oho Shop
938,2017-03-03,Emojifi,consumer internet,Mobile App for live emoji,Hyderabad,single_location,Undisclosed angel investors,Seed,,False,2017,Emojifi
939,2017-03-03,Paytm Marketplace,ecommerce,ECommerce Marketplace,Bengaluru,single_location,Alibaba,Private Equity,200000000.0,False,2017,Paytm Marketplace
940,2017-03-04,iGenetics,healthcare,Health Diagnostic Solutions,Mumbai,single_location,CDC Group Plc,Private Equity,19500000.0,False,2017,iGenetics
941,2017-03-06,Juno Clinic,consumer internet,Online Counseling Platform,Mumbai,single_location,Atul Nishar,Seed,1200000.0,False,2017,Juno Clinic
942,2017-03-06,Summerlabel,consumer internet,Fashion and Lifestyle discovery platform,Gurugram,single_location,"Aneesh Seth, Tushar Mittal",Seed,150000.0,False,2017,Summerlabel
943,2017-03-06,PickMe,consumer internet,Gadget Insurance & Repair Services platform,Mumbai,single_location,SIDBI Venture Capital Fund,Private Equity,1790000.0,False,2017,PickMe
944,2017-03-07,Agrostar,technology,Direct-to-Farmer Mobile-Based Retail platform,Pune,single_location,Accel Partners,Private Equity,10000000.0,False,2017,Agrostar
945,2017-03-07,Zapr,technology,"DSP, TV Analytics & Cross-Platform advertising",Bengaluru,single_location,Star India Pvt Ltd,Private Equity,10000000.0,False,2017,Zapr
946,2017-03-07,Data Resolve,technology,Cyber Security Solutions,Noida,single_location,IDFC Parampara Early Stage Opportunities Fund,Private Equity,1000000.0,False,2017,Data Resolve
947,2017-03-07,Book Servicing,consumer internet,Online Vehicle Services Booking platform,New Delhi,single_location,National Science and Technology Entrepreneurship Development Board,Seed,30000.0,False,2017,Book Servicing
948,2017-03-07,Blowhorn,consumer internet,Intra-City Logistics provider,Bengaluru,single_location,"IDG Ventures India, Michael & Susan Dell Foundation, Draper Associates, Unitus Seed Fund",Private Equity,3650000.0,False,2017,Blowhorn
949,2017-03-08,Rivigo,logistics,Technology Enabled Logistics Company,Gurugram,single_location,Private Sector Banks (Debt Funding),Private Equity,15000000.0,False,2017,Rivigo
950,2017-03-08,PipeCandy,technology,Intelligent Sales Prospecting Platform,Chennai,single_location,"IDG ventures, Axilor Ventures, Emergent Ventures, Indian Angel Network",Seed,1100000.0,False,2017,PipeCandy
951,2017-03-08,Supr Daily,consumer internet,Subscription based Home Delivery Platform,Mumbai,single_location,Y Combinator,Seed,120000.0,False,2017,Supr Daily
952,2017-03-08,Parentune,consumer internet,Online Community for Parents,Gurugram,single_location,"Kae Capital, SEGNEL Ventures",Private Equity,,False,2017,Parentune
953,2017-03-09,AppBrowzer,consumer internet,Instant Mobile Apps Store,Bengaluru,single_location,Deepak Gurnani,Seed,500000.0,False,2017,AppBrowzer
954,2017-03-09,MagicBricks,consumer internet,Online Real Estate Portal,Mumbai,single_location,Times Internet Ltd,Private Equity,4500000.0,False,2017,MagicBricks
955,2017-03-10,PeeBuddy,healthcare,Female Hygiene product manufacturer,New Delhi,single_location,Indian Angel Network,Seed,443000.0,False,2017,PeeBuddy
956,2017-03-10,iOrderFresh,ecommerce,Online fresh fruits and grocery store,New Delhi,single_location,Singapore Angel Network,Seed,,False,2017,iOrderFresh
957,2017-03-10,Lavelle Networks,technology,SDN Solutions,Bengaluru,single_location,Ideaspring Capital,Seed,600000.0,False,2017,Lavelle Networks
958,2017-03-10,PropertyShare,consumer internet,Fractional Proerty Ownership & Rental platform,Bengaluru,single_location,"Asuka, Pravega Ventures, BEENEXT",Seed,,False,2017,PropertyShare
959,2017-03-14,MyDermacy,consumer internet,Online Dermatology consultation platform,New Delhi,single_location,Cyber Carrier,Private Equity,,False,2017,MyDermacy
960,2017-03-15,LatestOne,ecommerce,Tech Accessories e-tailer,Hyderabad,single_location,"Florintree, Mathew Cyriac, Chidambaram Palaniappan, Bharat Sheth",Private Equity,3350000.0,False,2017,LatestOne
961,2017-03-15,Frapperz,consumer internet,On-demand home services provider,Kolkata,single_location,Undisclosed Investor,Seed,100000.0,False,2017,Frapperz
962,2017-03-16,mPaani,consumer internet,Loyalty rewards app,Mumbai,single_location,"IDG Ventures, Blume Ventures, Saha Fund,",Private Equity,1350000.0,False,2017,mPaani
963,2017-03-16,ShilpMIS,technology,Virtual Reality platform,Surat,single_location,"Puneet Gupta, Nimitt Desai & Others",Seed,,False,2017,ShilpMIS
964,2017-03-16,POPxo,consumer internet,Digital Media publication for women,New Delhi,single_location,"GREE Ventures, Kalaari Capital and IDG Ventures India, Summit Media, Atul Goel, and Gurpreet Singh",Private Equity,3100000.0,False,2017,POPxo
965,2017-03-16,Fitso,consumer internet,Fitness Mobile App,Gurugram,single_location,"Sujeet Kumar, Bhupender Singh, Yashish Dhaiya",Seed,200000.0,False,2017,Fitso
966,2017-03-17,FarMart,technology,Farming rental equipment provider,Gurugram,single_location,Indian Angel Network,Seed,,False,2017,FarMart
967,2017-03-21,Flipkart,ecommerce,ECommerce Marketplace,Bengaluru,single_location,"Microsoft, eBay, Tencent Holdings",Private Equity,1400000000.0,False,2017,Flipkart
968,2017-03-21,Airpay,technology,Online payment Gateway,Mumbai,single_location,"Kalaari Capital, Rakesh and Rajesh Jhunjhunwala",Private Equity,3670000.0,False,2017,Airpay
969,2017-03-21,MyGlamm,consumer internet,On-Demand Beauty Services,Mumbai,single_location,L'Occitane,Private Equity,5300000.0,False,2017,MyGlamm
970,2017-03-22,The Mons Co.,ecommerce,Pregnancy & Baby Care etailer,New Delhi,single_location,"Shripad Nadkarni, Nandu Nandkishore",Seed,,False,2017,The Mons Co.
971,2017-03-22,Haqdarshak,consumer internet,Tech-Enabled Social Enterprise,Bengaluru,single_location,"Ravi Saxena, Sandeep Raju,",Seed,191000.0,False,2017,Haqdarshak
972,2017-03-23,Ixigo,consumer internet,Online Travel Search Engine,Gurugram,single_location,"Sequoia Capital, Kinzon Capital",Private Equity,15000000.0,False,2017,Ixigo
973,2017-03-23,Markets and Markets,technology,Marketing Research Company,Pune,single_location,"FTV Capital, Zodius Capital",Private Equity,56000000.0,False,2017,Markets and Markets
974,2017-03-24,Bizom,technology,supply chain automation platform,Bengaluru,single_location,Ojas Ventures,Seed,382000.0,False,2017,Bizom
975,2017-03-24,BabyonBoard,consumer internet,Parenting Mobile App,Bengaluru,single_location,"Mahavir Sharma, Vishal Jain, Rohit Sethi, Gaurav Luniya",Seed,,False,2017,BabyonBoard
976,2017-03-24,Delhivery,technology,Tech enabled Fulfilment & Logistics Solutions,New Delhi,single_location,"Carlyle Group, Tiger Global",Private Equity,100000000.0,False,2017,Delhivery
977,2017-03-27,Sport Flashes,consumer internet,Sports Based Online Media portal,New Delhi,single_location,"Vikas Bajaj, Amit Kharbanda,",Seed,,False,2017,Sport Flashes
978,2017-03-28,Fynd,ecommerce,Online fashion marketplace,Mumbai,single_location,Venture Catalysts,Private Equity,500000.0,False,2017,Fynd
979,2017-03-28,Wigzo,technology,Enterprise Automation suite,New Delhi,single_location,3one4 capital,Private Equity,,False,2017,Wigzo
980,2017-03-28,DoneThing,consumer internet,On-demand Personal Assistant service,Gurugram,single_location,Brand Capital,Private Equity,300000.0,False,2017,DoneThing
981,2017-03-29,Zapyle,ecommerce,Luxury Fashion Marketplace,Bengaluru,single_location,Undisclosed Investors,Seed,,False,2017,Zapyle
982,2017-03-29,Ithaka,consumer internet,Vacation Trip Planning platform,Mumbai,single_location,"Ankit Gupta, Puneet Motihar",Seed,325000.0,False,2017,Ithaka
983,2017-03-29,perpule,ecommerce,Self-Checkout ECommerce App,Bengaluru,single_location,KStart Capital,Seed,650000.0,False,2017,perpule
984,2017-03-29,Byju\\xe2\\x80\\x99s,consumer internet,Online Education Platform,Bengaluru,single_location,Verlinvest,Private Equity,,False,2017,Byju\\xe2\\x80\\x99s
985,2017-03-29,Licious,ecommerce,Online Meat Ordering platform,Bengaluru,single_location,"Mayfield India, 3one4 Capital, Sistema Asia Fund, Neoplux Technology Fund",Private Equity,10000000.0,False,2017,Licious
986,2017-03-29,Medinfi,consumer internet,Doctor & Hospital search Platform,Bengaluru,single_location,"Vinod Martin, Hemant Kaul, Prof. Ram Kumar Kakani & Others",Seed,50000.0,False,2017,Medinfi
987,2017-03-30,Indus OS,technology,Mobile OS creator,Mumbai,single_location,"JSW Ventures, VenturEast",Private Equity,,False,2017,Indus OS
988,2017-03-30,Emflux Motors,technology,Electric Motorcycle manufacturer,Bengaluru,single_location,"Meher Roy, Nikhil Arora, Meet Kanodia, Krit Sankalp, Nitish Singh, Risabh Gupta",Seed,,False,2017,Emflux Motors
989,2017-03-30,Klinic App,consumer internet,Pathology & Diagnostic Tests Portal,Gurugram,single_location,Om Chaudhry,Seed,,False,2017,Klinic App
990,2017-03-31,Jhakaas,consumer internet,Offline Business Aggregator App,Mumbai,single_location,"Malini Patel, Stelcore Management Services, Anjani Prasad",Seed,155000.0,False,2017,Jhakaas
991,2017-03-31,Oriano Solar,technology,Turnkey Solar Solutions,Mumbai,single_location,Samridhi Fund,Private Equity,3000000.0,False,2017,Oriano Solar
992,2017-03-31,BigBasket,ecommerce,Online Grocer,Bengaluru,single_location,Trifecta Capital,Private Equity,7000000.0,False,2017,BigBasket
993,2017-03-31,Rooter,consumer internet,Sports engagement platform,New Delhi,single_location,Intex Technologies,Private Equity,,False,2017,Rooter
994,2017-03-31,FalconBrick,technology,Real-Estate Workflow mobile app,Bengaluru,single_location,"Satveer Thakral, LetsVenture, Mumbai Angels",Seed,,False,2017,FalconBrick
995,2017-03-31,Icertis,technology,ERP solutions provider,Pune,single_location,"B Capital Group, Ignition Partners, Greycroft, e.ventures,  Eight Roads Ventures",Private Equity,25000000.0,False,2017,Icertis
996,2017-02-02,Clodura,technology,Intelligent Sales Assistant,Pune,single_location,Undisclosed Investors,Seed,,False,2017,Clodura
997,2017-02-03,Stockroom.io,consumer internet,Curated Platform for Developers,Hyderabad,single_location,"Satya D Sinha, Gyanendra Singh",Seed,,False,2017,Stockroom.io
998,2017-02-06,Capital Float,consumer internet,Online lending platform,Bengaluru,single_location,IFMR Capital Finance,Private Equity,2500000.0,False,2017,Capital Float
999,2017-02-06,iManageMyHotel,technology,Hotel Management Solution,Kolkata,single_location,Jaarvis Accelerator,Seed,,False,2017,iManageMyHotel
1000,2017-02-07,Inner Hour,consumer internet,Online Counselling Platform,Mumbai,single_location,"Batlivala & Karani Securities, Venture Works",Seed,450000.0,False,2017,Inner Hour
1001,2017-02-07,Travel Triangle,consumer internet,Online travel agent marketplace,Noida,single_location,"RB Investments, SAIF Partners, Bessemer Venture Partners",Private Equity,10000000.0,False,2017,Travel Triangle
1002,2017-02-08,Wandertrails,consumer internet,"Online Travel, Adventure & Activities Portal",Bengaluru,single_location,Earlsfield Capital,Seed,1000000.0,False,2017,Wandertrails
1003,2017-02-08,Zenatix,technology,IoT Based Energy Monitoring & Control,Gurugram,single_location,"pi Ventures, Blume Ventures",Private Equity,1200000.0,False,2017,Zenatix
1004,2017-02-08,Cartrade,consumer internet,Automobile Classifieds Portal,Mumbai,single_location,Temasek Holdings,Private Equity,55000000.0,False,2017,Cartrade
1005,2017-02-08,MindYourFleet,technology,Car Rental Software Solutions,Noida,single_location,"Japan Vyas, Tarun Adlakha",Seed,,False,2017,MindYourFleet
1006,2017-02-08,Edurev,consumer internet,Online Education Portal,Gurugram,single_location,Facebook FB Start programme,Seed,40000.0,False,2017,Edurev
1007,2017-02-09,Voonik,ecommerce,Women Apparel & Lifestyle etailer,Bengaluru,single_location,"RB Investments, Sequoia Capital",Private Equity,6000000.0,False,2017,Voonik
1008,2017-02-09,1Crowd,finance,Startup Crowd-funding platform,Mumbai,single_location,Ganesh Natarajan,Seed,,False,2017,1Crowd
1009,2017-02-09,Wooplr,ecommerce,Women Fashion Portal,Bengaluru,single_location,"Sistema Asia Fund, Amereus Group, Helion Ventures",Private Equity,8000000.0,False,2017,Wooplr
1010,2017-02-10,48East,ecommerce,Online Food Delivery Platform,Bengaluru,single_location,Al Dhaheri family,Private Equity,500000.0,False,2017,48East
1011,2017-02-10,Redesyn,consumer internet,Tech Enabler for Artists,Mumbai,single_location,ThinQbate,Seed,,False,2017,Redesyn
1012,2017-02-13,Sigtuple,technology,Medical Automation platform,Bengaluru,single_location,"Accel Partners, IDG Ventures, Endiya Partners, pi Ventures, VH Capital, Axilor Partners",Private Equity,5800000.0,False,2017,Sigtuple
1013,2017-02-13,Flutura,technology,Decision Sciences Analytics Solutions,Bengaluru,single_location,"Vertex Ventures, Lumis Partners",Private Equity,7500000.0,False,2017,Flutura
1014,2017-02-13,Wassup,consumer internet,On Demand Laundry & Dry Cleaning Services,Chennai,single_location,Anil Jain & other HNIs,Private Equity,3200000.0,False,2017,Wassup
1015,2017-02-13,Better Mortgage,consumer internet,Mortgage Offering Platform,Gurugram,single_location,"Kleiner Perkins, Goldman Sachs, Pine Brook",Private Equity,15000000.0,False,2017,Better Mortgage
1016,2017-02-13,Nurturey,consumer internet,Parenting Mobile App,New Delhi,single_location,Mohit Joshi & Others,Seed,330000.0,False,2017,Nurturey
1017,2017-02-13,Fyle,technology,Expense Management Solution,Bengaluru,single_location,Pravega Ventures,Seed,400000.0,False,2017,Fyle
1018,2017-02-14,GoBumpr,consumer internet,Online Bike & Car Services provider,Chennai,single_location,"Mahalingam K, Girish Mathrubootham",Seed,300000.0,False,2017,GoBumpr
1019,2017-02-14,CCAvenue,consumer internet,Online Payment Gateway,Mumbai,single_location,Infibeam,Private Equity,22400000.0,False,2017,CCAvenue
1020,2017-02-14,Connaizen,technology,Data Analytics platform,New Delhi,single_location,Vikram Sud,Seed,,False,2017,Connaizen
1021,2017-02-15,Innov8,consumer internet,Co-Working Space Platform,New Delhi,single_location,"Vijay Shekhar Sharma, Rajan Anandan, Kunal Shah, Girish Mathrubootham, Punit Soni, Anand Chandrasekaran, Sunil Kalra, Utsav Somani, Vishal Gondal, Vikram Limaye",Seed,,False,2017,Innov8
1022,2017-02-15,ZestMoney,consumer internet,Online Consumer Lending platform,Bengaluru,single_location,"PayU, Ribbit Capital, Omidyar Network",Private Equity,6500000.0,False,2017,ZestMoney
1023,2017-02-15,AirZaar,technology,Drone operations management platform,Missourie,single_location,Quake Capital,Seed,350000.0,False,2017,AirZaar
1024,2017-02-16,Truebil,consumer internet,Online Marketplace for Used Cars,Mumbai,single_location,Shunwei Capital,Private Equity,3000000.0,False,2017,Truebil
1025,2017-02-16,YourStory,consumer internet,Online Media,Bengaluru,single_location,"Kalaari Capital Partners, Qualcomm, 3ONE4 Capital Advisors, UC-RNT",Private Equity,3000000.0,False,2017,YourStory
1026,2017-02-17,Imaginate,technology,AR & VR platform,Hyderabad,single_location,SRI Capital,Seed,500000.0,False,2017,Imaginate
1027,2017-02-17,The Ken,consumer internet,Online Media Platform,Bengaluru,single_location,"Aprameya Radhakrishna, Deepak Natraj, Girish Mathrubootham, Mahesh Murthy, Pallav Nadhani, Pavan Ongole, Sandeep Mathur, Vijay Shekhar Sharma & Others",Seed,400000.0,False,2017,The Ken
1028,2017-02-17,Urban Ladder,ecommerce,Online Furniture Store,Bengaluru,single_location,"Kalaari Capital, SAIF Partners, Steadview Capital, Sequoia Capital",Private Equity,15200000.0,False,2017,Urban Ladder
1029,2017-02-17,Aisle,consumer internet,Online match-making app,Bengaluru,single_location,"Konglo Ventures, White Unicorn Ventures, LetsVenture",Seed,,False,2017,Aisle
1030,2017-02-17,TownScript,consumer internet,DIY event registration and ticketing portal,Pune,single_location,BookMyShow,Private Equity,,False,2017,TownScript
1031,2017-02-17,Leopetra,ecommerce,Solution provider for pet needs,Mumbai,single_location,Facebook FBStart,Seed,40000.0,False,2017,Leopetra
1032,2017-02-18,Blood n Care,consumer internet,First Aid care app,Gurugram,single_location,Facebook FBStart,Seed,40000.0,False,2017,Blood n Care
1033,2017-02-20,Flipkart,ecommerce,Online Marketplace,Bengaluru,single_location,"Bennett, Coleman and Co. Ltd (BCCL)",Private Equity,38700000.0,False,2017,Flipkart
1034,2017-02-21,True Balance,consumer internet,Mobile balance Checking App,Gurugram,single_location,"Softbank Ventures Korea, IMM Investment",Private Equity,15000000.0,False,2017,True Balance
1035,2017-02-22,Vebbler,consumer internet,Photo Sharing for Groups,Bengaluru,single_location,Facebook FBStart,Seed,40000.0,False,2017,Vebbler
1036,2017-02-23,Get My Parking,consumer internet,Smart Parking Platform,New Delhi,single_location,"Indian Angel Network (IAN), BEENEXT, The Chennai Angels, Sunil Munjal",Private Equity,1100000.0,False,2017,Get My Parking
1037,2017-02-23,Lets Reap,consumer internet,B2B Mobile App for Pharmacies,Mumbai,single_location,"Kunal Shah, Sandeep Tandon, Nitin Saluja, Gagan Goyal",Seed,,False,2017,Lets Reap
1038,2017-02-24,Oglas,consumer internet,Mobile Advertising App,Noida,single_location,"Pankaj Rungta, Yogesh Agarwal",Seed,,False,2017,Oglas
1039,2017-02-27,Staydobe,consumer internet,Co-Living Spaces Aggregator,Bengaluru,single_location,Ishan Manaktala,Seed,,False,2017,Staydobe
1040,2017-02-27,Biryani By Kilo,consumer internet,Online Food Ordering & Delivery Portal,Gurugram,single_location,"Chandigarh Angels, Ashish Gupta, Rohit, Ashish Chand, Sunil Singh & Others",Seed,375000.0,False,2017,Biryani By Kilo
1041,2017-02-27,Johari Shop,ecommerce,Online Jewellery etailer,Bengaluru,single_location,Undisclosed Investors,Seed,94000.0,False,2017,Johari Shop
1042,2017-02-28,NeoStencil,consumer internet,Live Online Coaching Classes,New Delhi,single_location,"Brand Capital, Paragon Trust",Private Equity,1000000.0,False,2017,NeoStencil
1043,2017-02-28,Blackbuck,logistics,Online freight aggregator,Bengaluru,single_location,"Sands Capital, IFC, Accel Partners, Flipkart, Sanjiv Rangrass",Private Equity,70000000.0,False,2017,Blackbuck
1044,2017-01-02,TaxSutra,consumer internet,Online Tax Filing platform,Pune,single_location,"TV Mohandas Pai, V Balakrishnan, PV Srinivasan",Seed,366000.0,False,2017,TaxSutra
1045,2017-01-03,TempoGo,technology,IoT & SAAS Solutions for Transportation Industry,Panaji,single_location,K2 Capital,Seed,825000.0,False,2017,TempoGo
1046,2017-01-03,GoFynd,ecommerce,Fashion ecommerce portal,Mumbai,single_location,"Anand Chandrasekaran, Rajiv Mehta, Ramakant Sharma",Seed,,False,2017,GoFynd
1047,2017-01-03,Vow Car Clinic,consumer internet,Online/App Based Car cleaning service provider,Gurugram,single_location,Vishal Malik,Seed,,False,2017,Vow Car Clinic
1048,2017-01-04,LearnTron,technology,Blended Learning Delivery App for Schools & Corporates,Chennai,single_location,Kae Capital,Seed,,False,2017,LearnTron
1049,2017-01-05,MobiDent,consumer internet,Dentist Appointments booking platform,Bengaluru,single_location,DanGold Investment Corp,Private Equity,,False,2017,MobiDent
1050,2017-01-05,Yostra,technology,Healthcare Technology Solutions,Bengaluru,single_location,"Marico Innovation Foundation (MIF), Villgro",Private Equity,,False,2017,Yostra
1051,2017-01-06,Leap India,logistics,Supply Chain Solutions Provider,Mumbai,single_location,"India Nivesh Growth Fund, Sixth Sense, TCI Ventures",Private Equity,13000000.0,False,2017,Leap India
1052,2017-01-07,FreeCharge,consumer internet,Mobile Wallet,Mumbai,single_location,Jasper Infotech Pvt Ltd,Private Equity,57000000.0,False,2017,FreeCharge
1053,2017-01-09,TicketNew,consumer internet,Movie Ticket Booking platform,Chennai,single_location,Alibaba Pictures,Private Equity,35000000.0,False,2017,TicketNew
1054,2017-01-10,Intelligence Node,technology,SAAS Based Retail Analytics Solutions,Mumbai,single_location,BlackSoil Capital Pvt Ltd,Private Equity,800000.0,False,2017,Intelligence Node
1055,2017-01-10,Securens,technology,e-surveillance services provider,Mumbai,single_location,"Mayfield India, Trifecta Capital",Private Equity,5000000.0,False,2017,Securens
1056,2017-01-10,Loan Frame,consumer internet,Small Business Loans Marketplace platform,Gurugram,single_location,"Vedanta Capital, William Campbell, Toos N Daruvala",Private Equity,2250000.0,False,2017,Loan Frame
1057,2017-01-10,DriveSkool,consumer internet,online marketplace for driving schools,Bengaluru,single_location,Aavya Ventures,Seed,,False,2017,DriveSkool
1058,2017-01-10,Medinfi,consumer internet,Doctor & Clinic Discovery portal,Bengaluru,single_location,"Vinod Martin, Evan Lim, Kanchan Ghoshal, Ram Kumar Kakani",Seed,100000.0,False,2017,Medinfi
1059,2017-01-10,LensKart,ecommerce,Online eyewear retailer,Bengaluru,single_location,Ronnie Screwvala,Private Equity,3500000.0,False,2017,LensKart
1060,2017-01-11,InstaOffice,consumer internet,CoWorking Spaces booking platform,Gurugram,single_location,"Zishaan Hayath, Karan Chellani, Mohit Satyan",Seed,,False,2017,InstaOffice
1061,2017-01-12,Hansel.io,consumer internet,Real-time Mobile App Management Platform,Bengaluru,single_location,"IDG Ventures, Endiya Partners",Private Equity,1350000.0,False,2017,Hansel.io
1062,2017-01-12,Square Yards,consumer internet,Property Search Aggregator platform,Gurugram,single_location,"Lohia Group, Andre Hoffman",Private Equity,10000000.0,False,2017,Square Yards
1063,2017-01-13,Roambee,technology,IoT smart Logistics and Asset Management Company,Mumbai,single_location,Deutsche Telekom Strategic Investments & Others,Private Equity,4100000.0,False,2017,Roambee
1064,2017-01-13,PaisaWapas,consumer internet,Cashback & Coupons platform,Bengaluru,single_location,Vividhity Ventures,Seed,,False,2017,PaisaWapas
1065,2017-01-13,iService,consumer internet,Gadgets Repair & Service Booking platform,Bengaluru,single_location,"Blume Ventures, Girish Mathrubootham, Aprameya Radhakrishna",Seed,440000.0,False,2017,iService
1066,2017-01-14,Unacademy,consumer internet,Online learning platform,Bengaluru,single_location,"Nexus Venture Partners, Blume Ventures",Private Equity,4500000.0,False,2017,Unacademy
1067,2017-01-14,SecururAX,technology,Cloud-based solutions provider,Bengaluru,single_location,"Axilor Ventures, Parampara Early Stage Opportunities Fund & Others",Private Equity,,False,2017,SecururAX
1068,2017-01-16,Leadburg,consumer internet,Personality Development Mobile App,Bengaluru,single_location,"Harsh V. Pant, Ratheesh Raveendran",Seed,,False,2017,Leadburg
1069,2017-01-16,ZoloStays,consumer internet,Branded PG Accomodation booking platform,Bengaluru,single_location,"Nexus Venture Partners, Innoven Capital",Private Equity,5000000.0,False,2017,ZoloStays
1070,2017-01-16,Oi Media,technology,SAAS Based Media Marketing platform,New Delhi,single_location,Quarizon,Seed,,False,2017,Oi Media
1071,2017-01-16,HipCouch,consumer internet,Custom & Modular Furniture platform,Mumbai,single_location,Undisclosed Investors,Seed,700000.0,False,2017,HipCouch
1072,2017-01-17,Curiositi,consumer internet,Online Learning Platform,Bengaluru,single_location,"Menterra Social Impact Fund, Unitus Seed Fund",Private Equity,800000.0,False,2017,Curiositi
1073,2017-01-17,TinyStep,consumer internet,Parenting Info & Social Network,Bengaluru,single_location,Flipkart,Private Equity,2000000.0,False,2017,TinyStep
1074,2017-01-17,Practo,consumer internet,Online Healthcare platform,Bengaluru,single_location,"Tencent,  ru-Net, RSI Fund, Thrive Capital",Private Equity,55000000.0,False,2017,Practo
1075,2017-01-17,Ketchupp,consumer internet,Food Discovery Platform,New Delhi,single_location,India Quotient and others,Seed,441000.0,False,2017,Ketchupp
1076,2017-01-17,Hoopy,consumer internet,Online Car Service Platform,Gwalior,single_location,undisclosed investors,Seed,500000.0,False,2017,Hoopy
1077,2017-01-17,Ezytruk,consumer internet,Logistics and truck aggregator platform,Bengaluru,single_location,"Ajith Nair, Anish K",Seed,147000.0,False,2017,Ezytruk
1078,2017-01-18,Kratikal,technology,Cyber Security Solution provider,New Delhi,single_location,"Amajit Gupta, Praveen Dubey, J.P. Bhatt",Seed,,False,2017,Kratikal
1079,2017-01-18,Direct Create,ecommerce,B2B Marketplace for Handicrafts,Gurugram,single_location,Rajasthan Venture Capital Fund,Seed,,False,2017,Direct Create
1080,2017-01-18,Vahdam Teas,ecommerce,Online Tea etailer,New Delhi,single_location,"Mumbai Angels Network, Fireside Ventures, Singapore Angel Network",Seed,650000.0,False,2017,Vahdam Teas
1081,2017-01-18,Qwikspec,technology,Cloud-based construction,Bengaluru,single_location,Undisclosed Investors,Seed,300000.0,False,2017,Qwikspec
1082,2017-01-19,PParke,consumer internet,Parking Solutions mobile app,Bengaluru,single_location,SB Ventures,Seed,,False,2017,PParke
1083,2017-01-19,Weddingz.in,consumer internet,Online Marketplace for Wedding Venues and vendors,Mumbai,single_location,Singularity Ventures,Private Equity,1000000.0,False,2017,Weddingz.in
1084,2017-01-19,Native Special,ecommerce,Indian Sweets & Snacks etailer,Karur,single_location,"Indian Angel Network, Native Angels Network",Seed,,False,2017,Native Special
1085,2017-01-19,Fitnapp,consumer internet,Fitness Mobile App,Noida,single_location,SD Group,Private Equity,,False,2017,Fitnapp
1086,2017-01-20,Ethosh,technology,Visual and Interactive communications Solutions,Pune,single_location,Deepak Nathani,Seed,,False,2017,Ethosh
1087,2017-01-20,Wydr,ecommerce,B2B Wholesale Marketplace in India,Gurugram,single_location,"Bessemer Venture Partners, Stellaris Venture Partners, Jungle Venture Partners, Axis Capital",Private Equity,,False,2017,Wydr
1088,2017-01-20,Tyre Express,technology,IoT platform for Tyre Performance management & tracking,Mumbai,single_location,IvyCamp Ventures,Seed,,False,2017,Tyre Express
1089,2017-01-20,Connaizen,technology,Data Analytics platform,New Delhi,single_location,Umang Moondra,Seed,,False,2017,Connaizen
1090,2017-01-22,MessaGif,consumer internet,social messaging platform,New Delhi,single_location,Undisclosed investor,Seed,50000.0,False,2017,MessaGif
1091,2017-01-23,SmartHi,technology,Audit automation Solutions,Pune,single_location,Singapore based investor,Seed,,False,2017,SmartHi
1092,2017-01-23,CRON Systems,technology,Border Intrusion Alert Solutions,New Delhi,single_location,YourNest Fund II,Seed,,False,2017,CRON Systems
1093,2017-01-23,CueMath,technology,Maths Learning program,New Delhi,single_location,"CapitalG, Sequoia India",Private Equity,15000000.0,False,2017,CueMath
1094,2017-01-23,ChipperSage,technology,Online learning platform,Bengaluru,single_location,India Educational Investment Fund,Seed,,False,2017,ChipperSage
1095,2017-01-24,SelectJobs,consumer internet,Online Job portal,Mumbai,single_location,India Educational Investment Fund,Seed,,False,2017,SelectJobs
1096,2017-01-24,Khel Now,consumer internet,Mobile-based Social Platform for Sports,Bengaluru,single_location,Indochine International,Private Equity,500000.0,False,2017,Khel Now
1097,2017-01-24,NowFloats,consumer internet,Platform to take businesses online,Hyderabad,single_location,"Iron Pillar and IIFL, Blume Ventures, Omidyar Network",Private Equity,10000000.0,False,2017,NowFloats
1098,2017-01-24,Lets Transport,consumer internet,Online transport vehicle booking platform,Bengaluru,single_location,"GMO Japan, Neelesh Bhatnagar",Private Equity,4000000.0,False,2017,Lets Transport
1099,2017-01-24,BetaOut,technology,ECommerce Marketing Software,Noida,single_location,East Ventures & Others,Private Equity,,False,2017,BetaOut
1100,2017-01-25,Wishberry,consumer internet,Crowdfunding Platform,Mumbai,single_location,"Sharad Sharma, Rajan Anandan,  Amit Ranjan, Alok Mittal & others",Seed,,False,2017,Wishberry
1101,2017-01-25,RML Agtech,technology,Agri Decision Support Solution for farmers,Pune,single_location,IvyCap Ventures,Private Equity,4000000.0,False,2017,RML Agtech
1102,2017-01-25,LoyaltyPrime,technology,Loyalty program management solutions,New Delhi,single_location,"Senovo, Unternehmertum Venture Capital, Alexander Bruehl",Private Equity,,False,2017,LoyaltyPrime
1103,2017-01-25,InstaSafe,technology,Security-as-a-Service solution provider,Bengaluru,single_location,ABM Knowledgeware,Private Equity,2200000.0,False,2017,InstaSafe
1104,2017-01-25,Infibeam,ecommerce,eCommerce Marketplace,Ahmedabad,single_location,"Bennett, Coleman and Company Ltd",Private Equity,8800000.0,False,2017,Infibeam
1105,2017-01-02,99Games,technology,Mobile Game Developer Studio,Udupi,single_location,Dream Incubator,Seed,,False,2017,99Games
1106,2017-01-26,AirMed Labs,consumer internet,Health Tests Booking platform & ePharmacy,Ahmedabad,single_location,Brand Capital,Private Equity,1400000.0,False,2017,AirMed Labs
1107,2017-01-26,99PerHour,consumer internet,Hyper-local Handyman Service provider,Chennai,single_location,V Aanand R,Seed,300000.0,False,2017,99PerHour
1108,2017-01-26,Kochi Post,consumer internet,English Online News portal,Kochi,single_location,"Rajesh Yohannan, Puthen & Cole",Seed,,False,2017,Kochi Post
1109,2017-01-30,Intuit Things,technology,IoT solutions for home automation applications,Mumbai,single_location,Sanjay Mehta & Others ( The Ten Minute Million),Seed,106000.0,False,2017,Intuit Things
1110,2017-01-30,Cloudrino,technology,Cloud based Virtual Servers,New Delhi,single_location,The Ten Minute Million,Seed,22500.0,False,2017,Cloudrino
1111,2017-01-30,FabX,ecommerce,Used Furniture Marketplace,Mumbai,single_location,The Ten Minute Million,Seed,68000.0,False,2017,FabX
1112,2017-01-30,Maptags,consumer internet,Smart Online address tags,Bengaluru,single_location,The Ten Minute Million,Seed,18000.0,False,2017,Maptags
1113,2017-01-30,YOLO Health,consumer internet,Online Healthcare platform,Mumbai,single_location,Chandigarh Angels Network (CAN),Seed,,False,2017,YOLO Health
1114,2017-01-31,Heads Up For Tails,ecommerce,Online Pet Products Store,New Delhi,single_location,Undisclosed Investors,Private Equity,2000000.0,False,2017,Heads Up For Tails
1115,2017-01-31,Register My Marriage,consumer internet,Online Marriage Registration services,New Delhi,single_location,Mumbai Angels,Seed,,False,2017,Register My Marriage
1116,2016-12-01,SidQam,technology,Healthcare Software System,Noida,single_location,"SQue Capital, Grace Capital Ventures, Soham Vencaps",Private Equity,1200000.0,False,2016,SidQam
1117,2016-12-01,India Lends,consumer internet,Online Instant personal Loan provider,New Delhi,single_location,"DSG Consumer Partners, American Express Ventures, Cyber Carrier VC, AdvantEdge Partners",Private Equity,4000000.0,False,2016,India Lends
1118,2016-12-01,Slide App,consumer internet,Lock screen Rewards mobile app,New Delhi,single_location,Songhyun Investment,Private Equity,3600000.0,False,2016,Slide App
1119,2016-12-02,Badiyajobs,consumer internet,Entry-Level job Seekers platform,New Delhi,single_location,Undisclosed,Seed,100000.0,False,2016,Badiyajobs
1120,2016-12-02,Streo,consumer internet,Live Music Streaming App,Bengaluru,single_location,"GEMs Advisory, Quarizon",Seed,,False,2016,Streo
1121,2016-12-02,TYGR,technology,Transport and logistics mobile App,Mumbai,single_location,Franchise India,Private Equity,3000000.0,False,2016,TYGR
1122,2016-12-05,Mr Hot Foods,consumer internet,Online Food Ordering & Delivery Portal,Indore,single_location,IvyCamp Ventures,Seed,,False,2016,Mr Hot Foods
1123,2016-12-05,UrDoorStep,ecommerce,Online Grocery Store,Bengaluru,single_location,Lakshmi Vilas Bank & undisclosed HNIs,Private Equity,1400000.0,False,2016,UrDoorStep
1124,2016-12-05,ONN Bikes,ecommerce,"On-demand, self-drive bike rental platform",Mumbai,single_location,Grace Capital Ventures,Seed,,False,2016,ONN Bikes
1125,2016-12-06,Diro Labs,consumer internet,Mobile Contacts Management app,New Delhi,single_location,Info Edge (India),Seed,147000.0,False,2016,Diro Labs
1126,2016-12-06,THB,technology,Clinical research and data analytics,Gurugram,single_location,"Ajith Sukumaran, Currae Healthtech Fund",Seed,,False,2016,THB
1127,2016-12-07,LookAtMe,consumer internet,Mobile App based Fashion Network,Singapore,single_location,Eros Labs,Seed,,False,2016,LookAtMe
1128,2016-12-07,Netree,ecommerce,Mobile-only Retailers Engagement Solution,New Delhi,single_location,"The Chennai Angels, LetsVenture",Seed,,False,2016,Netree
1129,2016-12-07,BookEventz,consumer internet,"Venue, Events Booking platform",Mumbai,single_location,Investors from Mumbai Angels & LetsVenture,Seed,,False,2016,BookEventz
1130,2016-12-07,Tailslife,consumer internet,Pet Parenting mobile app,Bengaluru,single_location,"Mohan Kumar, V. Balakrishnan",Seed,,False,2016,Tailslife
1131,2016-12-07,Revv,consumer internet,Self-Driven Car Services booking portal,New Delhi,single_location,Edelweiss Private Equity,Private Equity,9000000.0,False,2016,Revv
1132,2016-12-07,WealthApp,consumer internet,Online Investment Advisory platform,Bengaluru,single_location,"Venk Krishnan, MJ Aravind, Vikram Kotak, Jayant Davar,  Ramkumar Nishtal, Arjun Sharmaa",Seed,440000.0,False,2016,WealthApp
1133,2016-12-07,Vehico,technology,Connected Transportation solutions,Bengaluru,single_location,"Calcutta Angel Network, Appliyifi",Seed,,False,2016,Vehico
1134,2016-12-08,Zest Money,consumer internet,Online Consumer Lending platform,Mumbai,single_location,PayU,Private Equity,6500000.0,False,2016,Zest Money
1135,2016-12-08,GoMechanic,consumer internet,Online Car servicing Booking platform,Gurugram,single_location,Venture Catalysts,Seed,250000.0,False,2016,GoMechanic
1136,2016-12-09,Stalk Buy Love,ecommerce,Fashion Apparel eTailer,New Delhi,single_location,Kalaari Capital,Private Equity,6000000.0,False,2016,Stalk Buy Love
1137,2016-12-09,Nykaa,ecommerce,Beauty Products etailer,Mumbai,single_location,Max Ventures and Industries,Private Equity,,False,2016,Nykaa
1138,2016-12-09,Wittyparot,technology,Content Management & Productivity platform,Bengaluru,single_location,Mumbai Angels,Seed,450000.0,False,2016,Wittyparot
1139,2016-12-09,NeuroEquilibrium,technology,Health-Tech platform,Jaipur,single_location,Unicorn India Ventures,Seed,250000.0,False,2016,NeuroEquilibrium
1140,2016-12-12,Xseed Education,technology,Education & learning Tech platform,Bengaluru,single_location,Verlinvest SA,Private Equity,10000000.0,False,2016,Xseed Education
1141,2016-12-12,Rupaiya Exchange,consumer internet,P2P Lending platform,New Delhi,single_location,Undisclosed Investors,Seed,200000.0,False,2016,Rupaiya Exchange
1142,2016-12-12,Doctor Insta,consumer internet,Online Doctor Consulting platform,Gurugram,single_location,RoundGlass Partners,Private Equity,2000000.0,False,2016,Doctor Insta
1143,2016-12-12,UrbanPiper,consumer internet,Self-Branded Websites & Apps for Ecommerce,Bengaluru,single_location,"Axilor, undisclosed investors",Seed,,False,2016,UrbanPiper
1144,2016-12-12,Fresh Food Concepts,food & beverage,Cold Press Juice manufacturer & seller,New Delhi,single_location,"Siddhartha Gupta, Ashvin Chadha",Seed,2000000.0,False,2016,Fresh Food Concepts
1145,2016-12-13,Indifi,consumer internet,Online lending platform,Gurugram,single_location,Omidyar Network,Private Equity,10000000.0,False,2016,Indifi
1146,2016-12-13,GoComet,logistics,Marketplace for International Freight,Mumbai,single_location,"India Quotient, Rajul Garg, Rajesh Yabaji, Chanakya Hridaya, Ramasubramaniam B, Vishwanathan, Nobel House, Sunstone Capital",Seed,,False,2016,GoComet
1147,2016-12-13,OfBusiness,ecommerce,Online business-to-business (B2B) marketplace,Gurugram,single_location,"Zodius Technology Opportunities Fund, Matrix Partners",Private Equity,11100000.0,False,2016,OfBusiness
1148,2016-12-14,Fitmein,consumer internet,Fitness Discovery & Booking platform,New Delhi,single_location,"FiNC, GHV",Seed,,False,2016,Fitmein
1149,2016-12-14,Qacco,consumer internet,Hotel Booking platform,Gurugram,single_location,"Lead Angels Network, Anbu Pandian, Prabhakar MR & Others",Seed,150000.0,False,2016,Qacco
1150,2016-12-14,Fitpass,consumer internet,Fitness center aggregator & Booking mobile app,New Delhi,single_location,Mumbai Angels,Seed,1000000.0,False,2016,Fitpass
1151,2016-12-14,MoEngage,technology,User analytics and engagement platform,Bengaluru,single_location,Anand Chandrasekaran,Seed,,False,2016,MoEngage
1152,2016-12-14,Ten3t Health,technology,medical grade wearable patch maker,Bengaluru,single_location,"V. Krishna Prasad, Bhupen Shah & Others",Seed,,False,2016,Ten3t Health
1153,2016-12-14,Trading Bells,consumer internet,Online Share & Commodity Broking platform,Indore,single_location,Swastika Investmart Ltd,Seed,297000.0,False,2016,Trading Bells
1154,2016-12-15,SERV\\xe2\\x80\\x99D,consumer internet,Financial Services For Unorganized Workforce,Pune,single_location,Digital Financial Service Lab,Seed,100000.0,False,2016,SERV\\xe2\\x80\\x99D
1155,2016-12-15,IdeaForge,technology,Drone Manufacturing,Mumbai,single_location,"WRV Capital and IndusAge Partners, Infosys Innovation Fund",Private Equity,10000000.0,False,2016,IdeaForge
1156,2016-12-15,Amagi Media Labs,technology,Media Technology Solutions,Mumbai,single_location,"Emerald Media, Premji Invest",Private Equity,35000000.0,False,2016,Amagi Media Labs
1157,2016-12-15,Pocket Aces,technology,Digital Entertainment Company,Mumbai,single_location,"Sequoia Capital India, North Base Media, Aarin Capital, 3one4 Capital, Axilor Ventures, Kunal Shah, Sandeep Tandon",Private Equity,3000000.0,False,2016,Pocket Aces
1158,2016-12-16,Pi Data Centers,technology,Cloud Data Center Solutions provider,Hyderabad,single_location,Epsilon Venture Partners,Private Equity,23000000.0,False,2016,Pi Data Centers
1159,2016-12-16,TripShelf,consumer internet,Holiday Packages provider,New Delhi,single_location,"GEMS Advisory, Quarizon",Seed,123000.0,False,2016,TripShelf
1160,2016-12-19,Events High,consumer internet,Events & Activities Marketplace,Bengaluru,single_location,Axilor Ventures,Private Equity,,False,2016,Events High
1161,2016-12-19,NoBroker,consumer internet,Rental property search portal,Bengaluru,single_location,"KTB Network, SAIF Partners, BEENEXT, Digital Garage",Private Equity,7400000.0,False,2016,NoBroker
1162,2016-12-20,VivoCarat,ecommerce,Online jewellery marketplace,Mumbai,single_location,Undisclosed Investors,Seed,50000.0,False,2016,VivoCarat
1163,2016-12-20,Tiyo,consumer internet,Doctor Search Mobile App,Kolkata,single_location,Ajith Nair,Seed,,False,2016,Tiyo
1164,2016-12-20,Zoomcar,consumer internet,Self-Driven Cab booking platform,Bengaluru,single_location,Cyber Carrier CL,Private Equity,,False,2016,Zoomcar
1165,2016-12-20,BYJU\\xe2\\x80\\x99s,consumer internet,Online Learning platform,Bengaluru,single_location,International Financial Corporation,Private Equity,15000000.0,False,2016,BYJU\\xe2\\x80\\x99s
1166,2016-12-21,Supr Daily,consumer internet,Daily Subscription based Delivery service,Mumbai,single_location,"Dr. Apoorv Ranjan Sharma, Anil Jain, Anuj Golecha, Krishna Jhunjhunwala, Anirudh Damani",Seed,,False,2016,Supr Daily
1167,2016-12-21,The BlueBook,consumer internet,online to offline marketing platform,Bengaluru,single_location,"Indian Angel Network, Let's Venture",Seed,500000.0,False,2016,The BlueBook
1168,2016-12-21,MamaEarth,ecommerce,Babycare Products seller,New Delhi,single_location,Fireside Ventures & Others,Seed,,False,2016,MamaEarth
1169,2016-12-21,Vegetall,ecommerce,Online Vegetable eTailer,Chennai,single_location,The Chennai Angels,Seed,162000.0,False,2016,Vegetall
1170,2016-12-22,Innoplexus,technology,Data as a Service Provider,Pune,single_location,HCS Venture capital fund,Private Equity,,False,2016,Innoplexus
1171,2016-12-22,Mindler,consumer internet,Career Planning & Assessment platform,New Delhi,single_location,Taxmann,Seed,324000.0,False,2016,Mindler
1172,2016-12-22,MCaffeine,ecommerce,Personal care product etailer,Bengaluru,single_location,"Kaushal Agarwal, Harminder Sahani, KK Mehra, Pranay Jivrajka, Navjot Saini",Seed,300000.0,False,2016,MCaffeine
1173,2016-12-23,enKast,technology,Cloud based CRM for Agencies,Bengaluru,single_location,Ivy League Alumni Angel Network,Private Equity,2000000.0,False,2016,enKast
1174,2016-12-23,ShopKirana,ecommerce,B2B platform for Merchants & Retailers,Indore,single_location,"Incubate Fund, Lead Angels Group & Others",Private Equity,,False,2016,ShopKirana
1175,2016-12-23,MyAdvo,consumer internet,Legal Advice Platform,New Delhi,single_location,"Pradyumna Dalmia, S. Somasegar & Others",Seed,,False,2016,MyAdvo
1176,2016-12-23,Asocon,technology,Process management startup,Noida,single_location,Quarizon,Seed,,False,2016,Asocon
1177,2016-12-23,LexComply,consumer internet,Compliance Management Software,New Delhi,single_location,Ajay Relan,Seed,,False,2016,LexComply
1178,2016-12-26,The Postbox,ecommerce,Art & Lifestyle ECommerce Store,Chennai,single_location,"The Chennai Angels, Ritesh Mehta, Aruna Ganesh Ram",Seed,,False,2016,The Postbox
1179,2016-12-26,Pandorum Technologies,technology,3D printed experimental Human Liver tissue creator,Bengaluru,single_location,"Sachin Bansal, Binny Bansal",Seed,,False,2016,Pandorum Technologies
1180,2016-12-26,Dekkho,consumer internet,Video Streaming platform,Mumbai,single_location,undisclosed investors,Seed,1200000.0,False,2016,Dekkho
1181,2016-12-26,Shadowfox,logistics,On-Demand Delivery Service,Gurugram,single_location,Eight Roads Ventures,Private Equity,10000000.0,False,2016,Shadowfox
1182,2016-12-27,ShopX,ecommerce,SAAS ECommerce Retail app,Bengaluru,single_location,Nandan Nilekani,Private Equity,5000000.0,False,2016,ShopX
1183,2016-12-28,BookEventz,consumer internet,Online event-booking platform,Mumbai,single_location,"Lead Angels, Mumbai Angels, LetsVenture, Girish Mathrubootham, Anbu Pandian",Seed,,False,2016,BookEventz
1184,2016-12-29,Healthifyme,consumer internet,Fitness Mobile App,Bengaluru,single_location,NB Ventures,Private Equity,1000000.0,False,2016,Healthifyme
1185,2016-12-29,LetsMD,consumer internet,Healthcare plan comparison platform,New Delhi,single_location,"WaterBridge Ventures,",Seed,,False,2016,LetsMD
1186,2016-12-29,Justbooks,consumer internet,Library Chain Aggregator,Bengaluru,single_location,CoCreate Ventures,Seed,,False,2016,Justbooks
1187,2016-12-30,InstantPay,consumer internet,Digital payments & recharge platform,New Delhi,single_location,"RB Investments,  Kaleden Holdings",Private Equity,,False,2016,InstantPay
1188,2016-11-01,PickMyLaundry,consumer internet,On-Demand Washing & Dry Cleaning Services,New Delhi,single_location,"Kedar Lele, GHV Accelerator",Seed,200000.0,False,2016,PickMyLaundry
1189,2016-11-02,FreshDesk,consumer internet,SAAS Based HelpDesk Services,Chennai,single_location,"Sequoia Capital India, Accel Partners",Private Equity,55000000.0,False,2016,FreshDesk
1190,2016-11-02,LaundryAnna,consumer internet,On-Demand Washing & Dry Cleaning Services,Bengaluru,single_location,Undisclosed Investors,Seed,150000.0,False,2016,LaundryAnna
1191,2016-11-02,LetsMD,consumer internet,Healthcare Services Comparison Platform,New Delhi,single_location,"Calcutta Angels Network, LetsVenture, Anupam Mittal, Currae Healthtech Fund",Seed,,False,2016,LetsMD
1192,2016-11-02,Sattviko,food & beverage,Health Food Restaurant Chain,New Delhi,single_location,"Raman Roy, Ashish Gupta, Yogesh Andlay, Vaibhav Jain",Seed,,False,2016,Sattviko
1193,2016-11-03,Zarget,technology,SaaS-based web optimisation and marketing platform,Chennai,single_location,Sequoia India,Private Equity,6000000.0,False,2016,Zarget
1194,2016-11-03,DoSelect,consumer internet,Skill Showcasing platform,Bengaluru,single_location,"3one4 Capital, Mumbai Angels, Aarin Capital",Seed,,False,2016,DoSelect
1195,2016-11-03,EasyPolicy,consumer internet,Online insurance Portal,Noida,single_location,"Unilazer Ventures,",Private Equity,10000000.0,False,2016,EasyPolicy
1196,2016-11-04,Browntape,technology,cloud-based software solutions company,Goa,single_location,Gati Ltd,Private Equity,,False,2016,Browntape
1197,2016-11-04,Connect India,logistics,Last mile Delivery Network,Bengaluru,single_location,Aavishkaar Venture Management,Private Equity,1000000.0,False,2016,Connect India
1198,2016-11-04,Corseco,technology,AI-based Software as a Service Solution provider,New Delhi,single_location,"Ameera Shah, Vivek Bhargava",Seed,150000.0,False,2016,Corseco
1199,2016-11-04,vImmune,consumer internet,Immunisation Management Platform,Bengaluru,single_location,Undisclosed investor,Seed,,False,2016,vImmune
1200,2016-11-04,The Gourmet Jar,ecommerce,Gourmet Food etailer,Noida,single_location,Chandigarh Angels Network,Seed,,False,2016,The Gourmet Jar
1201,2016-11-05,Medzin,ecommerce,Online ordering & Delivery of medicines,New Delhi,single_location,A M Sikander,Seed,45000.0,False,2016,Medzin
1202,2016-11-05,Bizongo,ecommerce,Packaging Material Marketplace,Mumbai,single_location,"IDG Ventures, Accel Partners",Private Equity,3000000.0,False,2016,Bizongo
1203,2016-11-07,Rivigo,technology,Technology based Logistics platform,Gurugram,single_location,Warburg Pincus,Private Equity,75000000.0,False,2016,Rivigo
1204,2016-11-07,JustRide,consumer internet,Online Car Sharing platform,Mumbai,single_location,"Justin Kan, Qasar Younis, Paul Bucche, Susa Ventures, Kima Ventures, Axan Venture, SCM Holdings",Private Equity,3000000.0,False,2016,JustRide
1205,2016-11-09,IIM Jobs,consumer internet,Online Job Portal,New Delhi,single_location,India Quotient,Private Equity,2000000.0,False,2016,IIM Jobs
1206,2016-11-09,Square Yards,consumer internet,Online Property Search Portal,Gurugram,single_location,ADAG Reliance Private Equity,Private Equity,12000000.0,False,2016,Square Yards
1207,2016-11-10,GolfLAN,consumer internet,Golf Session Online Bookings platform,New Delhi,single_location,"YourNest Angel Fund, iSON",Private Equity,1000000.0,False,2016,GolfLAN
1208,2016-11-10,Yottaasys,technology,Data Sciences platform,Bengaluru,single_location,Gleevoaz Ventures,Private Equity,,False,2016,Yottaasys
1209,2016-11-10,Tone Tag,technology,Contactless Payment Solution,Bengaluru,single_location,"Arun Seth, T.V. Mohandas Pai, Anand Chandrasekaran, Deepak Ghaisas",Private Equity,,False,2016,Tone Tag
1210,2016-11-11,Life in Control,consumer internet,Online Diabetes Management platform,Gurugram,single_location,RoundGlass Partners,Private Equity,,False,2016,Life in Control
1211,2016-11-14,Active.ai,technology,Banking & Fintech Platform,Singapore,single_location,"Kalaari Capital, IDG Ventures India",Private Equity,3000000.0,False,2016,Active.ai
1212,2016-11-14,ElasticRun,technology,Tech driven Logistic & distribution platform,Pune,single_location,"Kalaari Capital, Norwest Venture Partners",Private Equity,2000000.0,False,2016,ElasticRun
1213,2016-11-15,NoBroker,consumer internet,Online Rental discovery,Bengaluru,single_location,Vijay Shekhar Sharma,Seed,,False,2016,NoBroker
1214,2016-11-15,Zefo,ecommerce,Used Furniture & Appliances Marketplace,Bengaluru,single_location,"Sequoia India, BEENEXT, Helion Ventures",Private Equity,6000000.0,False,2016,Zefo
1215,2016-11-15,PlaySimple,technology,Mobile Gaming portal,Bengaluru,single_location,"SAIF Partners, IDG Ventures India",Private Equity,4000000.0,False,2016,PlaySimple
1216,2016-11-16,Stasis Labs,technology,Cloud based\\xc2\\xa0 health monitoring platform,Bengaluru,single_location,"RTP-HC, Wonder Ventures, Techstars Ventures & Others",Private Equity,5000000.0,False,2016,Stasis Labs
1217,2016-11-17,Scienaptic,technology,Data Analytics platform,Bengaluru,single_location,Pramod Bhasin,Seed,,False,2016,Scienaptic
1218,2016-11-17,Koovs,ecommerce,Fashion eTailer,New Delhi,single_location,Times of India Group & Existing investors,Private Equity,13500000.0,False,2016,Koovs
1219,2016-11-17,Lawrato,consumer internet,Free Legal Advice,New Delhi,single_location,Indian Angel Network,Seed,,False,2016,Lawrato
1220,2016-11-17,Trip Tap Toe,consumer internet,Online Travel Portal,Gurugram,single_location,R.S Sharma,Seed,,False,2016,Trip Tap Toe
1221,2016-11-17,Pictor Imaging,consumer internet,Product Photography Mobile App,Mumbai,single_location,Quarizon,Seed,147000.0,False,2016,Pictor Imaging
1222,2016-11-18,GramCover,finance,Insurance Marketplace for the Rural Sector,New Delhi,single_location,Omnivore Capital,Seed,1000000.0,False,2016,GramCover
1223,2016-11-18,AerMed,ecommerce,Online Pharmacy,Mumbai,single_location,Hitesh Windlass,Seed,,False,2016,AerMed
1224,2016-11-18,WorkIndia,consumer internet,Job Board for Clue Collar Jobs,Mumbai,single_location,Asuka Holdings,Seed,,False,2016,WorkIndia
1225,2016-11-21,Bats on delivery,consumer internet,"Online food, Grocery ordering & Delivery",Gurugram,single_location,Devdeep Singh,Seed,90000.0,False,2016,Bats on delivery
1226,2016-11-21,numberz.in,technology,Cash Flow Management Solution for Businesses,Gurugram,single_location,"Kae Capital, Khosla Impact",Seed,650000.0,False,2016,numberz.in
1227,2016-11-22,Housing.com,consumer internet,Real Estate Portal,Mumbai,single_location,Softbank Group,Private Equity,5000000.0,False,2016,Housing.com
1228,2016-11-22,Awesummly,consumer internet,Short News Mobile App,Bengaluru,single_location,"Vivek Bhargava, Ameera Shah",Seed,147000.0,False,2016,Awesummly
1229,2016-11-22,VoLT,consumer internet,Ed-Tech Platform,Mumbai,single_location,YMS Mobitech,Seed,,False,2016,VoLT
1230,2016-11-22,Vymo,technology,SaaS-based predictive analytics platform,Bengaluru,single_location,Sequoia India,Private Equity,5000000.0,False,2016,Vymo
1231,2016-11-22,ShubhLoans,technology,Consumer Finance & Credit Score platform,Bengaluru,single_location,"Sanjai Vohra, V. Bunty Bohra",Seed,,False,2016,ShubhLoans
1232,2016-11-22,Noddapp,consumer internet,App based networking platform,Mumbai,single_location,Undisclosed multiple investors,Seed,147000.0,False,2016,Noddapp
1233,2016-11-23,Knowlarity,consumer internet,Cloud Telephony Platform,Bengaluru,single_location,"Delta Partners, Sequoia India,  Mayfield, Blacksoil, Trifecta Capital",Private Equity,20000000.0,False,2016,Knowlarity
1234,2016-11-23,Infisecure,technology,Bot Protection Solutions,Mumbai,single_location,"IDG Ventures, Axilor Ventures",Seed,600000.0,False,2016,Infisecure
1235,2016-11-23,Udaan,ecommerce,B2B Marketplace,Bengaluru,single_location,"Lightspeed Venture Partners India, Lightspeed US",Private Equity,10000000.0,False,2016,Udaan
1236,2016-11-24,FroyoFit,consumer internet,Fitness Discovery Platform,Indore,single_location,Dr. Pooja Gandhi,Seed,,False,2016,FroyoFit
1237,2016-11-24,Betterplace,consumer internet,Background Verification Services,Bengaluru,single_location,Venture Highway,Seed,,False,2016,Betterplace
1238,2016-11-24,ShareChat,consumer internet,Local Language Social Networking Platform,Mumbai,single_location,"Lightspeed India Partners, SAIF Partners, India Quotient, Venture Highway",Private Equity,4000000.0,False,2016,ShareChat
1239,2016-11-24,UClean,consumer internet,Tech Enabled Laundry Service Provider,Gurugram,single_location,Franchise India,Private Equity,,False,2016,UClean
1240,2016-11-24,Servify,consumer internet,Personal Device Assistant App,Mumbai,single_location,"Blume Ventures, BEENEXT, Barkawi Holdings GmbH, TM Service Technology Holdings Gmbh, Sreevathsa Prabhakar",Private Equity,,False,2016,Servify
1241,2016-11-25,Hubilo,consumer internet,End-to-end Event Organizers Solutions,Ahmedabad,single_location,"Girish Mathrubootham, VC Karthic, Miten Mehta, Umasankar Nistala, Rakesh Patel, Akash Bhavsar, Jeevanandhan Rajagopal, Vikas Chadha & Others",Seed,,False,2016,Hubilo
1242,2016-11-25,FunOnGo,consumer internet,Digital Media Content and Distribution platform,Mumbai,single_location,Reliance Entertainment,Private Equity,,False,2016,FunOnGo
1243,2016-11-25,121Policy,consumer internet,Online Insurance Platform,Kolkata,single_location,Xelpmoc,Seed,,False,2016,121Policy
1244,2016-11-26,TapChief,consumer internet,Professional Expert Advice Platform,Bengaluru,single_location,"Paytm, Aprameya Radhakrishna, Subramanya Venkat, Venk Krishnan",Seed,,False,2016,TapChief
1245,2016-11-28,Kloseby,consumer internet,proximity based\\xc2\\xa0 Rewards platform,Bengaluru,single_location,Undisclosed Investor,Seed,100000.0,False,2016,Kloseby
1246,2016-11-28,WholeSaleBox,ecommerce,B2B Wholesale Apparel Marketplace,Jaipur,single_location,"Manish Maheshwari, Contrarian Vriddhi Fund",Private Equity,2000000.0,False,2016,WholeSaleBox
1247,2016-11-29,Crossahead,consumer internet,Creative Artists Discovery & Booking platform,Noida,single_location,Mohit Sharma,Seed,,False,2016,Crossahead
1248,2016-11-29,Affordplan,consumer internet,Savings platform for Medical Expenses,New Delhi,single_location,"Prime Venture Partners, Kalaari Capital",Private Equity,3000000.0,False,2016,Affordplan
1249,2016-11-30,HandyTrain,consumer internet,Mobile App for SAAS based Training,Goa,single_location,"Silver Range Investments, Lumina Datamatics, Shun Yoshida & Others",Private Equity,1000000.0,False,2016,HandyTrain
1250,2016-11-30,ShopsUp,ecommerce,Hyperlocal Shopping App,Bengaluru,single_location,"Anand Sankeshwar, Yang Shu",Seed,963000.0,False,2016,ShopsUp
1251,2016-11-30,Indofash,ecommerce,Ethnic Indian Fashion Marketplace,Bengaluru,single_location,"Shekhar Sahu, Nitesh Pant",Seed,150000.0,False,2016,Indofash
1252,2016-11-30,Entropika,technology,"AI, Machine learning Solutions",Bengaluru,single_location,"Dileep Bhatt, Milind Chaudhary",Seed,200000.0,False,2016,Entropika
1253,2016-11-30,MarianaIQ,technology,AI-driven B2B marketing platform,Bengaluru,single_location,Exfinity Venture Partners,Private Equity,2000000.0,False,2016,MarianaIQ
1254,2016-11-30,Chai Thela,food & beverage,Quick Service Restaurants,Noida,single_location,Quarizon,Seed,218000.0,False,2016,Chai Thela
1255,2016-11-30,Interviewpad,technology,Engineering Interview facilitation platform,Pune,single_location,Krishna Rokhale,Seed,100000.0,False,2016,Interviewpad
1256,2016-11-30,Math Buddy,consumer internet,Online Math Learn,Vadodara,single_location,Menterra Social Impact Fund,Seed,440000.0,False,2016,Math Buddy
1257,2016-11-30,Pulse,consumer internet,Campus Social Networking App,Bengaluru,single_location,SAIF Partners,Private Equity,500000.0,False,2016,Pulse
1258,2016-11-30,MonkeyBox,consumer internet,Healthy Food Delivery platform,Bengaluru,single_location,Blume Ventures & Others,Seed,,False,2016,MonkeyBox
1259,2016-11-30,Carcrew.in,consumer internet,Online Car repair Marketplace,Mumbai,single_location,TVS Group,Seed,500000.0,False,2016,Carcrew.in
1260,2016-10-03,MeraKisan,ecommerce,Fruit & vegetable eTailer,Bengaluru,single_location,Mahindra Univeg,Seed,,False,2016,MeraKisan
1261,2016-10-03,Mystifly,consumer internet,Airline Ticket Aggregator,Bengaluru,single_location,Recruit Holdings,Private Equity,5000000.0,False,2016,Mystifly
1262,2016-10-03,HelpChat,consumer internet,AI Powered Content & Commerce platform,Bengaluru,single_location,"American Express Ventures, Sequoia Capital",Private Equity,,False,2016,HelpChat
1263,2016-10-03,Uniphore,technology,Speech Recognition Solutions,Chennai,single_location,"IDG Ventures, Indian Angel Network (IAN), YourNest Angel Fund",Private Equity,2000000.0,False,2016,Uniphore
1264,2016-10-03,World Art Community,ecommerce,Art & Craft Marketplace,Gurugram,single_location,Viraj Tyagi & Others,Seed,200000.0,False,2016,World Art Community
1265,2016-10-04,Giftxoxo,ecommerce,Online Gifting platform,Bengaluru,single_location,Mahindra Holidays & Resorts India Ltd,Private Equity,450000.0,False,2016,Giftxoxo
1266,2016-10-04,Bharat Bazaar,ecommerce,Online B2B Marketplace,Mumbai,single_location,"BeeNext, TV Mohandas Pai, Kunal Shah, Sandeep Tandon",Seed,,False,2016,Bharat Bazaar
1267,2016-10-04,GOQii,consumer internet,Health & Fitness Wearable Device,Mumbai,single_location,Ratan Tata,Private Equity,,False,2016,GOQii
1268,2016-10-04,India Gifts Portal,ecommerce,Online Gifting platform,Noida,single_location,"Naveen Arya, Tarun Joshi",Private Equity,2000000.0,False,2016,India Gifts Portal
1269,2016-10-04,Moglix,ecommerce,Industrial & Home products marketplace,Noida,single_location,"Accel Partners, Jungle Ventures, SeedPlus",Private Equity,4200000.0,False,2016,Moglix
1270,2016-10-04,NetLinx,consumer internet,Internet Service Provider,Hyderabad,single_location,"Xchange Investors NV, TransGlobal FZC",Private Equity,3000000.0,False,2016,NetLinx
1271,2016-10-04,Scandid,consumer internet,Product Shopping Comparison App,Pune,single_location,3One4 Capital,Private Equity,,False,2016,Scandid
1272,2016-10-04,Remitr,consumer internet,Foreign Currency Payments Platform,Mumbai,single_location,"Vijay Shekhar Sharma, Pravin Gandhi,  Smart Start Fund; Kunal Shah,  Sandeep Tandon, Vishal Gondal, & Others",Seed,1000000.0,False,2016,Remitr
1273,2016-10-04,InnerChef,consumer internet,Online food ordering platform,Gurugram,single_location,"Mistletoe, M&S Partners",Private Equity,2500000.0,False,2016,InnerChef
1274,2016-10-04,AppsDaily,consumer internet,"Mobile Phone Theft, Damage Protection platform",Mumbai,single_location,"Zodius Capital, Kalaari Capital, Qualcomm Ventures, Russian venture capital fund Ru-Net, Mumbai Angels",Private Equity,3750000.0,False,2016,AppsDaily
1275,2016-10-05,MuhurtMaza,consumer internet,Online Puja Booking Service,Pune,single_location,Undisclosed Investor,Seed,,False,2016,MuhurtMaza
1276,2016-10-05,Azuro,consumer internet,Rental Property Finder platform,Mumbai,single_location,"White Unicorn Ventures, Kae Capital, Mumbai Angels",Private Equity,,False,2016,Azuro
1277,2016-10-05,NeuroSynaptic,technology,Remote Healthcare Delivery Solutions,Bengaluru,single_location,"Indian Angel Network, Healthsquad, Axilor Ventures",Private Equity,,False,2016,NeuroSynaptic
1278,2016-10-05,UE LifeSciences,technology,Mobile Health Technology Solutions,Mumbai,single_location,"Kiran Mazumdar-Shaw, Unitus Seed Fund",Private Equity,1200000.0,False,2016,UE LifeSciences
1279,2016-10-06,FindmeaShoe,consumer internet,Footwear Recommendation App,Bengaluru,single_location,Ventureast Fund Advisors,Seed,,False,2016,FindmeaShoe
1280,2016-10-06,RealBox,technology,Data Sciences Platform,Noida,single_location,Hyderabad Angels,Seed,300000.0,False,2016,RealBox
1281,2016-10-06,Sportido,consumer internet,Sports Discovery platform,Noida,single_location,Sumpoorna Group,Seed,,False,2016,Sportido
1282,2016-10-06,GoZefo,ecommerce,Used Furniture & Appliances Marketplace,Bengaluru,single_location,"Helion Venture Partners, BeeNext",Private Equity,1050000.0,False,2016,GoZefo
1283,2016-10-07,RayIOT,technology,Baby Monitoring Devices manufacturer,Bengaluru,single_location,HAX Accelerator,Seed,100000.0,False,2016,RayIOT
1284,2016-10-07,KOOH Sports,technology,Sports Training & Technology,Mumbai,single_location,"HDFC, Faering Capital, Elevate Sports",Private Equity,2200000.0,False,2016,KOOH Sports
1285,2016-10-07,Flexiloans,consumer internet,Online Funds Raising Platform,Mumbai,single_location,"Sanjay Nayar, Vikram Sud, Anil Jaggia, Narayan Seshadri",Private Equity,15000000.0,False,2016,Flexiloans
1286,2016-10-07,Sibia Analytics,technology,Marketing & Customer Analytics Solutions,Kolkata,single_location,Radhakrishnan Natarajan & Others,Seed,,False,2016,Sibia Analytics
1287,2016-10-10,Vithi.com,ecommerce,Online Hair Extension etailer,New Delhi,single_location,undisclosed investor,Seed,375000.0,False,2016,Vithi.com
1288,2016-10-11,Yupp TV,consumer internet,Internet-based TV streaming service provider,Bengaluru,single_location,Emerald Media,Private Equity,50000000.0,False,2016,Yupp TV
1289,2016-10-11,Deyor Camps,consumer internet,Branded Camping location Aggregator,Gurugram,single_location,"Nitin Passi, Manickam Mahalingam, Udaan Angels, Rajesh Arora, Arkas Industries",Seed,500000.0,False,2016,Deyor Camps
1290,2016-10-12,ZipLoan,consumer internet,online lending platform,New Delhi,single_location,"GrowX Ventures, Sunil Kalra, Arun Venkatachalam,  Badal Malick",Seed,,False,2016,ZipLoan
1291,2016-10-13,FabAlley,ecommerce,online fashion brand store,Noida,single_location,"India Quotient, FAO Ventures, Indian Angel Network, Tushar Singh, Ranjan Sharma",Private Equity,2000000.0,False,2016,FabAlley
1292,2016-10-13,Shoekonnect,ecommerce,B2B Marketplace for Shoes,Agra,single_location,Indian Angel Network,Seed,,False,2016,Shoekonnect
1293,2016-10-13,Maya,consumer internet,Womens Health Tracker App,Bengaluru,single_location,Rajan Anandan,Seed,,False,2016,Maya
1294,2016-10-13,RoboVac,technology,waterless car washing solution,Ahmedabad,single_location,Virendra Patel,Seed,450000.0,False,2016,RoboVac
1295,2016-10-14,Newspatrolling,consumer internet,Online News portal,New Delhi,single_location,Undisclosed,Seed,25000.0,False,2016,Newspatrolling
1296,2016-10-14,Postman,consumer internet,API Platform,Bengaluru,single_location,Nexus Venture Partners,Private Equity,7000000.0,False,2016,Postman
1297,2016-10-14,ISFC,finance,Education Sector Lending,Hyderabad,single_location,Gray Matters Capital,Private Equity,6000000.0,False,2016,ISFC
1298,2016-10-14,BeatRoute,technology,SAAS based mobile application platform,Gurugram,single_location,Quarizon Consultancy Services LLP,Seed,,False,2016,BeatRoute
1299,2016-10-14,Kidsstoppress,consumer internet,Parenting and Baby care Platform,Mumbai,single_location,Karan Bhagat,Seed,,False,2016,Kidsstoppress
1300,2016-10-14,Innov8,consumer internet,Co-Working Spaces aggregator,Bengaluru,single_location,Punit Soni,Seed,,False,2016,Innov8
1301,2016-10-15,DailyHunt,consumer internet,Vernacular content mobile app,Bengaluru,single_location,"ByteDance, Arun Sarin, Matrix Partners, Sequoia Capital India, Omidyar Network,  Falcon Edge",Private Equity,25000000.0,False,2016,DailyHunt
1302,2016-10-15,Tazzo Bikes,consumer internet,Motorbike rental platform,Hyderabad,single_location,DSG Consumer Partners,Seed,227000.0,False,2016,Tazzo Bikes
1303,2016-10-15,MyKindofJob,consumer internet,Internet & Fresher Job platform,Mumbai,single_location,"Mayank Shah, Shreyans Shah",Seed,1000000.0,False,2016,MyKindofJob
1304,2016-10-17,Trilyo,technology,B2B SAAS based product,Bengaluru,single_location,"Vishnu Bhat, Rajiv Lunkad, Naresh Ravindranath",Seed,,False,2016,Trilyo
1305,2016-10-17,Rooter,consumer internet,Sports Social Network mobile app,New Delhi,single_location,"Boman Irani, Dhruv Chitgopekar, Prantik Dasgupta",Seed,,False,2016,Rooter
1306,2016-10-17,Yumigo,consumer internet,App based Travel Discovery and Transactions platform,Gurugram,single_location,Hemant Sahni,Seed,300000.0,False,2016,Yumigo
1307,2016-10-17,Rentalpha,others,equipment rental and leasing company,Mumbai,single_location,Bravia Capital,Private Equity,16000000.0,False,2016,Rentalpha
1308,2016-10-18,3Dexter,technology,3D Printing Solutions for Edu space,New Delhi,single_location,Newbie Promoters,Seed,150000.0,False,2016,3Dexter
1309,2016-10-18,BabyChakra,consumer internet,Parenting and Child Care portal,Mumbai,single_location,RoundGlass Partners,Private Equity,,False,2016,BabyChakra
1310,2016-10-18,Coppre,ecommerce,Copper based items etailer,Pune,single_location,Ganesh Natarajan,Seed,,False,2016,Coppre
1311,2016-10-18,MySUN,technology,Solar Energy harnessing products marketplace,Noida,single_location,General Catalyst Partners,Private Equity,2500000.0,False,2016,MySUN
1312,2016-10-18,ePathsala,technology,Cloud based ERP for Accreditation & ICT,Bengaluru,single_location,"Hyderabad Angels, TLabs",Seed,,False,2016,ePathsala
1313,2016-10-19,Furlenco,consumer internet,Online Furniture Rental platform,Bengaluru,single_location,"Lightbox Ventures, Axis Capital & Others",Private Equity,30000000.0,False,2016,Furlenco
1314,2016-10-19,Fisdom,consumer internet,Personal Wealth Management Platform & App,Bengaluru,single_location,"Saama Capital, Raghunandan G, Aprameya Radhakrishna",Private Equity,1100000.0,False,2016,Fisdom
1315,2016-10-19,Actofit,technology,Wearable Technology platform & devices,Mumbai,single_location,Next Orbit Ventures Fund,Private Equity,750000.0,False,2016,Actofit
1316,2016-10-20,Stayology,consumer internet,Stay & Travel related services,Bengaluru,single_location,Ranjan Pai,Seed,,False,2016,Stayology
1317,2016-10-20,Hipcask,consumer internet,Alcoholic beverage discovery platform,Mumbai,single_location,Mobikon,Seed,,False,2016,Hipcask
1318,2016-10-20,RailYatri,consumer internet,Train Travel Info mobile app,Noida,single_location,"Helion Ventures, Blume ventures",Private Equity,,False,2016,RailYatri
1319,2016-10-21,ChatOnGo,consumer internet,Hyperlocal\\xc2\\xa0 Communication Mobile app,Mumbai,single_location,Janak Jain,Seed,300000.0,False,2016,ChatOnGo
1320,2016-10-23,WOTU,ecommerce,B2B Marketplace for traders,Bengaluru,single_location,KAE capital,Seed,,False,2016,WOTU
1321,2016-10-24,Healthians,consumer internet,Health Test Discovery & Ordering service,Gurugram,single_location,BEENEXT,Private Equity,3000000.0,False,2016,Healthians
1322,2016-10-24,Box8,consumer internet,Online Food Ordering platform/App,Mumbai,single_location,"IIFL Seed Ventures Fund, Mayfield Ventures",Private Equity,7500000.0,False,2016,Box8
1323,2016-10-25,Kredx,ecommerce,Invoice discounting marketplace,Bengaluru,single_location,Sequoia Capital,Private Equity,6000000.0,False,2016,Kredx
1324,2016-10-25,CreditMate,consumer internet,Credit Report Info platform,Mumbai,single_location,India Quotient,Seed,500000.0,False,2016,CreditMate
1325,2016-10-25,Pickrr,technology,Courier Logistics & Order management Solutions,New Delhi,single_location,Swastika Company Ltd,Seed,,False,2016,Pickrr
1326,2016-10-25,SatvaKart,ecommerce,Online Grocery Etailer,Gurugram,single_location,Nimit Panigrahi,Seed,,False,2016,SatvaKart
1327,2016-10-25,SooperMO,technology,Android utility app suite creator,Gurugram,single_location,Lalit Vase,Seed,100000.0,False,2016,SooperMO
1328,2016-10-26,OrangeTwig,consumer internet,Social Media Marketing platform,New Delhi,single_location,Undisclosed investor,Seed,1000000.0,False,2016,OrangeTwig
1329,2016-10-26,Wooplr,consumer internet,Fashion Discovery App,Bengaluru,single_location,"Astarc Ventures, Anand Chandrasekaran",Seed,,False,2016,Wooplr
1330,2016-10-26,The Kettlery,ecommerce,Online Tea Etailer,Ahmedabad,single_location,"hooting Starts Sports LLP, Franchise India Brands",Private Equity,1000000.0,False,2016,The Kettlery
1331,2016-10-27,Idea Bubbles,consumer internet,Doctor Consulting platform,Bengaluru,single_location,"1Crowd, Eureka Forbes Ltd, Shapoorji Pallonji & Co. Ltd.",Private Equity,700000.0,False,2016,Idea Bubbles
1332,2016-10-27,FR8,technology,Truck Fleet Operation platform,Chennai,single_location,Omnivore Partners,Private Equity,971000.0,False,2016,FR8
1333,2016-10-27,Ather Energy,technology,Electric Vehicle Manufacturer,Bengaluru,single_location,Hero MotoCorp,Private Equity,27000000.0,False,2016,Ather Energy
1334,2016-10-28,Pikkol,logistics,Relocation Service provider,Bengaluru,single_location,"Ajay Nanavati, Afsal Salu",Seed,,False,2016,Pikkol
1335,2016-10-29,Velmenni,technology,LiFi based wireless communication provider,New Delhi,single_location,Kalaari Capital,Seed,100000.0,False,2016,Velmenni
1336,2016-10-29,Volta Motors,technology,Electric Bike Manufacturer,Chennai,single_location,Kalaari Capital,Seed,100000.0,False,2016,Volta Motors
1337,2016-10-29,Cyclops,technology,Clinical and Wearable Diagnostic Product creator,Bengaluru,single_location,Kalaari Capital,Seed,100000.0,False,2016,Cyclops
1338,2016-10-30,Impact Analytics,technology,Business intelligence and data science Startup,Bengaluru,single_location,"Aarin Capital, Michael Herzig, Ashish Lakhanpal",Private Equity,750000.0,False,2016,Impact Analytics
1339,2016-10-31,Talent Next,consumer internet,Talent Discovery & Audition management platform,Mumbai,single_location,Karanpal Singh & Others,Seed,1000000.0,False,2016,Talent Next
1340,2016-09-01,Mad Street Den,technology,Artificial Intelligence platform,Chennai,single_location,"Sequoia India, Exfinity Ventures, growX ventures,",Private Equity,,False,2016,Mad Street Den
1341,2016-09-01,Mihup,technology,Personal Digital Assistant,Kolkata,single_location,Accel Partners,Private Equity,6700000.0,False,2016,Mihup
1342,2016-09-01,Renowala,ecommerce,Home Improvement Marketplace,Hyderabad,single_location,Pradeep Dhobale,Seed,,False,2016,Renowala
1343,2016-09-01,Lucideus,technology,IT Risk Assessment and Digital Security Services provider.,New Delhi,single_location,Amit Choudhary,Seed,,False,2016,Lucideus
1344,2016-09-04,Trackbizz,technology,Field Force Automation System,Kochi,single_location,Grasshoppers,Private Equity,,False,2016,Trackbizz
1345,2016-09-05,Social Quotient,technology,Platform for Social Causes,Mumbai,single_location,"Anita Dongre, Yash Dongre, Milind Sarwate",Seed,,False,2016,Social Quotient
1346,2016-09-05,Stalk Buy Love,ecommerce,Fashion Apparel eTailer,New Delhi,single_location,William Bissel,Seed,,False,2016,Stalk Buy Love
1347,2016-09-06,eShakti,ecommerce,Women\xe2\x80\x99s Fashion Apparel eTailer,Chennai,single_location,"Infina Finance Pvt. Ltd, Uday Kotak",Private Equity,1350000.0,False,2016,eShakti
1348,2016-09-06,CheersOye!,consumer internet,Online Gift Vouchers platform,Mumbai,single_location,Undisclosed Investors,Seed,500000.0,False,2016,CheersOye!
1349,2016-09-06,Lenskart,ecommerce,Online Eyewear eTailer,New Delhi,single_location,PremjiInvest,Private Equity,,False,2016,Lenskart
1350,2016-09-06,BigStylist,consumer internet,Hyperlocal doorstep Beauty Services provider,Mumbai,single_location,Info Edge (India) Ltd,Private Equity,900000.0,False,2016,BigStylist
1351,2016-09-07,Zilingo,ecommerce,Online Fashion Retailer,Bangalore/ Bangkok,multiple_locations,"Venturra Capital, Sequoia India, Susquehanna International Group.  Wavemaker Partners, Beenext, Beenos, Digital Garage",Private Equity,8000000.0,False,2016,Zilingo
1352,2016-09-07,Alternacare,consumer internet,Online Doctor Consulting platform,New Delhi,single_location,Eros Labs,Seed,500000.0,False,2016,Alternacare
1353,2016-09-07,Simplilearn,education,Online Certification programs,Bengaluru,single_location,InnoVen Capital India,Private Equity,6000000.0,False,2016,Simplilearn
1354,2016-09-07,Prozo,ecommerce,Study Material Marketplace,Gurugram,single_location,"Earlsfield Capital, Sailender Solanki, Rajiv Solanki",Seed,315000.0,False,2016,Prozo
1355,2016-09-08,TopRankers,education,Online Test Preparation platform,Bengaluru,single_location,"CareerNet Consulting Pvt. Ltd, Ideation Initiative Pvt. Ltd,",Seed,670000.0,False,2016,TopRankers
1356,2016-09-08,BuildTraders,ecommerce,Online Construction Materials Marketplace,Bengaluru,single_location,Idein Ventures,Seed,200000.0,False,2016,BuildTraders
1357,2016-09-09,Byju\\xe2\\x80\\x99s,education,Online Learning App,Bengaluru,single_location,"Chan Zuckerberg Initiative, Times Internet Ltd, Sequoia Capital, Sofina, Lightspeed Ventures",Private Equity,50000000.0,False,2016,Byju\\xe2\\x80\\x99s
1358,2016-09-09,NoBroker,consumer internet,Online Home Rental platform,Bengaluru,single_location,Anand Chandrasekaran,Seed,,False,2016,NoBroker
1359,2016-09-10,Freshboxx,ecommerce,Fruits & vegetable eTailer,Hubli,single_location,Ravi Linganuri,Seed,,False,2016,Freshboxx
1360,2016-09-10,CureInstant,consumer internet,Social Health Networking Platform,New Delhi,single_location,Dr. Rameshwar Kumar,Seed,150000.0,False,2016,CureInstant
1361,2016-09-10,Poshtic,consumer internet,Online health & Wellness platform,Noida,single_location,"havya Sharma, Amit Nagar",Seed,450000.0,False,2016,Poshtic
1362,2016-09-10,KarmaCircles,consumer internet,Peer-to-peer Social Learning platform,New Delhi,single_location,"Harinder Takhar, Zain Raj, Dr. Prasad Kaipa, Abaran Deep, Aseem Sood, Mustafa Patni",Seed,,False,2016,KarmaCircles
1363,2016-09-12,Purple Style Labs,consumer internet,Personal Styling Online platform,Mumbai,single_location,"Augment Ventures, Rahul Kayan, Nikhil Golcha, Shubham Gupta, Roy Kwan",Seed,448000.0,False,2016,Purple Style Labs
1364,2016-09-12,Inuxu,technology,Online Advertising Solutions,Pune,single_location,Fork Media,Private Equity,3000000.0,False,2016,Inuxu
1365,2016-09-12,Nykaa,ecommerce,Online Beauty products eTailer,Mumbai,single_location,"Sunil Munjal, Mariwala family",Private Equity,12300000.0,False,2016,Nykaa
1366,2016-09-12,Glam Studios,consumer internet,Beauty Salon Aggregator,Noida,single_location,"Pradeep Mirani, Aqeel Ahmed, Anand Ladsariya, Nitin Agarwal",Seed,300000.0,False,2016,Glam Studios
1367,2016-09-13,Findow,consumer internet,Fashion Discovery Mobile app,Bengaluru,single_location,Raj Singh Bhandal,Seed,,False,2016,Findow
1368,2016-09-13,IdeaChakki,consumer internet,Restaurant Menu & Food mobile app,Delhi,single_location,Ratan Tata,Seed,,False,2016,IdeaChakki
1369,2016-09-13,ShoeKonnect,ecommerce,Footwear & Leather B2B App,Agra,single_location,Indian Angels Network,Seed,,False,2016,ShoeKonnect
1370,2016-09-13,NearBuy,consumer internet,Online Deals & Discount platform,Gurugram,single_location,BlackSoil Capital Pvt. Ltd.,Private Equity,2500000.0,False,2016,NearBuy
1371,2016-09-14,ZeroInfy,consumer internet,Online Video Lectures platform,Kolkata,single_location,Calcutta Angels Network,Seed,,False,2016,ZeroInfy
1372,2016-09-14,Flocareer,consumer internet,Jobs & Skill Validation platform,Bengaluru,single_location,"Balasubramanian Krishnamurthy, Sidhartha Hazarika & Others",Seed,150000.0,False,2016,Flocareer
1373,2016-09-14,LensPick,ecommerce,eyewear eTailer,Bengaluru,single_location,Scadea Solutions Inc,Private Equity,,False,2016,LensPick
1374,2016-09-15,infeedo,consumer internet,Employee engagement platform,Gurugram,single_location,"Dheeraj Jain, Palash Jain, Anupam Mittal, Ameera Shah,  Vivek Bhargava, Rahul Singh, Ambarish Gupta,",Seed,200000.0,False,2016,infeedo
1375,2016-09-15,Furlenco,ecommerce,Online furniture rental startup,Bengaluru,single_location,Lightbox Ventures and others,Private Equity,5000000.0,False,2016,Furlenco
1376,2016-09-15,GoPigeon,consumer internet,on-demand logistics service provider,Bengaluru,single_location,Nexus Venture Partners,Private Equity,1500000.0,False,2016,GoPigeon
1377,2016-09-16,NewsDistill,consumer internet,City based News Aggregator App,Hyderabad,single_location,"Ganesh Narasimhan, Ramana Thumu, Sudhir Mallem",Seed,100000.0,False,2016,NewsDistill
1378,2016-09-16,DoctorInsta,consumer internet,Online Doctor Consultations,Gurugram,single_location,RoundGlass Partners,Private Equity,1000000.0,False,2016,DoctorInsta
1379,2016-09-19,Milofy,consumer internet,Couple Socialization App,Bengaluru,single_location,Accel Partners,Seed,750000.0,False,2016,Milofy
1380,2016-09-19,Liqvid,technology,Integrated eLearning content solutions,New Delhi,single_location,Gray Matters Capital,Private Equity,,False,2016,Liqvid
1381,2016-09-19,Swiggy,consumer internet,Online Food Ordering & Delivery,Bengaluru,single_location,Bessemer Venture Partners,Private Equity,15000000.0,False,2016,Swiggy
1382,2016-09-20,Codemojo,consumer internet,Customer Engagement Platform,Bengaluru,single_location,CIO Angel Network,Seed,,False,2016,Codemojo
1383,2016-09-20,JustLikeNew,ecommerce,Online gadget Repair Services Marketplace,Hyderabad,single_location,LetsVenture,Seed,500000.0,False,2016,JustLikeNew
1384,2016-09-20,JoeHukum,technology,Enterprise customer engagement solutions,New Delhi,single_location,Sumit Jain,Seed,,False,2016,JoeHukum
1385,2016-09-21,Co Life,consumer internet,shared living and working spaces platform,Bengaluru,single_location,Undisclosed Investors,Seed,1000000.0,False,2016,Co Life
1386,2016-09-21,PurpleDocs,consumer internet,Electronic Health care records platform,Vadodara,single_location,"KellyGamma, Lead Angels & Others",Seed,,False,2016,PurpleDocs
1387,2016-09-21,Pepperfry,ecommerce,Furniture eTailer,Mumbai,single_location,"Goldman Sachs Group, Zodius Technology Fund, Norwest Venture Partners, Bertelsmann India",Private Equity,31300000.0,False,2016,Pepperfry
1388,2016-09-21,eQuickies,ecommerce,Online Book etailer,Ahmedabad,single_location,Lothal Angel Ventures,Seed,298000.0,False,2016,eQuickies
1389,2016-09-21,Khel Now,consumer internet,Mobile-based social networking platform,New Delhi,single_location,Anglian Omega Network,Seed,350000.0,False,2016,Khel Now
1390,2016-09-22,Gadgetwood,consumer internet,On-Demand Gadget repair services platform,New Delhi,single_location,Carpediem Capital,Private Equity,6000000.0,False,2016,Gadgetwood
1391,2016-09-22,DailyRounds,consumer internet,Mobile App for Doctors,Bengaluru,single_location,"Accel Partners, Beenext, Powerhouse Ventures, Akusa Holdings",Private Equity,,False,2016,DailyRounds
1392,2016-09-22,Flixy Games,technology,Mobile Game Publisher for Indian audience,Bengaluru,single_location,Rebright Partners,Seed,425000.0,False,2016,Flixy Games
1393,2016-09-22,HashTaag,technology,Mobile App Development company,Bengaluru,single_location,Undisclosed investors,Seed,1000000.0,False,2016,HashTaag
1394,2016-09-22,PharmaRack,technology,SAAS application for Pharma Industry,Pune,single_location,"Currae Healthtech Fund, Unicorn India Ventures",Private Equity,745000.0,False,2016,PharmaRack
1395,2016-09-23,\\xc2\\xa0CloudCherry,technology,CRM SAAS Platform,Chennai,single_location,"Vertex Ventures, Cisco Ventures, IDG Ventures",Private Equity,6000000.0,False,2016,\\xc2\\xa0CloudCherry
1396,2016-09-23,Parentlane,consumer internet,Social Platform for babycare and parenting,Bengaluru,single_location,Rohit MA,Seed,,False,2016,Parentlane
1397,2016-09-23,First Moms Club,consumer internet,Social Network for Mothers,Mumbai,single_location,Idea Wave Labs,Seed,,False,2016,First Moms Club
1398,2016-09-23,inMotion,technology,Financial platform for daily wage earning communities,Noida,single_location,"Prashant Tandon, Gaurav Agarwal, Gaurav Bhogle, Shrishti Sahu, Shantanu Mathur, Prabhat Aggarwal",Seed,,False,2016,inMotion
1399,2016-09-26,Let\xe2\x80\x99s Barter,consumer internet,Goods & Services Barter Platform,New Delhi,single_location,Scale Ventures Funds,Seed,,False,2016,Let\xe2\x80\x99s Barter
1400,2016-09-26,EvenGini,consumer internet,Event Registration and Ticketing platform,Chennai,single_location,Procam International Pvt. Ltd,Private Equity,,False,2016,EvenGini
1401,2016-09-27,TinyStep,consumer internet,Parenting Network Platform,Bengaluru,single_location,Flipkart Logistics Pvt. Ltd,Private Equity,1580000.0,False,2016,TinyStep
1402,2016-09-27,Canvs,consumer internet,Community Platform for Artists and Designers,Mumbai,single_location,Pratik Seal,Seed,,False,2016,Canvs
1403,2016-09-28,Beardo,ecommerce,Mens Grooming products etailer,Ahmedabad,single_location,Venture Catalysts,Seed,500000.0,False,2016,Beardo
1404,2016-09-28,Instacar,consumer internet,Out-Station Taxi Rental Platform,Indore,single_location,Swastika Co Ltd.,Seed,1000000.0,False,2016,Instacar
1405,2016-09-28,Celes Care,consumer internet,Virtual Health Clinic for Women,Hyderabad,single_location,Endiya Partners,Seed,1000000.0,False,2016,Celes Care
1406,2016-09-28,Druva,technology,Cloud Based Data Protection Solution,Pune,single_location,"Sequoia India, EDBI, Blue Cloud Ventures, Hercules Capital",Private Equity,51000000.0,False,2016,Druva
1407,2016-09-29,Promon,ecommerce,Local Commerce Platform,New Delhi,single_location,Now Capital,Seed,180000.0,False,2016,Promon
1408,2016-09-29,Fastudent,ecommerce,Education eCommerce platform,Noida,single_location,"Kanwaljit Singh, Ajay Lakhotia, Pavan Ongole, Ashish Gupta",Seed,,False,2016,Fastudent
1409,2016-09-29,Unocoin,consumer internet,Bitcoin Wallet,Bengaluru,single_location,"Blume Ventures, Mumbai Angels, ah! Ventures, Digital Currency Group, Boost VC, Bank to the Future and Funders Club",Private Equity,1500000.0,False,2016,Unocoin
1410,2016-09-30,Demyto,consumer internet,Vehicle maintenance Services platform,Pune,single_location,Deepak Nathani,Seed,,False,2016,Demyto
1411,2016-09-30,Zeta,technology,Enterprise Cloud Solutions,Mumbai,single_location,Bhavin Turakhia,Private Equity,19000000.0,False,2016,Zeta
1412,2016-09-30,Kalaage,consumer internet,Social Networking Platform for Writers,Jaipur,single_location,Rajasthan Angel Innovators Network,Seed,,False,2016,Kalaage
1413,2016-08-01,HealthKart,ecommerce,Online Pharmacy & Health Marketplace,Gurugram,single_location,"Sequoia Capital India, Omidyar Network, Kae Capital",Private Equity,12000000.0,False,2016,HealthKart
1414,2016-08-01,Medinfi,consumer internet,Doctor & Clinic\\xc2\\xa0 Discovery Platform,Bengaluru,single_location,"Mudit Saxena, Evan Lim",Seed,200000.0,False,2016,Medinfi
1415,2016-08-01,RepairEasy,consumer internet,Gadget Repair Services Platform,Pune,single_location,Undisclosed HNIs,Seed,275000.0,False,2016,RepairEasy
1416,2016-08-01,Voonik,ecommerce,Online Women\\xe2\\x80\\x99s Fashion Marketplace,Bengaluru,single_location,InnoVen Capital,Private Equity,3000000.0,False,2016,Voonik
1417,2016-08-01,Tokri,consumer internet,Hyperlocal Grocery Delivery platform,Pune,single_location,Syska LED group,Private Equity,2500000.0,False,2016,Tokri
1418,2016-08-02,Sheroes,consumer internet,Online Job and Career Platform for Women,Noida,single_location,"Lumis Partners, The HR Fund, Rajul Garg, Quintillion Media",Private Equity,1800000.0,False,2016,Sheroes
1419,2016-08-02,Daily Ninja,consumer internet,Hyperlocal daily needs Products delivery platform,Bengaluru,single_location,"Venk Krishnan, Aprameya Radhakrishna, Anupam Mittal, Kunal Shah, Tracxn Labs, Subramanya SV, Ravi Garkipati",Seed,,False,2016,Daily Ninja
1420,2016-08-02,Yumlane,food & beverage,Retail Food & Snack Offline centres,Mumbai,single_location,"Binny Bansal, Anupam Mittal, Sachin Bhatia, Darius Pandole, Kunal Khattar, Dheerag Jain",Seed,1000000.0,False,2016,Yumlane
1421,2016-08-03,Xcode,healthcare,Personal Genomics,Chennai,single_location,RoundGlass Partners,Private Equity,,False,2016,Xcode
1422,2016-08-03,ExtraCarbon,consumer internet,Waste Recycle Management platform,Gurugram,single_location,Brand Capital,Seed,225000.0,False,2016,ExtraCarbon
1423,2016-08-03,FlickBay,consumer internet,Mobile Based Bollywood Discovery platform,Mumbai,single_location,Paul Roy,Seed,890000.0,False,2016,FlickBay
1424,2016-08-04,Petoo,consumer internet,Food Delivery Platform,Bengaluru,single_location,Existing Investors,Seed,500000.0,False,2016,Petoo
1425,2016-08-04,lehlehsports,others,Sports Arena discovery,New Delhi,single_location,Anglian Omega Network,Seed,,False,2016,lehlehsports
1426,2016-08-05,Tricog,healthcare,Healthcare Analytics Platform,Bengaluru,single_location,"Inventus Capital Partners, Blume Ventures & Others",Private Equity,,False,2016,Tricog
1427,2016-08-06,VST Travels,technology,Travel Ticket Booking Software,Kerala,single_location,Promatus Group,Seed,27000.0,False,2016,VST Travels
1428,2016-08-08,AdPushUp,technology,Ad optimization Platform,New Delhi,single_location,"Geniee, Inc, Purvi Capital",Private Equity,,False,2016,AdPushUp
1429,2016-08-08,Wefly Indoor Skydiving,others,Indoor Skydiving Sports Provider,Mumbai,single_location,Swastika Company Ltd.,Seed,40000.0,False,2016,Wefly Indoor Skydiving
1430,2016-08-08,Mojarto,ecommerce,"Original Art, Digital Prints etailer",Gurugram,single_location,Undisclosed Investors,Seed,445000.0,False,2016,Mojarto
1431,2016-08-08,Zipgrid,consumer internet,Community services platform,Mumbai,single_location,1Crowd (through crowd funding),Seed,200000.0,False,2016,Zipgrid
1432,2016-08-09,MobiDent,healthcare,Dental Protection Solution,Bengaluru,single_location,Centre for Innovation Incubation and Entrepreneurship (CIIE),Seed,,False,2016,MobiDent
1433,2016-08-09,Zeolr/RespirON,technology,Healthcare related IoT platform,New Delhi,single_location,Centre for Innovation Incubation and Entrepreneurship (CIIE),Seed,,False,2016,Zeolr/RespirON
1434,2016-08-10,Vebbler,consumer internet,Photo Sharing Mobile App,Bengaluru,single_location,"Anupam Mittal, Sharad Sharma & 14 others",Seed,500000.0,False,2016,Vebbler
1435,2016-08-10,Bombay Shaving Company,ecommerce,Men\\xe2\\x80\\x99s Grooming Product etailer,New Delhi,single_location,"Noshir Kaka, Subramanian Ramadorai, Kiran Deshpande, Pankaj Gupta, Ravi Nigam & Others",Seed,600000.0,False,2016,Bombay Shaving Company
1436,2016-08-11,Travelyaari,consumer internet,Online ticket booking platform,Bengaluru,single_location,"Gujarat Venture Finance Limited (GVFL), Bennett Coleman & Co. Ltd",Private Equity,7000000.0,False,2016,Travelyaari
1437,2016-08-11,91SpringBoard,consumer internet,Co-Working Spaces Discovery & Booking platform,Mumbai,single_location,"Khattar Holdings, ThirtyThree Investments, Soumitra Sharma, Deepak Sharma, Sumit Dayal and others",Private Equity,,False,2016,91SpringBoard
1438,2016-08-11,Genextstudents,consumer internet,Online Tutoring Service provider,Mumbai,single_location,1Crowd (through crowdfunding),Seed,209000.0,False,2016,Genextstudents
1439,2016-08-11,Zenoti,technology,Cloud Based Software Solutions Provider,Hyderabad,single_location,"Norwest Venture Partners, Accel India",Private Equity,15000000.0,False,2016,Zenoti
1440,2016-08-12,Crofarm,technology,Agri-Tech supply chain Solution provider,Gurugram,single_location,"Mukul Singhal, Rohit Jain, Himanshu Aggrawal, Sunil Goyal Ashish Gupta,",Private Equity,1500000.0,False,2016,Crofarm
1441,2016-08-12,Faircent.com,consumer internet,peer-to-peer lending platform,Gurugram,single_location,Brand Capital,Private Equity,1500000.0,False,2016,Faircent.com
1442,2016-08-12,Innovaccer,technology,Integrated Enterprise Analytics Platform,Noida,single_location,Westbridge Capital Partners,Private Equity,15600000.0,False,2016,Innovaccer
1443,2016-08-12,Cuberoot,technology,Data Analytics & Audience Management Platform,Gurugram,single_location,Undisclosed Investors,Seed,500000.0,False,2016,Cuberoot
1444,2016-08-12,Funcastic,consumer internet,B2C vernacular podcast aggregator platform,New Delhi,single_location,"HT Media Ltd, North Base Media",Seed,,False,2016,Funcastic
1445,2016-08-15,Buttercups,ecommerce,Women Intimate Wear eTailer,Bengaluru,single_location,"Anand Chandrasekaran, Kanwaljit Singh, Manoj Varghese",Seed,,False,2016,Buttercups
1446,2016-08-16,Zappfresh,ecommerce,Raw Meat Products eTailer,Gurugram,single_location,Ashvin Chadha,Seed,,False,2016,Zappfresh
1447,2016-08-16,OyoRooms,consumer internet,Budget Hotels Aggregator,New Delhi,single_location,SoftBank Group,Private Equity,62000000.0,False,2016,Oyo Rooms
1448,2016-08-16,Hike,consumer internet,Mobile Messaging App,New Delhi,single_location,"Tencent Holdings, Foxconn Technology Group, Tiger Global, SoftBank Group, Bharti Enterprises",Private Equity,175000000.0,False,2016,Hike
1449,2016-08-16,Joolz,ecommerce,Online Jewellery Store,Mumbai,single_location,"Powerhouse Ventures, M&S Partners",Private Equity,500000.0,False,2016,Joolz
1450,2016-08-16,SaleBhai,ecommerce,"Sweets, Dry Fruits & Handicrafts etailer",Ahmedabad,single_location,Brand Capital,Private Equity,1500000.0,False,2016,SaleBhai
1451,2016-08-16,Makkajai,technology,Online & Mobile learning for kids,Pune,single_location,"Anand Chandrasekaran, Ananth Narayanan, Mekin Maheshwari, Ravi Garikipati, Divyesh Shah, Swastika Company Ltd",Seed,250000.0,False,2016,Makkajai
1452,2016-08-16,Gradopedia,consumer internet,Career progression Portal,Mumbai,single_location,Undisclosed Dubai based HNIs,Seed,,False,2016,Gradopedia
1453,2016-08-17,MaalGaadi,logistics,Online Logistics Marketplace,Indore,single_location,"Swan Angel Network,Sachin Khandelwal and others",Seed,375000.0,False,2016,MaalGaadi
1454,2016-08-17,ZiPi,technology,Mobile Chatbot App,Bengaluru,single_location,Swan Angel Network,Seed,,False,2016,ZiPi
1455,2016-08-17,Appknox,technology,Mobile security solutions,Bengaluru,single_location,"SeedPlus, Infocomm Investments, Accel Partners RNT Associates",Private Equity,675000.0,False,2016,Appknox
1456,2016-08-17,Pikkol,logistics,Packers & Movers,Bengaluru,single_location,Indian Angel Network,Seed,,False,2016,Pikkol
1457,2016-08-18,Meesho,ecommerce,Mobile based eCommerce SAAS platform,Bengaluru,single_location,"Kashyap Deorah, Rajul Garg, Maninder Gulati",Seed,,False,2016,Meesho
1458,2016-08-18,Sesame Software,technology,Financial Technology Solutions Provider,Kozhikode,single_location,Speridian Technologies,Private Equity,,False,2016,Sesame Software
1459,2016-08-19,Quikr,consumer internet,Classified Listings platform,Mumbai,single_location,Brand Capital,Private Equity,20000000.0,False,2016,Quikr
1460,2016-08-19,Digio,technology,Aadhar based Document Signing platform,Bengaluru,single_location,Rainmatter,Private Equity,375000.0,False,2016,Digio
1461,2016-08-19,Ziffity,technology,Full Service Ecommerce Agency,Chennai,single_location,Aspire Systems,Private Equity,,False,2016,Ziffity
1462,2016-08-22,Zzungry,consumer internet,Food Delivery platform,Bengaluru,single_location,"Satish Vasudeva, Madhusudhan Jujare & Others",Seed,,False,2016,Zzungry
1463,2016-08-22,Puro Wellness,healthcare,"Organic,\\xc2\\xa0 Natural\\xc2\\xa0 Food substitute manufacturer",Mumbai,single_location,Torrent Group,Private Equity,37000000.0,False,2016,Puro Wellness
1464,2016-08-22,Fitternity,consumer internet,Fitness Gym & Services Discovery platform,Mumbai,single_location,"Saha Fund, Exfinity Venture Partners & Others",Private Equity,,False,2016,Fitternity
1465,2016-08-23,TAC Security,technology,Cyber-Security Solutions Provider,New Delhi,single_location,Vijay Kedia,Seed,,False,2016,TAC Security
1466,2016-08-23,Notesgen,consumer internet,Online Notes Sharing Portal,New Delhi,single_location,"Riju Gupta, Kamal Chabra",Seed,100000.0,False,2016,Notesgen
1467,2016-08-23,NearU,consumer internet,Marketing app for retailers,Mumbai,single_location,Dr. Goutam Challagalla,Seed,,False,2016,NearU
1468,2016-08-23,Octo.ai,technology,Artificial Intelligence based marketing platform,New Delhi,single_location,"Outbox Ventures, Jaspreet Bindra, Arjun Malhotra, Rohan Malhotra, Sidharth Rao, Rakesh Agrawal",Seed,200000.0,False,2016,Octo.ai
1469,2016-08-24,ShaadiSaga,consumer internet,Wedding Website Creator,New Delhi,single_location,"ah! Ventures, Anupam Mittal, Kunal Shah, Sandeep Tandon, Dheeraj Jain, Rohit Chokhani",Seed,,False,2016,ShaadiSaga
1470,2016-08-24,UnaAcademy,consumer internet,Free Interactive education platform,Bengaluru,single_location,"Blume Ventures, Sachin Bansal, Vijay Shekhar Sharma, Binny Bansal,  Kunal Shah, Sandeep Tandon, Ashish Tulsian",Private Equity,1000000.0,False,2016,UnaAcademy
1471,2016-08-24,Advenio,technology,Clinical Imaging Solution Provider,Chandigarh,single_location,Kalaari Capital,Seed,100000.0,False,2016,Advenio
1472,2016-08-24,Guarented,ecommerce,Home Furnishing rental marketplace,Bengaluru,single_location,Kalaari Capital,Seed,500000.0,False,2016,Guarented
1473,2016-08-24,Beyond Evolution,technology,Mobile Apps & Tech Services provider,Gurugram,single_location,"Vineet Taneja, Kamal Puri",Seed,,False,2016,Beyond Evolution
1474,2016-08-24,Uber Dreams,ecommerce,Dreams fulfilling marketplace,Mumbai,single_location,Mohit Lalvani,Seed,500000.0,False,2016,Uber Dreams
1475,2016-08-24,Convegenius,education,Edutainment platform,Noida,single_location,Michael and Susan Dell Foundation,Private Equity,900000.0,False,2016,Convegenius
1476,2016-08-24,UrbanLadder,ecommerce,Online Furniture Store,Mumbai,single_location,Trifecta Capital,Private Equity,3000000.0,False,2016,UrbanLadder
1477,2016-08-24,enCashea,consumer internet,Scrap Collection and Recycling platform,Bengaluru,single_location,"Kunal Shah, Sandeep Tandon, Tracxn Labs",Seed,,False,2016,enCashea
1478,2016-08-25,EngineerBabu,technology,Mobile App & Web Development company,Indore,single_location,Scale Ventures,Seed,,False,2016,EngineerBabu
1479,2016-08-25,Cult,healthcare,Health and Fitness Centres,Bengaluru,single_location,CureFit,Private Equity,3000000.0,False,2016,Cult
1480,2016-08-25,WitWorks,technology,Consumer IoT Startup,Bengaluru,single_location,"Fireside Ventures, Investopad, P39 Capital, Anupam Mittal, Pranay Jivrajka, Maninder Gulati, Abhinav Sinha",Seed,,False,2016,WitWorks
1481,2016-08-25,NearFox,consumer internet,Local Lifestyle Content and Discovery Platform,Mumbai,single_location,"Globevestor Angel Fund, Devendra Rane, Ravi Jain,  Arpan Nagdeve",Seed,,False,2016,NearFox
1482,2016-08-25,ZoomCar,consumer internet,Self-driven car booking platform,Bengaluru,single_location,Ford Smart Mobility Llc,Private Equity,24000000.0,False,2016,ZoomCar
1483,2016-08-26,Plix,consumer internet,Photo and Video Sharing App,Gurugram,single_location,Instalabs,Seed,500000.0,False,2016,Plix
1484,2016-08-26,Mobikwik,consumer internet,Digital Wallet platform,Gurugram,single_location,Net1 UEPS Technologies Inc,Private Equity,40000000.0,False,2016,Mobikwik
1485,2016-08-26,MyDidi,consumer internet,"on-demand, hyper-local Cleaning services provider",Mumbai,single_location,Undisclosed Ex Mckinsey Directors and Partners,Seed,550000.0,False,2016,MyDidi
1486,2016-08-26,CrownIt,consumer internet,Cashback Mobile app,Gurugram,single_location,"Kunal Shah & Sandeep Tandon, Girish Mathrubootham, Anand Chandrasekaran",Seed,,False,2016,CrownIt
1487,2016-08-29,LoanTap,consumer internet,Lending platform for Salaried professionals,Mumbai,single_location,"Dr. Abhishek Pandey, Jaysukh Sapra",Private Equity,3000000.0,False,2016,LoanTap
1488,2016-08-29,Runnr,consumer internet,hyperlocal Logistics services provider,Bengaluru,single_location,"Nexus Venture Partners, Blume Ventures",Private Equity,7000000.0,False,2016,Runnr
1489,2016-08-29,Zolo,consumer internet,on-demand online talent marketplace,Noida,single_location,Hitouch AG,Private Equity,,False,2016,Zolo
1490,2016-08-29,Notion Press,consumer internet,Self-Publishing books platform,Chennai,single_location,Undisclosed HNI investors,Private Equity,1000000.0,False,2016,Notion Press
1491,2016-08-29,LivSpace,consumer internet,Online portal for Home Design,Bengaluru,single_location,"Bessemer Venture Partners, Jungle Ventures, Helion Ventures",Private Equity,15000000.0,False,2016,LivSpace
1492,2016-08-30,iAugmentor Labs,technology,Assessment & Learning Platform,Gurugram,single_location,Rajasthan Angel Investor Network & Others,Seed,149000.0,False,2016,iAugmentor Labs
1493,2016-08-30,DayBox,consumer internet,Fruit & Vegetable Delivery platform,New Delhi,single_location,"Ashutosh Lawania, Rajul Jain, Badal Malick, Rishi Gupta & Others",Seed,104000.0,False,2016,DayBox
1494,2016-08-30,Paytm,ecommerce,Mobile Wallet & ECommerce platform,Bengaluru,single_location,MediaTek Inc.,Private Equity,60000000.0,False,2016,Paytm
1495,2016-08-30,CropIn,technology,Agriculture Technology Solutions,Bengaluru,single_location,Sophia Investment ApS,Private Equity,2000000.0,False,2016,CropIn
1496,2016-08-30,Canvera,consumer internet,Photographer Discovery & Information platform,Bengaluru,single_location,Info Edge (India) Ltd,Private Equity,3000000.0,False,2016,Canvera
1497,2016-08-30,Prime Focus Technologies,technology,Hybrid Cloud technology enabled Media ERP platform,Mumbai,single_location,Ambit Pragma,Private Equity,,False,2016,Prime Focus Technologies
1498,2016-08-31,Flyrobe,ecommerce,Online fashion rental platform,Mumbai,single_location,"IDG Ventures, Sequoia Capital, GREE Ventures",Private Equity,5300000.0,False,2016,Flyrobe
1499,2016-08-31,inclov,consumer internet,Matchmaking App for Disabled,Mumbai,single_location,"Sarbvir Singh, Raghav Bahl",Seed,,False,2016,inclov
1500,2016-07-01,RazorPay,consumer internet,Online Payment Gateway,Bengaluru,single_location,MasterCard,Private Equity,,False,2016,RazorPay
1501,2016-07-01,DarwinBox,technology,HR Software Services Startup,Hyderabad,single_location,"3one4 Capital, Tracxn Labs, Aaruha Technology Fund, Endiya Partners",Seed,,False,2016,DarwinBox
1502,2016-07-01,Venture Catalysts,consumer internet,Seed Investment & Innovation Platform,Mumbai,single_location,Zaffiro Ventures,Seed,500000.0,False,2016,Venture Catalysts
1503,2016-07-01,PressPlay TV,consumer internet,Video Content Discovery Platform,New Delhi,single_location,"Sequoia Capital, SD Ventures, Vistaar Investment Advisors Pvt. Ltd.",Private Equity,,False,2016,PressPlay TV
1504,2016-07-02,Playment,consumer internet,Mobile Marketplace for Crowdsourced Work,Bengaluru,single_location,SAIF Partners,Private Equity,700000.0,False,2016,Playment
1505,2016-07-04,WealthTrust,consumer internet,Wealth Management App,Mumbai,single_location,India Quotient,Seed,,False,2016,WealthTrust
1506,2016-07-04,Curefit,consumer internet,Online Preventive Healthcare Platform,Bengaluru,single_location,"Accel Partners, IDG Ventures, Kalaari Capital",Private Equity,15000000.0,False,2016,Curefit
1507,2016-07-04,StitchWood,ecommerce,Custom Furniture Online,Mumbai,single_location,Deepak Gupta,Seed,200000.0,False,2016,StitchWood
1508,2016-07-04,Grab.in,logistics,hyperlocal logistics service,Mumbai,single_location,Aramex Ventures Llc,Private Equity,2000000.0,False,2016,Grab.in
1509,2016-07-04,Fulfil.IO,consumer internet,Cloud Based ERP Software,US,single_location,Rajan Anandan,Seed,,False,2016,Fulfil.IO
1510,2016-07-04,NeoGrowth,finance,SME Lending platform,Mumbai,single_location,"IIFL Wealth Management Seed Venture Fund, Omidyar Network, Khosla Impact, Aspada",Private Equity,16000000.0,False,2016,NeoGrowth
1511,2016-07-05,SeeDoc,consumer internet,Video Based Doctor Consulting platform App,Gurugram,single_location,YourNest Angel Fund  & Others,Private Equity,1000000.0,False,2016,SeeDoc
1512,2016-07-05,BookMyShow,consumer internet,Event & Movie Ticketing platform,Mumbai,single_location,"Stripes Group, Network 18, Accel Partners, SAIF Partners",Private Equity,82000000.0,False,2016,BookMyShow
1513,2016-07-05,Flyrobe,ecommerce,Online fashion rental platform,Mumbai,single_location,"Sequoia Capital, Rohit Bansal, Kunal Bahl, Sandeep Tandon, Kunal Shah, Zishaan Hayath,  Abhishek Jain",Seed,1700000.0,False,2016,Flyrobe
1514,2016-07-06,HappilyUnmarried,ecommerce,Online Merchandize etailer,New Delhi,single_location,Info Edge (India) Ltd,Private Equity,740000.0,False,2016,HappilyUnmarried
1515,2016-07-06,Don\\xe2\\x80\\x99t Scratch Your Head,technology,Full Stack Offline & Online ERP Solution,Ahmedabad,single_location,"Gaurav Singhvi, Zaffiro Ventures",Seed,250000.0,False,2016,Don\\xe2\\x80\\x99t Scratch Your Head
1516,2016-07-06,Wedding Wishlist,consumer internet,"Wedding Wishlist, Gifts & Registry Creation platform",Chennai,single_location,"Kirthiga Reddy, Renuka Ramanath,Cherry Tin",Seed,297000.0,False,2016,Wedding Wishlist
1517,2016-07-07,AppDaily,technology,Mobile Security App development & Distribution,Mumbai,single_location,"Kalaari Capital, Qualcomm Ventures, ru-Net, Zodius Technology Opportunities Fund,",Private Equity,2000000.0,False,2016,AppDaily
1518,2016-07-07,Adytude,consumer internet,Gamified Consumer Insights Portal,New Delhi,single_location,Indian Angel Network,Private Equity,1000000.0,False,2016,Adytude
1519,2016-07-07,Quickli,logistics,On-Demand Delivery Startup,Gurugram,single_location,"AVG Group, 500 Startups",Private Equity,,False,2016,Quickli
1520,2016-07-07,SpectraVR,technology,Virtual Reality Content Studio,Mumbai,single_location,Rothenberg Ventures,Seed,,False,2016,SpectraVR
1521,2016-07-08,Pitstop,consumer internet,Online Car Repair and Servicing Booking platform,Bengaluru,single_location,"Alex Chua, Rahul Garg",Seed,,False,2016,Pitstop
1522,2016-07-08,HolaChef,consumer internet,Online Food Ordering & Delivery Platform,Mumbai,single_location,"Kalaari Capital, India Quotient",Private Equity,1950000.0,False,2016,HolaChef
1523,2016-07-11,Purplle,ecommerce,Beauty Products Marketplace,Mumbai,single_location,"JSW Ventures, Blume Ventures & IvyCap Ventures",Private Equity,6000000.0,False,2016,Purplle
1524,2016-07-11,Trak N Tell,technology,Car Tracking & Safety System,Gurugram,single_location,Brian Acton,Private Equity,3500000.0,False,2016,Trak N Tell
1525,2016-07-11,Overcart.com,ecommerce,Unboxed & refurbished electronic products marketplace,Gurugram,single_location,"JSW Ventures, Omidyar Network, Sattva Capital, Venture Works",Private Equity,3000000.0,False,2016,Overcart.com
1526,2016-07-12,SirionLabs,technology,SAAS based Service Agreement Management,Gurugram,single_location,Sequoia Capital,Private Equity,12250000.0,False,2016,SirionLabs
1527,2016-07-12,GyanDhan,consumer internet,Education Focused Financing Platform,New Delhi,single_location,"Stanford Angels & Entrepreneurs, Harvard Angels",Seed,,False,2016,GyanDhan
1528,2016-07-12,MintM,consumer internet,Digital Marketing & AdTech Platform,Bengaluru,single_location,"Mumbai Angels,  Times Internet",Private Equity,,False,2016,MintM
1529,2016-07-12,HitGrit,consumer internet,Online Legal Consultation platform,Chandigarh,single_location,"Ashish Mahajan, Sarvesh Sharma",Seed,,False,2016,HitGrit
1530,2016-07-12,Find My Stay,consumer internet,Online Budget Hotel Aggregator & Booking Platform,New Delhi,single_location,"Rishi Parti, Yogesh Bansal",Seed,,False,2016,Find My Stay
1531,2016-07-13,YAAP,consumer internet,"Online Content Discovery, Creation & Distribution Platform",New Delhi,single_location,Rainmaker Ventures,Private Equity,5000000.0,False,2016,YAAP
1532,2016-07-13,Utoo Cabs,consumer internet,Cab aggregation & Rental platform,Chennai,single_location,Ajay Piramal,Seed,,False,2016,Utoo Cabs
1533,2016-07-13,Twigly,consumer internet,Online Food Ordering & Delivery Startup,Gurugram,single_location,"Tracxn Labs, Hyderabad Angels, Kunal Shah, Gaurav Bhalotia",Seed,600000.0,False,2016,Twigly
1534,2016-07-13,ShareChat,consumer internet,Vernacular Language Content Creation & Sharing App,Bengaluru,single_location,"SAIF Partners, India Quotient",Private Equity,1350000.0,False,2016,ShareChat
1535,2016-07-13,Urban Tailor,consumer internet,E-Tailoring service provider,Bengaluru,single_location,Unitus Seed Fund,Private Equity,,False,2016,Urban Tailor
1536,2016-07-13,RentMojo,consumer internet,Online Furniture Renting Platform,Bengaluru,single_location,"Accel Partners, IDG Ventures India",Private Equity,5000000.0,False,2016,RentMojo
1537,2016-07-13,CityFurnish,consumer internet,Online Furniture Renting Platform,Gurugram,single_location,Brand Capital,Seed,,False,2016,CityFurnish
1538,2016-07-13,HEAL Institute,healthcare,Sports Focused Healthcare Startup,Mumbai,single_location,"Jaspal Bindra, Parth Jindal",Seed,,False,2016,HEAL Institute
1539,2016-07-14,Augrav,ecommerce,Personalized precious Jewellery etailer,Coimbatore,single_location,Keiretsu Forum,Seed,450000.0,False,2016,Augrav
1540,2016-07-14,ShoppinPal,technology,M-Commerce Solutions for Retail Stores,Pune,single_location,"Plug and Play Tech Center, Steelhead Ventures & Others",Private Equity,1070000.0,False,2016,ShoppinPal
1541,2016-07-14,TransTutors / AskIITians,consumer internet,Online Education & Tutoring portals,New Delhi,single_location,500 Startups,Private Equity,,False,2016,TransTutors / AskIITians
1542,2016-07-15,WorkApps,technology,Enterprise Work Management Software,Pune,single_location,SRI Capital,Seed,1000000.0,False,2016,WorkApps
1543,2016-07-15,BankerBay,consumer internet,Online Investment Banking platform,Bengaluru,single_location,undisclosed investors,Private Equity,2000000.0,False,2016,BankerBay
1544,2016-07-15,BaggOut,ecommerce,Women\\xe2\\x80\\x99s Fashion etailer,New Delhi,single_location,"Sumit Jain, Sumit Jain, Anurag Gupta, Varun Khanna, Faraz Khan",Seed,,False,2016,BaggOut
1545,2016-07-15,TripShelf,ecommerce,Travel Package Marketplace,New Delhi,single_location,GEMS group,Seed,250000.0,False,2016,TripShelf
1546,2016-07-15,SatvaCart,ecommerce,Online Grocers,New Delhi,single_location,"Abhijit Avasthi, Karan Chellani, SP Vijay",Seed,,False,2016,SatvaCart
1547,2016-07-15,Ridlr,consumer internet,Public Transport Mobile App,Mumbai,single_location,"Times Internet, Innoven Capital, Matrix Partners India, Qualcomm Ventures",Private Equity,6000000.0,False,2016,Ridlr
1548,2016-07-18,Yellowdig,consumer internet,Online Learning Platform,Pune,single_location,SRI Capital,Seed,650000.0,False,2016,Yellowdig
1549,2016-07-18,Zuppler,consumer internet,Online Food Ordering platform,New Delhi,single_location,SRI Capital,Seed,650000.0,False,2016,Zuppler
1550,2016-07-18,BlueStone,ecommerce,Jewellery Etailer,Mumbai,single_location,"IIFL and Accel Partners, Kalaari Capital, IvyCap Ventures, RB Investments",Private Equity,30000000.0,False,2016,BlueStone
1551,2016-07-18,underDOGS,technology,Game Development Startup,Mumbai,single_location,Intelli Reboot Digital Pvt. Ltd,Private Equity,,False,2016,underDOGS
1552,2016-07-18,ImageProVision,technology,Image Analysis Solutions,Pune,single_location,Satish Jamdar,Seed,,False,2016,ImageProVision
1553,2016-07-19,Sagacito,technology,Cloud-Based Enterprise Solutions,New Delhi,single_location,Star India Pvt. Ltd,Private Equity,10000000.0,False,2016,Sagacito
1554,2016-07-19,Deal4Loans / Wishfin,consumer internet,\\nLoans Comparison platform\\n\\n\\n\\n     (adsbygoogle = window.adsbygoogle || []).push({});\\n\\n,Noida,single_location,Franklin Templeton International Services Pvt. Ltd,Private Equity,15000000.0,False,2016,Deal4Loans / Wishfin
1555,2016-07-19,NiYO Solutions,technology,Payroll & Benefits Software solutions,Bengaluru,single_location,Prime Venture Partners,Private Equity,1000000.0,False,2016,NiYO Solutions
1556,2016-07-19,AppLop,consumer internet,Mobile Apps SaaS Platform,Gurugram,single_location,Green House Ventures Accelerator,Seed,250000.0,False,2016,AppLop
1557,2016-07-20,Tax2Win,consumer internet,Online Tax Filing Portal,Jaipur,single_location,Undisclosed Investors,Private Equity,1000000.0,False,2016,Tax2Win
1558,2016-07-20,Truckola,logistics,Tech-focused cargo transport startup,Mumbai,single_location,"Abhishek Agarwal, Krishnakumar Nataraj, Sarath Sura, Shanti Mohan, Sarthak and Nihit Agarwal, Suramya Gupta",Seed,595000.0,False,2016,Truckola
1559,2016-07-20,iServe Financial,consumer internet,Loan Comparison & Deals platform,Pune,single_location,Nilesh Shah,Seed,,False,2016,iServe Financial
1560,2016-07-21,MyTaxiIndia,consumer internet,Online Car rental booking platform,New Delhi,single_location,Nihon Kotsu Co,Private Equity,1000000.0,False,2016,MyTaxiIndia
1561,2016-07-21,AbeRuk,ecommerce,Online Marketplace for books,Bengaluru,single_location,Swastika Company Pvt Ltd,Seed,,False,2016,AbeRuk
1562,2016-07-21,Wiwigo,consumer internet,Inter-City Taxi Booking platform,Bengaluru,single_location,Indian Angel Network,Seed,595000.0,False,2016,Wiwigo
1563,2016-07-21,Drums Food,food & beverage,Yogurt and Ice Cream maker,Mumbai,single_location,"Verlinvest, DSG Consumer Partners",,,False,2016,Drums Food
1564,2016-06-01,Chikoop,consumer internet,Free Ad based Voice Calling,Indore,single_location,Undisclosed Investors,Seed,,False,2016,Chikoop
1565,2016-06-01,BRIDGEi2I,technology,Data Analytics Platform,Bengaluru,single_location,Edelweiss Private Equity,Private Equity,,False,2016,BRIDGEi2I
1566,2016-06-02,Droom,ecommerce,Online marketplace for used automobiles,New Delhi,single_location,"Beenext, Digital Garage, Lightbox, Beenos",Private Equity,,False,2016,Droom
1567,2016-06-02,Visit,consumer internet,On-Demand Healthcare Service provider,New Delhi,single_location,MapmyIndia,Seed,,False,2016,Visit
1568,2016-06-02,Atomberg,technology,"smart, energy efficient home appliance manufacturer",Mumbai,single_location,Parampara Capital,Private Equity,1000000.0,False,2016,Atomberg
1569,2016-06-02,Coutloot,ecommerce,Fashion Re-Commerce Platform,Mumbai,single_location,Venture Catalysts,Seed,,False,2016,Coutloot
1570,2016-06-02,Limo,consumer internet,Bus Aggregator Mobile app,Mumbai,single_location,Rainmaker Ventures,Private Equity,1000000.0,False,2016,Limo
1571,2016-06-03,iCliniq,consumer internet,Doctor Consultation platform,Bengaluru,single_location,MadhanKumar Madathupalayam,Seed,,False,2016,iCliniq
1572,2016-06-03,GoGo Truck,consumer internet,Truck Aggregator & Booking platform,Chennai,single_location,Undisclosed Investor,Seed,75000.0,False,2016,GoGo Truck
1573,2016-06-03,Vyome Biosciences,healthcare,Treatment Development for Antibiotic-resistant diseases,New Delhi,single_location,Romulus Capital,Private Equity,2000000.0,False,2016,Vyome Biosciences
1574,2016-06-06,SillyMonks,consumer internet,Digital Media and Entertainment Startup,Hyderabad,single_location,Sreenivasa Reddy Musani,Seed,448000.0,False,2016,SillyMonks
1575,2016-06-07,CueMath,education,K-12 Maths Learning Courses,Bengaluru,single_location,"Sequoia Capital, Unitus Seed Fund",Private Equity,4000000.0,False,2016,CueMath
1576,2016-06-07,KrazyBee,consumer internet,Student Micro-Loan platform,Bengaluru,single_location,"Yeahmobi, Fenqile",Private Equity,2000000.0,False,2016,KrazyBee
1577,2016-06-07,Intgrea,technology,Post merger Integration Partners,Bengaluru,single_location,Undisclosed Investor,Seed,100000.0,False,2016,Intgrea
1578,2016-06-07,HelpShift,technology,Mobile CRM Platform,Pune,single_location,"Microsoft Ventures, Salesforce Ventures",Private Equity,23000000.0,False,2016,HelpShift
1579,2016-06-07,CreditVidya,technology,Credit Scoring Platform,Mumbai,single_location,Kalaari Capital,Private Equity,1000000.0,False,2016,CreditVidya
1580,2016-06-08,Grey Campus,consumer internet,Online Learning Platform,Hyderabad,single_location,Sarath Sura,Seed,1000000.0,False,2016,Grey Campus
1581,2016-06-08,ListUp,ecommerce,Location based Classified Mobile app,Mumbai,single_location,"Kae Capital, Kunal Shah, Sandeep Tandon",Seed,500000.0,False,2016,ListUp
1582,2016-06-08,6Degree,technology,Tech-enabled Fashion Talent platform,Mumbai,single_location,Indian Angel Network,Seed,200000.0,False,2016,6Degree
1583,2016-06-08,Shopwati,consumer internet,Online Fashion Discussion Community,Gurugram,single_location,Sanjiv Rai,Seed,,False,2016,Shopwati
1584,2016-06-08,Cookifi,consumer internet,Online Chef Discovery & Booking Service,Bengaluru,single_location,"Kunal Shah, Aneesh Reddy, Tracxn Labs, Venkat Tadanki, Krishna Mehra, Amit Rathore",Seed,,False,2016,Cookifi
1585,2016-06-08,StoreKing,ecommerce,Connecting Small Town Consumers to E-Commerce,Bengaluru,single_location,Axiata Digital,Private Equity,16000000.0,False,2016,StoreKing
1586,2016-06-08,Wired Hub,real estate,Co-Working Spaces,Jaipur,single_location,"Ankit Maheshwari, Anand Singh",Seed,,False,2016,Wired Hub
1587,2016-06-08,MySeniorDoctor,consumer internet,Online medical support platform,Gurugram,single_location,BlackJag Partners,Seed,200000.0,False,2016,MySeniorDoctor
1588,2016-06-09,Teabox,ecommerce,Online Tea Store,Siliguri,single_location,Cameron Jones,Seed,,False,2016,Teabox
1589,2016-06-09,ExtraaEdge,consumer internet,Student Acquisition Platform,Pune,single_location,"Ritesh Dwivedy, Priti Padhy",Seed,,False,2016,ExtraaEdge
1590,2016-06-09,EPayLater,technology,Fin-Tech Platform,Mumbai,single_location,3 undisclosed HNIs,Seed,2000000.0,False,2016,EPayLater
1591,2016-06-10,Kyazoonga,ecommerce,Online event ticketing Platform,Mumbai,single_location,Ratan Tata,Seed,,False,2016,Kyazoonga
1592,2016-06-10,Paytunes,consumer internet,Mobile based rewards platform,New Delhi,single_location,"CIO Angel Network, Indian Angel Network",Private Equity,500000.0,False,2016,Paytunes
1593,2016-06-10,Kickstart Jobs,technology,Entry level hiring platform,Gurugram,single_location,"Vivek Joshi, Mohit Satyanand, Amit Banati, Arun Khanna",Seed,,False,2016,Kickstart Jobs
1594,2016-06-10,Freshee,fmcg,Household packaging & Storage product manufacturer,Mumbai,single_location,Edelweiss Private Equity,Private Equity,,False,2016,Freshee
1595,2016-06-10,MadRat Games,technology,Wearable Gaming Platform,Bengaluru,single_location,"Ratan Tata, Bhavish Aggarwal, Ankit Bhati, Binny Bansal, Girish Mathrubootham",Seed,,False,2016,MadRat Games
1596,2016-06-11,Jazzmyride,ecommerce,Auto Parts & Accessories eTailer,New Delhi,single_location,TVS Automobile Solutions Ltd,Private Equity,,False,2016,Jazzmyride
1597,2016-06-11,AutoSense,technology,Data Analytics based Customer Management Services,New Delhi,single_location,TVS Automobile Solutions Ltd,Private Equity,,False,2016,AutoSense
1598,2016-06-11,Redsun Telematics,consumer internet,Internet of Things Platform,Chennai,single_location,TVS Automobile Solutions Ltd,Private Equity,,False,2016,Redsun Telematics
1599,2016-06-13,KhanaGadi,consumer internet,Online Food Delivery for Train Travelers,Jaipur,single_location,50K Ventures,Seed,,False,2016,KhanaGadi
1600,2016-06-13,Bombay Shirt Company,ecommerce,Online custom Shirt retailer,Mumbai,single_location,undisclosed investor,Private Equity,1000000.0,False,2016,Bombay Shirt Company
1601,2016-06-13,Matrubharti,consumer internet,e-Book Publisher,,single_location,Viridian Capital,Seed,30000.0,False,2016,Matrubharti
1602,2016-06-14,EdTechReview,consumer internet,Education based online portal,New Delhi,single_location,EVC Ventures,Seed,,False,2016,EdTechReview
1603,2016-06-14,Bonhomia,food & beverage,Premium Tea & Coffee Capsules maker,New Delhi,single_location,Valpro Capital and existing investors,Private Equity,,False,2016,Bonhomia
1604,2016-06-14,Gobolt,logistics,B2B Logistics provider,New Delhi,single_location,MCube8,Seed,,False,2016,Gobolt
1605,2016-06-14,Jivox,technology,Data Driven Advertising platform,Bengaluru,single_location,"You & Mr Jones, Fortisure Ventures, Diaz Nesamoney",Private Equity,6000000.0,False,2016,Jivox
1606,2016-06-14,Sminq,consumer internet,Queue management Mobile app,Pune,single_location,"Saama Capital, Blume Ventures & Vaibhav Domkundwar",Seed,1000000.0,False,2016,Sminq
1607,2016-06-14,CureJoy,consumer internet,Online Alternative health community platform,Bengaluru,single_location,Accel Partners India,Private Equity,4400000.0,False,2016,CureJoy
1608,2016-06-15,Oneway.cab,consumer internet,Taxi Rental Platform,Vadodara,single_location,Indian Angel Network,Seed,450000.0,False,2016,Oneway.cab
1609,2016-06-15,GrabOnRent,ecommerce,On-demand product rental marketplace,Bengaluru,single_location,IvyCap Ventures and Unicorn India Ventures,Private Equity,,False,2016,GrabOnRent
1610,2016-06-16,Diro Labs,consumer internet,Contact Management Mobile App,New Delhi,single_location,Info Edge (India) Ltd,Private Equity,450000.0,False,2016,Diro Labs
1611,2016-06-16,Unnati Helpers,consumer internet,Help Hiring Platform,Gurugram,single_location,Info Edge (India) Ltd,Private Equity,600000.0,False,2016,Unnati Helpers
1612,2016-06-16,Athletto,consumer internet,Sports Venue discovery and booking platform,Bengaluru,single_location,Atul Ingle,Seed,,False,2016,Athletto
1613,2016-06-16,Saavn,consumer internet,Web/Mobile Music Streaming service,USA,single_location,Guy Oseary,Private Equity,,False,2016,Saavn
1614,2016-06-16,Voonik,ecommerce,Online Women\\xe2\\x80\\x99s Fashion Marketplace,Bengaluru,single_location,Sequoia Capital,Private Equity,20000000.0,False,2016,Voonik
1615,2016-06-16,ThinkPhi,technology,Sustainable Green Tech Solution developer,Mumbai,single_location,Nimmagadda Prasad,Seed,,False,2016,ThinkPhi
1616,2016-06-17,Cleartax,consumer internet,Online Tax Filing Platform,New Delhi,single_location,"Ravi Adusumalli, SAIF Partners",Private Equity,12000000.0,False,2016,Cleartax
1617,2016-06-17,Silvan Innovation Labs,technology,Home Automation Solutions,Bengaluru,single_location,Infuse Ventures,Private Equity,900000.0,False,2016,Silvan Innovation Labs
1618,2016-06-17,GreytHR,technology,Payroll & HR Software Developer,Bengaluru,single_location,"New Enterprise Associates (NEA), Blume Ventures",Private Equity,5200000.0,False,2016,GreytHR
1619,2016-06-17,Duffl,ecommerce,Fashion Rental Marketplace,Bengaluru,single_location,BetOnIndia Technology Pvt Ltd,Seed,,False,2016,Duffl
1620,2016-06-17,BYG,consumer internet,Fitness centre Discovery & Booking Mobile app,Bengaluru,single_location,"Sanjay Verma, Amit Khanna (LetsVenture)",Seed,,False,2016,BYG
1621,2016-06-20,Dipper,ecommerce,Freight Logistics Marketplace,New Delhi,single_location,Undisclosed investor,Seed,,False,2016,Dipper
1622,2016-06-20,Qonfuse,consumer internet,Online Test Papers for competitive exams,New Delhi,single_location,Hamraj Kumar,Seed,,False,2016,Qonfuse
1623,2016-06-20,The Indian IRIS,consumer internet,Govt Policy Research & Information portal,Ahmedabad,single_location,Timbru Ventures,Seed,,False,2016,The Indian IRIS
1624,2016-06-21,Onspoon,consumer internet,Online Platform for Event Sponsorship,Mumbai,single_location,Swan Angel Network,Seed,150000.0,False,2016,Onspoon
1625,2016-06-21,REstate,consumer internet,Real Estate Platform,Bengaluru,single_location,Idein Ventures,Seed,,False,2016,REstate
1626,2016-06-21,Cleartrip,consumer internet,Online Travel Agency,Mumbai,single_location,"Concur Technologies, Gund Investment",Private Equity,,False,2016,Cleartrip
1627,2016-06-21,ProcMart,consumer internet,Online Procurement Marketplace,Noida,single_location,IndiaMart,Private Equity,,False,2016,ProcMart
1628,2016-06-21,Celerix,technology,Fintech Product Development & Services Startup,Bengaluru,single_location,Bitkemy Ventures,Seed,400000.0,False,2016,Celerix
1629,2016-06-21,NatureNama,consumer internet,Online Outdoors & travel,Mumbai,single_location,Unicorn Venture,Seed,225000.0,False,2016,NatureNama
1630,2016-06-21,CyclopsMedtech,technology,Medical Technology Provider,Bengaluru,single_location,CP Bothra,Seed,,False,2016,CyclopsMedtech
1631,2016-06-21,Syona Cosmetics,fmcg,Beauty Products & Training to Salons & Spas,Chennai,single_location,The Chennai Angels,Seed,150000.0,False,2016,Syona Cosmetics
1632,2016-06-21,PrettySecrets,ecommerce,Women Lingerie Store,Mumbai,single_location,"RB Investments PTE Ltd, Orios Venture Partners",Private Equity,6000000.0,False,2016,PrettySecrets
1633,2016-06-22,SpiderG,consumer internet,Online invoice app for SMEs,Pune,single_location,"Rahul Kirloskar, Fusion Tech Ventures, Adi Saravanan, Pravin Dongre, Mahendra Doshi",Seed,150000.0,False,2016,SpiderG
1634,2016-06-23,FarEye,technology,Logistics Management Software,New Delhi,single_location,Saif Partners,Private Equity,3500000.0,False,2016,FarEye
1635,2016-06-23,The Uolo,consumer internet,School Parent Communication App,Bengaluru,single_location,"Purvi Ventures, Rajul Garg, Vipin Arora",Seed,210000.0,False,2016,The Uolo
1636,2016-06-23,Staqu,technology,Artificial Intelligence based search platform,Gurugram,single_location,Indian Angel Network,Seed,,False,2016,Staqu
1637,2016-06-23,Padhopadhao,consumer internet,Home Tutors search & Discovery,New Delhi,single_location,Rise India,Private Equity,,False,2016,Padhopadhao
1638,2016-06-24,Drivify,consumer internet,Professional Driver discovery & Booking Mobile app,Mumbai,single_location,"Jitendra Gupta, Pankaj Tripathi",Seed,50000.0,False,2016,Drivify
1639,2016-06-24,PratiLipi,consumer internet,Multi-Lingual self-publishing platform,Bengaluru,single_location,Nexus Venture Partners,Seed,,False,2016,PratiLipi
1640,2016-06-24,ParaBlu,technology,Cloud Data Security & Privacy Solutions,Bengaluru,single_location,Kalaari Capital,Seed,500000.0,False,2016,ParaBlu
1641,2016-06-24,Schedulers Logistics,logistics,Cold Storage Logistics solutions,Mumbai,single_location,GVFL,Private Equity,6000000.0,False,2016,Schedulers Logistics
1642,2016-06-24,LEAP India,others,Supply Chain Equipment & Services provider,Mumbai,single_location,Mayfield Ventures,Private Equity,3000000.0,False,2016,LEAP India
1643,2016-06-24,KabadiExpress,others,Free Door Step Scrap Pickup Service,New Delhi,single_location,Undisclosed investor,Seed,148000.0,False,2016,KabadiExpress
1644,2016-06-27,YourDost,consumer internet,Online counselling & Personal coaching platform,Bengaluru,single_location,"SAIF Partners, Aprameya Radhakrishnan, Phanindra Sama, Subba Rao Telidevara, Vibhu Garg, Paula Ravindra Mariwala, Gaurav Bhalotia",Seed,1200000.0,False,2016,YourDost
1645,2016-06-27,Gomalon,consumer internet,Online Spa & Salon discovery & Booking platform,Bengaluru,single_location,Undisclosed investor,Seed,100000.0,False,2016,Gomalon
1646,2016-06-27,Voler Cars,consumer internet,Self-Driven Car rental platform,New Delhi,single_location,"Kanodia family, Amit Banka",Seed,,False,2016,Voler Cars
1647,2016-06-27,Travelyaari,consumer internet,Online ticket booking platform,Bengaluru,single_location,GVFL Ltd,Private Equity,3000000.0,False,2016,Travelyaari
1648,2016-06-28,FabHotels,consumer internet,Online Hotel aggregator & Booking platform,Gurugram,single_location,"Accel Partners, RB Investments",Private Equity,8000000.0,False,2016,FabHotels
1649,2016-06-28,Locanix,technology,GPS based SaaS Solutions,Ahmedabad,single_location,Undisclosed investors,Seed,300000.0,False,2016,Locanix
1650,2016-06-28,LendingKart,consumer internet,Online Working Capital Business Loans Platform,Ahmedabad,single_location,"Bertelsmann India Investments, Mayfield India, Saama Capital, India Quotient",Private Equity,32000000.0,False,2016,LendingKart
1651,2016-06-28,Hello Tax,consumer internet,Online Tax Filing Platform,New Delhi,single_location,Sanjeev Sinha,Seed,295000.0,False,2016,Hello Tax
1652,2016-06-28,MySuperBrain,consumer internet,Online Talent Discovery Platform for Kids,Hyderabad,single_location,Soniks Consulting,Seed,,False,2016,MySuperBrain
1653,2016-06-28,BlogBeats,consumer internet,Online Blogging Platform,Bengaluru,single_location,Undisclosed Investor,Seed,,False,2016,BlogBeats
1654,2016-06-29,LetReach,ecommerce,ECommerce SAAS Solutions,New Delhi,single_location,vCommission,Private Equity,100000.0,False,2016,LetReach
1655,2016-06-29,TrendieApp,technology,Visual Content Marketing,Kolkata,single_location,Harsh Vardhan Hada,Seed,50000.0,False,2016,TrendieApp
1656,2016-06-29,ImpactGuru,consumer internet,Crowdfunding Platform,Mumbai,single_location,Piyush Jain,Seed,,False,2016,ImpactGuru
1657,2016-06-29,Velvetcase,ecommerce,Online designer jewellery marketplace,Mumbai,single_location,"Uniqorn Ventures Fund, TV Mohandas Pai, S Somasegar",Private Equity,1500000.0,False,2016,Velvetcase
1658,2016-06-30,Meru Cabs,consumer internet,Online/ Mobile Tax Cab booking,Mumbai,single_location,Brand Capital,Private Equity,25000000.0,False,2016,Meru Cabs
1659,2016-06-30,Campus Diaries,consumer internet,Student focussed Content Discovery portal,Bengaluru,single_location,Aarin Capital,Seed,220000.0,False,2016,Campus Diaries
1660,2016-06-30,Scripbox,consumer internet,Online Mutual Fund Investment platform,Bengaluru,single_location,"Omidyar Network, Accel Partners & existing investors",Private Equity,,False,2016,Scripbox
1661,2016-06-30,Biryani Blues,food & beverage,QSR Chain,Gurugram,single_location,Carpediem Capital & Others,Private Equity,368000.0,False,2016,Biryani Blues
1662,2016-05-01,MotoMojo,consumer internet,Mobile based Vehicle maintenance App,Mumbai,single_location,"Niloufer Dundh, Fauzan Rahim, Balamurugan Mani,",Seed,,False,2016,MotoMojo
1663,2016-05-01,Get My Parking,technology,Parking Technology Platform,New Delhi,single_location,The Chennai Angels,Seed,376000.0,False,2016,Get My Parking
1664,2016-05-01,Prescribez,consumer internet,Health Service Aggregator Platform,Pune,single_location,Ankush Mehta,Seed,145000.0,False,2016,Prescribez
1665,2016-05-02,Airwood,technology,Agri Data & Analytics Platform,Chennai,single_location,StartupXseed Ventures,Seed,,False,2016,Airwood
1666,2016-05-03,Mobikwik,consumer internet,Mobile & Digital Wallet,Gurugram,single_location,"GMO Payment Gateway, MediaTek",Private Equity,50000000.0,False,2016,Mobikwik
1667,2016-05-03,iDreamCareer,consumer internet,Career Planning Services Portal,New Delhi,single_location,Brand Capital,Private Equity,,False,2016,iDreamCareer
1668,2016-05-03,Zwayam,consumer internet,Online Recruitment Platform,Bengaluru,single_location,Undisclosed investors,Seed,250000.0,False,2016,Zwayam
1669,2016-05-03,BoiBanit,consumer internet,Online Food Delivery platform,Vadodara,single_location,Undisclosed investors,Seed,,False,2016,BoiBanit
1670,2016-05-03,Zuver,consumer internet,Car driver Discovery App,Mumbai,single_location,"Shruth & Smith Group, Hermes Group",Seed,180000.0,False,2016,Zuver
1671,2016-05-03,Prepathon,education,Competitive Exam learning platform,Mumbai,single_location,Blume Ventures,Private Equity,,False,2016,Prepathon
1672,2016-05-04,EasyRoads,consumer internet,Road Trip planning Mobile app,Mumbai,single_location,"Rohan Angrish, Hrishi Oberoi, Rahul Mehta, Kapil Hetamsaria, Pranav Dedhia",Seed,200000.0,False,2016,EasyRoads
1673,2016-05-04,Lenskart,ecommerce,Eyewear & Accessories etailer,New Delhi,single_location,"International Finance Corp, TPG Growth, Adveq Management, IDG Ventures, Ratan Tata, Kris Gopalakrishnan",Private Equity,60000000.0,False,2016,Lenskart
1674,2016-05-04,Seclore,technology,Enterprise Security Technology platform,Mumbai,single_location,"Sistema Asia Fund, Helion Venture, VentureEast, India Alternatives",Private Equity,12000000.0,False,2016,Seclore
1675,2016-05-04,SolarTown,technology,Solar Rooftop system installation company,Chennai,single_location,Grex.in,Seed,200000.0,False,2016,SolarTown
1676,2016-05-04,Comarete,technology,Telecom & Media IT services company,Pune,single_location,Grex.in,Seed,200000.0,False,2016,Comarete
1677,2016-05-04,MyDentistChoice,ecommerce,Medical Supplies eTailer,Hyderabad,single_location,Undisclosed investors,Seed,150000.0,False,2016,MyDentistChoice
1678,2016-05-04,Active.ai,technology,Intelligent Tech platform for Finance vertical,Singapore,single_location,Kalaari Capital Accelerator Program,Seed,500000.0,False,2016,Active.ai
1679,2016-05-04,Affordplan,technology,Affordable non-emergency medical service health plans,New Delhi,single_location,Kalaari Capital Accelerator Program,Seed,500000.0,False,2016,Affordplan
1680,2016-05-04,Indee,consumer internet,Web Video Streaming Platform,Bengaluru,single_location,Kalaari Capital Accelerator Program,Seed,500000.0,False,2016,Indee
1681,2016-05-05,Unbxd,technology,eCommerce product discovery software,New Delhi,single_location,"IDG Ventures, Inventus Capital, Indian Angel Network",Private Equity,,False,2016,Unbxd
1682,2016-05-05,WebAlligator,consumer internet,Cloud Based Software Solutions,Bengaluru,single_location,Group of undisclosed Angel Investors & HNIs,Seed,375000.0,False,2016,WebAlligator
1683,2016-05-06,EduAce Services,education,Education Workshops & mentoring programs,Lucknow,single_location,MoMagic Technologies,Private Equity,1000000.0,False,2016,EduAce Services
1684,2016-05-06,Meesho,ecommerce,Social commerce platform,Bengaluru,single_location,Rajul Garg & Others,Seed,,False,2016,Meesho
1685,2016-05-07,Zebroads,logistics,Logistics and Warehousing services,Hyderabad,single_location,Undisclosed investors,Seed,75000.0,False,2016,Zebroads
1686,2016-05-09,Locus,technology,Logistics Intelligence platform,Bengaluru,single_location,"Exfinity Venture Partners, Blume Ventures, BeeNext, Rajesh Ranavat",Private Equity,2750000.0,False,2016,Locus
1687,2016-05-09,Toko Innovations,consumer internet,Children\\xe2\\x80\\x99s Entertainment Portal,Bengaluru,single_location,"Roopak Saluja, Vishal Khare",Seed,450000.0,False,2016,Toko Innovations
1688,2016-05-09,Rentickle,ecommerce,"Furniture, appliances Portal",New Delhi,single_location,"Manish Kheterpal, Vinay Mittal, Dinesh Mittal, Sandeep Gupta",Seed,250000.0,False,2016,Rentickle
1689,2016-05-10,HealthifyMe,consumer internet,Health & Fitness App,Bengaluru,single_location,"IDG Ventures India, Inventus Capital, Blume Ventures",Private Equity,6000000.0,False,2016,HealthifyMe
1690,2016-05-10,Zarget,consumer internet,Conversion Rate Optimization Platform,Chennai,single_location,"Accel Partners, Matrix Partners, Girish Mathrubootham",Private Equity,1500000.0,False,2016,Zarget
1691,2016-05-10,InnoNano Research,technology,Clean Water Technology,Chennai,single_location,NanoHoldings,Private Equity,18000000.0,False,2016,InnoNano Research
1692,2016-05-10,SchoolWear,ecommerce,School Uniform & Supplies Marketplace,Mumbai,single_location,Undisclosed investors,Seed,1500000.0,False,2016,SchoolWear
1693,2016-05-10,Swiggy,consumer internet,Food Delivery Platform,Bengaluru,single_location,"Norwest Venture Partners, DST Global, Accel Partners",Private Equity,7000000.0,False,2016,Swiggy
1694,2016-05-11,Zenify,consumer internet,Home rental Discovery & Booking Portal,Bengaluru,single_location,Undisclosed Investors,Private Equity,900000.0,False,2016,Zenify
1695,2016-05-11,Faircent,consumer internet,Online Peer to Peer Lending platform,Gurugram,single_location,"JM Financial Products Ltd, Arun Tadanki, Doreswamy Nandkishore, Kshitij Jain",Private Equity,,False,2016,Faircent
1696,2016-05-11,Fractal Analytics,technology,Data Analytics Company,Mumbai,single_location,Khazanah Nasional Berhad,Private Equity,100000000.0,False,2016,Fractal Analytics
1697,2016-05-12,Unacademy,consumer internet,Free Online Education Platform,Bengaluru,single_location,"Blume Ventures, Rajan Anandan, Sumit Jain, Aprameya Radhakrishna, Sujeet Kumar, Phanindra Sama",Seed,500000.0,False,2016,Unacademy
1698,2016-05-12,Capital Float,consumer internet,Online Lending Platform,Bengaluru,single_location,"Creation Investments Capital Management, SAIF Partners, Sequoia Capital, Aspada Ventures",Private Equity,25000000.0,False,2016,Capital Float
1699,2016-05-12,Life Circle,healthcare,Senior Healthcare Services,Hyderabad,single_location,GROUPE SOS,Private Equity,150000.0,False,2016,Life Circle
1700,2016-05-12,Dream Wallets,consumer internet,Online Crowdfunding platform,Jaipur,single_location,"Rakesh Gupta, Aditya Aggarwal, Siddharth Banerjee, Vikas Ranjan, Anshul Jindal, Sunil Koul, and Sanjeev Agrawal",Seed,,False,2016,Dream Wallets
1701,2016-05-12,ShabdNagari,consumer internet,Hindi social networking portal,Kanpur,single_location,ah! Ventures,Seed,,False,2016,ShabdNagari
1702,2016-05-12,Galleri5,consumer internet,Visual Content Discovery platform,Bengaluru,single_location,"Phanindra Sama, Raghunandan G,",Seed,,False,2016,Galleri5
1703,2016-05-12,Derbii,logistics,Carpooling Services,Gurugram,single_location,Anurag Chauhan,Seed,,False,2016,Derbii
1704,2016-05-13,StayZilla,consumer internet,Budget Room Aggregator Booking platform,Chennai,single_location,"Matrix Partners, Nexus Ventures",Private Equity,13500000.0,False,2016,StayZilla
1705,2016-05-13,WoW Express,logistics,E-Commerce Logistics Solutions,Mumbai,single_location,Undisclosed Investors & Tamarind Family Private Trust,Private Equity,2200000.0,False,2016,WoW Express
1706,2016-05-16,Smartivity,ecommerce,Smart Learning products,Delhi,single_location,"S Chand, AdvantEdge Partners",Private Equity,1000000.0,False,2016,Smartivity
1707,2016-05-16,BedBathMore,consumer internet,Home Decor eMarketplace,Mumbai,single_location,"Kinnevik Group, Rocket Internet",Private Equity,,False,2016,BedBathMore
1708,2016-05-17,Murgency,consumer internet,Medical Emergency Response App,Mumbai,single_location,Rata Tata,Private Equity,,False,2016,Murgency
1709,2016-05-17,Crownit,consumer internet,Mobile customer rewards management platform,Gurugram,single_location,"Undisclosed investors, Accel Partners, Helion Venture Partners",Private Equity,,False,2016,Crownit
1710,2016-05-17,Blinge,ecommerce,Apparel Rental platform,Mumbai,single_location,"Anupam Mittal, Anuj Srivastava, Ankit Nagori",Seed,,False,2016,Blinge
1711,2016-05-18,TheSmartQ,consumer internet,Food Ordering Mobile App,Bengaluru,single_location,YourNest Angel Fund,Seed,250000.0,False,2016,TheSmartQ
1712,2016-05-18,PurpleHealth,consumer internet,Online health-on-demand platform,Trivandrum,single_location,Katabole Technology Venture,Seed,100000.0,False,2016,PurpleHealth
1713,2016-05-18,Fundamentor,education,Aptitude Development Program,Pune,single_location,Subramanya SV,Seed,,False,2016,Fundamentor
1714,2016-05-18,EduPristine,education,Online Certification Courses,Mumbai,single_location,"Kaizen Management Advisors, DeVry Inc",Private Equity,10000000.0,False,2016,EduPristine
1715,2016-05-18,BhiveWorkspace,reality,Co-Working Spaces,Bengaluru,single_location,Blume Ventures,Private Equity,1000000.0,False,2016,BhiveWorkspace
1716,2016-05-18,Parentlane,consumer internet,Parenting & Child Care app,Bengaluru,single_location,"Sujeet Kumar, Aprameya, Sumit Jain, Subramanya Venkat, Venk, Ravi Machani, Hitesh Gupta, Rohit Choudhary",Seed,,False,2016,Parentlane
1717,2016-05-19,Appie,consumer internet,Location-based offline retail discovery platform,Mumbai,single_location,Undisclosed investors,Seed,1000000.0,False,2016,Appie
1718,2016-05-19,Niki.ai,technology,Artificial Intelligence Platform,Bengaluru,single_location,Ratan Tata,Private Equity,,False,2016,Niki.ai
1719,2016-05-19,TaxiVaxi,consumer internet,Cab Aggregating Platform,New Delhi,single_location,Undisclosed HNIs,Seed,500000.0,False,2016,TaxiVaxi
1720,2016-05-19,Veqta,consumer internet,On Demand Digital Sports Network,New Delhi,single_location,"Chatsworth Management, ITW Digital",Seed,500000.0,False,2016,Veqta
1721,2016-05-20,i2ifunding,consumer internet,Online Peer to Peer Funding,Noida,single_location,Undisclosed Investors,Seed,300000.0,False,2016,i2ifunding
1722,2016-05-23,EduRev,consumer internet,Online Learning Platform,Gurugram,single_location,Pradeep Reddy Kamasan,Seed,,False,2016,EduRev
1723,2016-05-23,Hoppingo,consumer internet,Fashion Discovery platform,New Delhi,single_location,vCommission,Seed,89000.0,False,2016,Hoppingo
1724,2016-05-24,Eatonomist,consumer internet,Food Delivery Platform,Gurugram,single_location,MCube Capital Advisors Pvt Ltd,Seed,,False,2016,Eatonomist
1725,2016-05-24,Goalwise,consumer internet,Online investment platform,Bengaluru,single_location,Undisclosed HNIs,Seed,1000000.0,False,2016,Goalwise
1726,2016-05-25,Roast,consumer internet,Mobile entertainment App,New Delhi,single_location,Indian Angel Network,Seed,,False,2016,Roast
1727,2016-05-25,Address Health,healthcare,Pediatric Primary Healthcare Network,Bengaluru,single_location,Gray Matters Capital,Private Equity,1500000.0,False,2016,Address Health
1728,2016-05-25,Arcatron Mobility,technology,Mobility Devices for differently abled,Pune,single_location,Sudhir Mehta,Seed,100000.0,False,2016,Arcatron Mobility
1729,2016-05-25,SheThePeople,consumer internet,Digital platform for Women,New Delhi,single_location,Anand Mahindra,Seed,,False,2016,SheThePeople
1730,2016-05-26,Cleartax,consumer internet,Online Income Tax Filing platform,Bengaluru,single_location,"FF Angel, Sequoia Capital",Private Equity,2000000.0,False,2016,Cleartax
1731,2016-05-26,Consure Medical,healthcare,Medical Devices Kit manufacturer,New Delhi,single_location,"Accel Partners, Indian Angel Network, India Innovation Fund India Venture Partners",Private Equity,,False,2016,Consure Medical
1732,2016-05-26,mChamp,consumer internet,Celebrity Entertainment Contest App,New Delhi,single_location,MoMagic Technologies,Seed,475000.0,False,2016,mChamp
1733,2016-05-27,Pianta,consumer internet,Online healthcare service discovery platform,Bengaluru,single_location,"Kunal Shah, Sandeep Tandon",Seed,,False,2016,Pianta
1734,2016-05-30,Vahanalytics,technology,Safe driving Analytics platform,Mumbai,single_location,"Anirudh Damani, Vikram Lakhotia",Seed,200000.0,False,2016,Vahanalytics
1735,2016-05-31,Play Your Sport,consumer internet,Location based Sports & Fitness Discovery App,New Delhi,single_location,Ashish Gupta and other undisclosed investors,Seed,,False,2016,Play Your Sport
1736,2016-05-31,Koovs,ecommerce,Apparel & Lifestyle eTailer,New Delhi,single_location,HT Media Ltd,Private Equity,4400000.0,False,2016,Koovs
1737,2016-05-31,CCavenue,consumer internet,Payment Gateway,Mumbai,single_location,NSI Infinium Global Pvt. Ltd,Private Equity,8900000.0,False,2016,CCavenue
1738,2016-05-31,1mg,ecommerce,Online Pharmacy,Gurugram,single_location,HBM Healthcare Investments,Private Equity,,False,2016,1mg
1739,2016-05-31,Tpot,food & beverage,QSR Chain,Gurugram,single_location,Ashish Gupta,Seed,,False,2016,Tpot
1740,2016-05-31,MachaDalo,consumer internet,Hyperlocal Advertising Platform,Mumbai,single_location,Undisclosed Investors,Seed,175000.0,False,2016,MachaDalo
1741,2016-04-01,Dil Mil,consumer internet,Matchmaking Mobile App,SFO / Bangalore,multiple_locations,"Nelstone Ventures, Transmedia Capital, Maiden Lane Ventures, CSC Upshot & Angel investors",Private Equity,2700000.0,False,2016,Dil Mil
1742,2016-04-01,PicsDream,consumer internet,Online Marketplace for Photographers,Delhi,single_location,Raman Roy,Seed,,False,2016,PicsDream
1743,2016-04-01,Process 9,consumer internet,online translation and transliteration,Gurugram,single_location,"Indian Angel Network, Alok Sharma, Kris Gopalakrishnan, Saurabh Srivastava, and Ajai Chowdhry",Seed,,False,2016,Process 9
1744,2016-04-04,Housing,consumer internet,Real Estate Portal,Mumbai,single_location,Vineet Singh,Private Equity,,False,2016,Housing
1745,2016-04-04,Roll Mafia,food & beverage,Rolls & Biryanis QSR chain,Pune,single_location,Equentia Natural Resource & Other undisclosed investors,Seed,,False,2016,Roll Mafia
1746,2016-04-04,Hungama,consumer internet,Digital Media Entertainment Portal,Mumbai,single_location,Xiaomi Inc,Private Equity,25000000.0,False,2016,Hungama
1747,2016-04-04,Highway Delite,consumer internet,Various Highway Help Services,Bengaluru,single_location,N.S. Raghavan Centre for Entrepreneurial Learning,Seed,,False,2016,Highway Delite
1748,2016-04-05,Cult Fitness,healthcare,Healthcare training programs,Bengaluru,single_location,Mukesh Bansal,Seed,,False,2016,Cult Fitness
1749,2016-04-05,Haptik,technology,Personal Assistant App,Mumbai,single_location,Times Internet Ltd,Private Equity,,False,2016,Haptik
1750,2016-04-05,Servify,consumer internet,Gadget & Appliances Service App,Mumbai,single_location,"Blume Ventures, Barkawi Holdings GmbH, TM Service Technology Holdings GmbH",Private Equity,,False,2016,Servify
1751,2016-04-06,Shipsy,logistics,Logistics Solutions,Gurugram,single_location,DTDC Express Ltd,Private Equity,1000000.0,False,2016,Shipsy
1752,2016-04-06,gear6,consumer internet,Online bike service and repairs platform,Bengaluru,single_location,Ninestarter,Seed,500000.0,False,2016,gear6
1753,2016-04-06,MyGlamm,consumer internet,Mobile based on-demand Beauty Services platform,Mumbai,single_location,L'Occitane,Private Equity,6000000.0,False,2016,MyGlamm
1754,2016-04-06,Petoo,consumer internet,Online Food Delivery Platform,Bengaluru,single_location,Axilor Ventures,Private Equity,1000000.0,False,2016,Petoo
1755,2016-04-07,Truly Social,consumer internet,Mobile Gaming Studio,London,single_location,Nazara Technologies Pvt Ltd,Private Equity,,False,2016,Truly Social
1756,2016-04-08,Little Black Book,consumer internet,"Curated Food, event & Lifestyle guide",New Delhi,single_location,"IDG, Indian Angel Network",Seed,,False,2016,Little Black Book
1757,2016-04-08,Vahan,education,Mobile Education Platform,Chennai,single_location,Villgro,Seed,,False,2016,Vahan
1758,2016-04-08,imedilane,consumer internet,Online Health Diagnosis platform,New Delhi,single_location,"Mahendra Patel, Nilender Chauhan",Seed,40000.0,False,2016,imedilane
1759,2016-04-11,Living Local,consumer internet,Social discovery platform,Mumbai,single_location,Rattan Chadha,Seed,200000.0,False,2016,Living Local
1760,2016-04-11,Vegfru,ecommerce,Online Fruit & Vegetable Marketplace,New Delhi,single_location,Wingify,Seed,,False,2016,Vegfru
1761,2016-04-11,Oyo,consumer internet,Online Branded Budget Room Booking Service,New Delhi,single_location,"Softbank, Sequoia Capital, Lightspeed Venture Partners, Greenoaks Capital, DSG Consumer Partners and Venture Nursery",Private Equity,100000000.0,False,2016,Oyo
1762,2016-04-11,PriceRaja,consumer internet,Price Comparison Portal,Gurugram,single_location,Prashant Puri,Seed,300000.0,False,2016,PriceRaja
1763,2016-04-12,MagicX,consumer internet,On-Demand Task Management App,Bengaluru,single_location,"Kris Gopalakrishnan, Dr. Ranjan Pai",Seed,1000000.0,False,2016,MagicX
1764,2016-04-12,Happydemic,consumer internet,Artist Discovery & Booking platform,Mumbai,single_location,Shaan,Seed,,False,2016,Happydemic
1765,2016-04-12,LenDenClub,finance,Peer-to-Peer Lending Platform,Mumbai,single_location,"Anirudh Damani, Daud Ali, Narendra Karnavat, Vikas Kapoor, Vikram Lakhotia, Krishna Jhunjhunwaala, Jayesh Shah",Seed,,False,2016,LenDenClub
1766,2016-04-12,Indi.com,consumer internet,Video Social Network,,single_location,Anil Kapoor,Seed,,False,2016,Indi.com
1767,2016-04-13,Legalraasta,consumer internet,Online legal Services for Startups,New Delhi,single_location,"Pravin Khandelwal, Yatin Kumar Jain",Seed,1000000.0,False,2016,Legalraasta
1768,2016-04-13,RainCan,consumer internet,Subscription-based grocery delivery Mobile App,Pune,single_location,Dr. Aniruddha Malpani,Seed,150000.0,False,2016,RainCan
1769,2016-04-13,Hippily,ecommerce,Fashion ECommerce App,Mumbai,single_location,"Dr. Sridhar Ramaswamy, Rakesh Mathur",Seed,250000.0,False,2016,Hippily
1770,2016-04-13,kredX,ecommerce,Invoice discounting\\xc2\\xa0 Marketplace,Bengaluru,single_location,"Prime Venture Partners,",Seed,750000.0,False,2016,kredX
1771,2016-04-14,Wedwise,consumer internet,Wedding related services community,New Delhi,single_location,StartUp Equity Partners,Seed,,False,2016,Wedwise
1772,2016-04-14,BeaconsTalk,technology,contextual mobile advertising,Mumbai,single_location,"Rajeev Agrawal, Prashant Gooty",Seed,100000.0,False,2016,BeaconsTalk
1773,2016-04-15,Deal 4Loans,consumer internet,Loan Comparison Portal,Noida,single_location,"Ram Shriram, Neeraj Arora, Puru Vashishtha",Seed,,False,2016,Deal 4Loans
1774,2016-04-15,RenewBuy,consumer internet,Online Car & Bike Insurance Comparison portal,New Delhi,single_location,Mount Nathan Advisors,Seed,1000000.0,False,2016,RenewBuy
1775,2016-04-15,Blue Box Media,consumer internet,Online Tech Portals,Jaipur,single_location,"Mahavir Pratap Sharma, Ajay Data, Yogesh Chaudhary, Sanjay Phophaliya, Siddharth Agarwal, Kamal Kothari",Seed,,False,2016,Blue Box Media
1776,2016-04-15,Vyomo,consumer internet,On-Demand Beauty Service provider,New Delhi,single_location,Naturals Salon Chain,Private Equity,15000000.0,False,2016,Vyomo
1777,2016-04-15,Organicshop,ecommerce,Marketplace for organic products,Jaipur,single_location,"Vivek Nathani, Yogesh Chaudhary, Mahavir Pratap Sharma, Kamal Kothari, H C Jain",Seed,,False,2016,Organicshop
1778,2016-04-15,MInd Your Fleet,consumer internet,Car Rental Software,Noida,single_location,Undisclosed Investors,Seed,,False,2016,MInd Your Fleet
1779,2016-04-15,NestAway,consumer internet,Furnished Home Rental Platform,Bengaluru,single_location,Tiger Global,Private Equity,30000000.0,False,2016,NestAway
1780,2016-04-15,Tapchief,consumer internet,Expert Advice Platform,Bengaluru,single_location,Vijay Shekhar Sharma,Seed,150000.0,False,2016,Tapchief
1781,2016-04-18,Rapido,consumer internet,Bike Aggregator App,Bengaluru,single_location,"Pawan Munjal, AdvantEdge Partners, Astarc Ventures",Private Equity,,False,2016,Rapido
1782,2016-04-18,Yufta,ecommerce,Women\\xe2\\x80\\x99s Fashion ECommerce Portal,Bengaluru,single_location,Ajay Data & other HNIs,Seed,,False,2016,Yufta
1783,2016-04-18,Smytten,ecommerce,Online Discovery and Shopping Platform,Gurugram,single_location,Rajan Anandan,Seed,,False,2016,Smytten
1784,2016-04-18,Houssup,consumer internet,interior design and home furnishing portal,Jaipur,single_location,"Mitin Patel, Gaurav Agarwal",Seed,,False,2016,Houssup
1785,2016-04-18,Jugnoo,consumer internet,On-demand Delivery & Logistics platform,Chandigarh,single_location,Paytm & existing investors,Private Equity,10000000.0,False,2016,Jugnoo
1786,2016-04-18,Tork Motocycles,auto,Electric Motorcycle Manufacturer,Pune,single_location,"Bhavish Aggarwal, Ankit Bhati",Seed,,False,2016,Tork Motocycles
1787,2016-04-19,Betaout,ecommerce,customer intelligence and marketing automation platform,Noida,single_location,"Stanford Angels, LetsVenture, Chennai Angels, Hyderabad Angels, Mumbai Angels",Private Equity,1500000.0,False,2016,Betaout
1788,2016-04-19,DriversCart,consumer internet,on-demand chauffeur provider,Chennai,single_location,ah! Ventures,Seed,450000.0,False,2016,DriversCart
1789,2016-04-19,LensKart,ecommerce,Eyewear etailing platform,New Delhi,single_location,Ratan Tata,Private Equity,,False,2016,LensKart
1790,2016-04-19,CollegeDekho,consumer internet,College & Student information platform,New Delhi,single_location,Man Capital,Private Equity,2000000.0,False,2016,CollegeDekho
1791,2016-04-19,OYOfit,consumer internet,Fitness Services Aggregator platform,Bengaluru,single_location,RN Agarwal,Seed,,False,2016,OYOfit
1792,2016-04-19,Oliveboard,consumer internet,Online exam practice & preparation platform,Bengaluru,single_location,India Educational Investment Fund,Private Equity,,False,2016,Oliveboard
1793,2016-04-19,Simplilearn,consumer internet,Online certification platform,Bengaluru,single_location,Brand Capital,Private Equity,,False,2016,Simplilearn
1794,2016-04-20,1mg,ecommerce,Online Pharmacy,Gurugram,single_location,"Maverick Capital Ventures, Sequoia Capital, Omidyar Network",Private Equity,15000000.0,False,2016,1mg
1795,2016-04-20,Fashalot,consumer internet,Fashion and Store discovery mobile app,New Delhi,single_location,"YourNest Angel Fund, Rajul Garg",Seed,,False,2016,Fashalot
1796,2016-04-20,Broomberg,consumer internet,Cleaning Services Provider,New Delhi,single_location,Undisclosed Angel investors & HNIs,Seed,,False,2016,Broomberg
1797,2016-04-21,m.paani,consumer internet,Loyalty rewards platform,Mumbai,single_location,"Blume Ventures, Adil Allana, Aprameya Radhakrishna, Gautam Ivatury, Signal Point Partners",Seed,,False,2016,m.paani
1798,2016-04-21,Yufta,ecommerce,hyperlocal fashion retail platform,Jaipur,single_location,Ajay Data & undisclosed HNIs,Seed,,False,2016,Yufta
1799,2016-04-21,mishTag,consumer internet,"Style, Fashion Discovery Mobile app",New Delhi,single_location,"M&Y Partners, SVG Media, Anthil Ventures & others",Seed,,False,2016,mishTag
1800,2016-04-21,Advanced Structures India,auto,Automotive Design and Engineering company,Bengaluru,single_location,GirnarSoft,Private Equity,,False,2016,Advanced Structures India
1801,2016-04-22,Licious,ecommerce,Mobile based Meat ordering App,Bengaluru,single_location,Mayfield India II Management Ltd,Private Equity,3000000.0,False,2016,Licious
1802,2016-04-22,Knolskae,consumer internet,Educational Gamification & Simulation platform,Bengaluru,single_location,"Inventus Capital Partners, HR Fund",Private Equity,,False,2016,Knolskae
1803,2016-04-22,Druva,technology,Converged Backup & Data Protection Solutions for Enterprises,Pune,single_location,"NTT Finance, Telephone Corporation",Private Equity,,False,2016,Druva
1804,2016-04-22,TOKO Innovation Studios,consumer internet,Children\xe2\x80\x99s Entertainment Games & Products,New Delhi,single_location,Indian Angel network,Seed,450000.0,False,2016,TOKO Innovation Studios
1805,2016-04-25,Commut,consumer internet,Shuttle Service Provider,Hyderabad,single_location,50K Ventures,Seed,200000.0,False,2016,Commut
1806,2016-04-25,intouchapp,consumer internet,Contact Management Mobile App,Pune,single_location,Blume Ventures,Seed,,False,2016,intouchapp
1807,2016-04-25,Dropkaffe,food & beverage,Ready-to-Drink Beverage Producer,Bengaluru,single_location,"GrowthStory, Apurva Salapuria, Hitesh Oberoi, Sidharth Pansari, Nirupa Shankar",Seed,550000.0,False,2016,Dropkaffe
1808,2016-04-26,Transerv,consumer internet,Digital Payments platform,Mumbai,single_location,"IDFC SPICE Fund, Micromax Informatics",Private Equity,15000000.0,False,2016,Transerv
1809,2016-04-26,ClearTax,consumer internet,Online filing of Tax returns,Bengaluru,single_location,"Max Levchin, Scott Banister",Private Equity,1300000.0,False,2016,ClearTax
1810,2016-04-26,Roposo,ecommerce,Social Fashion ECommerce Discovery platform,Gurugram,single_location,Bertelsmann India Investments,Private Equity,15000000.0,False,2016,Roposo
1811,2016-04-27,MilkBasket,consumer internet,Micro Grocery Delivery Platform,Gurugram,single_location,EVC Ventures,Seed,500000.0,False,2016,MilkBasket
1812,2016-04-27,CareonGO,consumer internet,Online Pharmacy,,single_location,"Farooq Oomerbhoy, Anupam Mittal, Anand Mittal, Ravi Garikipati, Vibhu Garg, Singapore Angel Network, Konglo Ventures",Seed,,False,2016,CareonGO
1813,2016-04-27,RailYatri,consumer internet,Train Related Information portal,Noida,single_location,"Nandan Nilekani, Helion Ventures, Omidyar Networks, Blume Ventures",Private Equity,,False,2016,RailYatri
1814,2016-04-27,ICHR,consumer internet,Mobile based Children health Information app,New Delhi,single_location,Undisclosed,Seed,450000.0,False,2016,ICHR
1815,2016-04-27,Murgency,consumer internet,Medical Emergency Response App,Mumbai,single_location,Axilor Ventures,Private Equity,,False,2016,Murgency
1816,2016-04-28,The Wedding Brigade,consumer internet,Online Wedding Information Portal,Mumbai,single_location,Blume Ventures & Other unnamed Investors,Seed,600000.0,False,2016,The Wedding Brigade
1817,2016-04-28,DocsApp,consumer internet,Online Doctor Discovery & Chat platform,Bengaluru,single_location,"Rebright Partners, Anand Rajaraman, Venky Harinarayan",Private Equity,1200000.0,False,2016,DocsApp
1818,2016-04-29,Impact Guru,consumer internet,Online Crowdfunding platform for NGOs & Social Projects,Mumbai,single_location,"RB Investments, Fundnel",Seed,500000.0,False,2016,Impact Guru
1819,2016-04-29,LetReach,ecommerce,ECommerce SAAS Solutions,New Delhi,single_location,vCommission,Private Equity,100000.0,False,2016,LetReach
1820,2016-03-01,DriveU,consumer internet,Chauffeurs Discovery for private car owners,Bengaluru,single_location,Unitus Seed Fund,Seed,,False,2016,DriveU
1821,2016-03-01,Gympik,consumer internet,"Fitness Centres, Gym Discovery online marketplace",Bengaluru,single_location,RoundGlass Partners,Private Equity,,False,2016,Gympik
1822,2016-03-01,Testbook,consumer internet,Online Test Preparation Platform,Mumbai,single_location,S Chand & Co,Private Equity,,False,2016,Testbook
1823,2016-03-01,IQlect,technology,Big Data Analytics Platform,Bengaluru,single_location,"Lip-Bu Tan, Michael Marks, Nicolas Braithwaite",Private Equity,,False,2016,IQlect
1824,2016-03-02,MoMark,consumer internet,Mobile Wallet Aggregation platform,Noida,single_location,YourNest Angel Fund,Private Equity,600000.0,False,2016,MoMark
1825,2016-03-02,Skedool,consumer internet,AI based Office Assistant Mobile App,Seattle / Bangalore,multiple_locations,"Kludein LLC\\nPhanindra Sama, Narayan Ramachandran, Pranav Pai",Seed,,False,2016,Skedool
1826,2016-03-02,Systemantics,technology,Industrial robots maker,Bengaluru,single_location,"Nandan Nilekani, Accel Partners",Private Equity,1400000.0,False,2016,Systemantics
1827,2016-03-03,Vertuals,technology,Audio Visual Digital Content creators for Brands,Mumbai,single_location,Dino Morea,Seed,,False,2016,Vertuals
1828,2016-03-03,Imarticus Learning,education,Financial Services & Analytics Education Institute,Mumbai,single_location,"Blinc Advisors, Amit Nanavati, Tashwinder Singh, Taranjit Jaswal, Amit Khanna",Private Equity,1000000.0,False,2016,Imarticus Learning
1829,2016-03-03,Shouut,consumer internet,Social Discovery Mobile app,New Delhi,single_location,Undisclosed investor,Seed,500000.0,False,2016,Shouut
1830,2016-03-04,TinyStep,consumer internet,Parenting Social Network Platform,Bengaluru,single_location,Matt Glickman,Private Equity,,False,2016,TinyStep
1831,2016-03-04,Aahaa,ecommerce,Office Products Super Store,Chennai,single_location,"YourNest Angel Fund,",Private Equity,1000000.0,False,2016,Aahaa
1832,2016-03-04,Arcatron Mobility,technology,Smart wheelchair Design and Development,Pune,single_location,"Sudhir Mehta, Anoop Hingorani",Seed,,False,2016,Arcatron Mobility
1833,2016-03-04,FTCash,consumer internet,Mobile Payments Platform,Kolkata,single_location,IvyCap Ventures,Seed,150000.0,False,2016,FTCash
1834,2016-03-04,Civilsdaily,consumer internet,Civil Services News Aggregator,New Delhi,single_location,Manoj Kumar & Other undisclosed investors,Seed,,False,2016,Civilsdaily
1835,2016-03-04,Zappka,consumer internet,Mobile App discovery and review platform,Gurugram,single_location,"Daman Soni, Rajat Gupta & Others",Seed,100000.0,False,2016,Zappka
1836,2016-03-04,Tarusa World,ecommerce,Handicraft products eTailer,Mumbai,single_location,Mohit Gulati,Seed,,False,2016,Tarusa World
1837,2016-03-04,medECUBE,healthcare,Healthcare related Services provider,Gurugram,single_location,Artiman Ventures,Private Equity,4000000.0,False,2016,medECUBE
1838,2016-03-07,N.O.W,consumer internet,Bike Taxi Service & Hyperlocal Delivery App,Noida,single_location,"Ruchirans Jaipuria, Anuj Sanghi",Seed,500000.0,False,2016,N.O.W
1839,2016-03-07,Ninjacart,ecommerce,B2B marketplace for Farmers & Retailers,Bengaluru,single_location,"Accel Partners, Qualcomm Ventures, M&S Partners, Zop Smart",Private Equity,3000000.0,False,2016,Ninjacart
1840,2016-03-07,Reach,consumer internet,Cross Platform P2P file sharing mobile app,Bengaluru,single_location,"Rebright Partners, Sol Primero, Sudhir Anandarao, Ankur Warikoo, Ankur Singla",Seed,500000.0,False,2016,Reach
1841,2016-03-07,Vanity Cube,consumer internet,Hyperlocal Beauty Services platform,New Delhi,single_location,Unicorn Ventures,Seed,250000.0,False,2016,Vanity Cube
1842,2016-03-07,Wooplr,ecommerce,Curated Fashion ECommerce portal,Bengaluru,single_location,"Naveen Tewari, Abhay Singhal, Amit Gupta, Piyush Shah, Raghunandan G, Rajiv Mehta",Seed,,False,2016,Wooplr
1843,2016-03-07,Medidaili,consumer internet,Medical Support service platform,Bengaluru,single_location,Undisclosed private investors,Seed,100000.0,False,2016,Medidaili
1844,2016-03-08,Finomena,technology,Credit Worthiness Big Data Analytics,New Delhi,single_location,Matrix Partners India,Private Equity,,False,2016,Finomena
1845,2016-03-08,Cookaroo,consumer internet,Food Delivery Platform,Bengaluru,single_location,Vijay Krishna Yadav,Seed,,False,2016,Cookaroo
1846,2016-03-08,vPhrase Analytics,technology,AI based data analytics platform,Mumbai,single_location,"Apoorv Ranjan Sharma, Daud Ali and others",Seed,,False,2016,vPhrase Analytics
1847,2016-03-08,LoveCycles,consumer internet,Women\\xe2\\x80\\x99s health Tracker,Bengaluru,single_location,Prime Venture Partners,Seed,750000.0,False,2016,LoveCycles
1848,2016-03-08,Kartrocket,ecommerce,ECommerce SAAS platform,New Delhi,single_location,"Undisclosed Japanese investor, Bertelsmann India Investments, Nirvana Digital India Fund, Nirvana Digital Investment Holding Co Ltd, 500 Start-Ups",Private Equity,8000000.0,False,2016,Kartrocket
1849,2016-03-08,dunzo,consumer internet,Daily Task Management App,Bengaluru,single_location,"Aspada Investment Advisors, Blume Ventures.",Seed,650000.0,False,2016,dunzo
1850,2016-03-09,Indiamart,ecommerce,B2B Marketplace for SMBs,Noida,single_location,Amadeus Capital,Private Equity,,False,2016,Indiamart
1851,2016-03-09,SmartVizX,technology,Virtual Reality Solutions,Noida,single_location,"Indian Angel Network, Stanford Angels, Entrepreneurs India",Seed,500000.0,False,2016,SmartVizX
1852,2016-03-09,MyGubbi,real estate,Interior Design & Home D\\xc3\\xa9cor Solutions,Bengaluru,single_location,"Vipul Parekh, ajesh K Murthy,",Seed,2500000.0,False,2016,MyGubbi
1853,2016-03-09,Nukkad Shops,consumer internet,Hyperlocal Grocery Delivery Service,Hyderabad,single_location,PurpleTalk Inc,Seed,1000000.0,False,2016,Nukkad Shops
1854,2016-03-09,Cloudacar,consumer internet,Carpooling Mobile App,Pune,single_location,"Amit Choudhary, Anuj Puri",Seed,,False,2016,Cloudacar
1855,2016-03-09,Justride,consumer internet,Self Drive Car Rental,Mumbai,single_location,Dheeraj Jain & Other angel investors,Seed,400000.0,False,2016,Justride
1856,2016-03-09,Yana,consumer internet,Personal AI Transaction Engine App,Gurugram,single_location,"Puneet Gupta,",Seed,,False,2016,Yana
1857,2016-03-10,Big Fish Ventures,food & beverage,premium dining lounges Chain,New Delhi,single_location,Undisclosed investors,Private Equity,11100000.0,False,2016,Big Fish Ventures
1858,2016-03-10,Stylflip,ecommerce,Pre-Owned Fashion marketplace mobile app,Mumbai,single_location,"Raj Gala Shah, Zaheer Memon",Seed,,False,2016,Stylflip
1859,2016-03-10,Icertis,technology,Contract Management Software Solutions platform,Pune/Seattle,multiple_locations,"Ignition Partners, Greycroft Partners, Fidelity Growth Partners India",Private Equity,15000000.0,False,2016,Icertis
1860,2016-03-10,Supplified,ecommerce,Construction material eTailer,New Delhi,single_location,Mohit Goel,Seed,1000000.0,False,2016,Supplified
1861,2016-03-11,JollyFoodFellow,technology,Food Related Marketing & Branding platform,Ahmedabad,single_location,Janak Parikh,Seed,,False,2016,JollyFoodFellow
1862,2016-03-14,PinkBlue,ecommerce,Medical Supplies eTailer,Bengaluru,single_location,"Hari Krishna, Ajay Modani, Dr V Ravinder, Anirudh Rastogi, Abhishek Jain, Rakesh Gakhar, Rajeev Mudumba, Nagendra Prasad Bhanuprakash",Seed,223608.0,False,2016,PinkBlue
1863,2016-03-14,TruckingCube,logistics,"Domestic, Commercial, and Industrial Goods Movers",New Delhi,single_location,Agarwal Movers Group,Private Equity,14900000.0,False,2016,TruckingCube
1864,2016-03-14,eSwasthya,consumer internet,Online Medicine Delivery Aggregator,Ahmedabad,single_location,Hemang Sahani,Seed,,False,2016,eSwasthya
1865,2016-03-15,FlipClass,consumer internet,Tutor Search Platform,Bengaluru,single_location,"S Chand and Co Pvt Ltd, Blume Ventures",Private Equity,1000000.0,False,2016,FlipClass
1866,2016-03-15,Proximit,technology,Advertising Technology,Pune,single_location,Funding through 1Crowd platform,Seed,150000.0,False,2016,Proximit
1867,2016-03-15,WithMe,consumer internet,Personalized Fashion App,Gurugram,single_location,"Alex Kuruvilla, Pradeep Guha, Saket Dhankar, Rajan Pandhare",Seed,250000.0,False,2016,WithMe
1868,2016-03-16,Gapoon,consumer internet,Hyperlocal Home Maintenance services,Bengaluru,single_location,"Chandrashekar Tallapragada, Pankaj Kapoor",Seed,180000.0,False,2016,Gapoon
1869,2016-03-16,Avagmah,consumer internet,Online Education Portal,Bengaluru,single_location,"Kris Gopalakrishnan, Atul Nishar",Seed,,False,2016,Avagmah
1870,2016-03-16,WorkIndia,consumer internet,Online Job Board,Mumbai,single_location,Beenext,Seed,,False,2016,WorkIndia
1871,2016-03-16,Wealthy,consumer internet,Online Investment management portal,Bengaluru,single_location,"Zishaan Hayath, Abhishek Goyal, Arjun and Rohan Malhotra, Harpreet Singh Grover, Gagan Dugal",Seed,250000.0,False,2016,Wealthy
1872,2016-03-17,Pramati,healthcare,Specialized Patient Care platform,Noida,single_location,Undisclosed investors,Seed,200000.0,False,2016,Pramati
1873,2016-03-17,Qlivery,consumer internet,Ondemand Concierge Service,Gurugram,single_location,Swastika Company Ltd,Seed,230000.0,False,2016,Qlivery
1874,2016-03-17,HealthEnablr,consumer internet,Doctor Discovery and booking platform,Mumbai,single_location,Undisclosed investors,Seed,800000.0,False,2016,HealthEnablr
1875,2016-03-17,Liftiee,consumer internet,Car/ bike Pooling App,Mumbai,single_location,"Rannvijay Singh, Anita Hassanandani",Seed,108000.0,False,2016,Liftiee
1876,2016-03-18,Hello Curry,food & beverage,Quick Service Restaurant Chain,Hyderabad,single_location,Sashi Reddi & Other unnamed investors,Private Equity,1500000.0,False,2016,Hello Curry
1877,2016-03-19,goSporto,consumer internet,Online Sports discovery and booking platform,New Delhi,single_location,Naveen Gupta,Seed,30000.0,False,2016,goSporto
1878,2016-03-21,OneClickWash,consumer internet,Online Laundry & Washing service Booking & Delivery,Gurugram,single_location,Unitus Seed Fund,Seed,,False,2016,OneClickWash
1879,2016-03-21,Girnar Software,consumer internet,Online News Media Network,Jaipur,single_location,Google Capital,Private Equity,,False,2016,Girnar Software
1880,2016-03-21,Room On Call,consumer internet,Budget hotel aggregator,Gurugram,single_location,CASHurDRIVE Marketing Pvt Ltd,Private Equity,2000000.0,False,2016,Room On Call
1881,2016-03-22,Byju\\xe2\\x80\\x99s,consumer internet,Educational Video Content Creator,Bengaluru,single_location,"Sequoia India, Sofina",Private Equity,75000000.0,False,2016,Byju\\xe2\\x80\\x99s
1882,2016-03-22,BigBasket,ecommerce,Online Grocery Shop,Bengaluru,single_location,Abraaj Group,Private Equity,150000000.0,False,2016,BigBasket
1883,2016-03-22,DrivoJoy,consumer internet,On-demand 2-wheeler Servicing platform,Bengaluru,single_location,"Indian Angel Network, Tracxn Labs & Others",Seed,600000.0,False,2016,DrivoJoy
1884,2016-03-22,Smartron,technology,Internet of Things Device manufacturer,Bengaluru,single_location,Sachin Tendulkar,Private Equity,,False,2016,Smartron
1885,2016-03-22,LifCare,consumer internet,Online Pharmacy portal,Jaipur,single_location,"Rajul Garg, Alok Mittal, Kunal Shah, Rishi Mandawat, Dheeraj Jain, Sandeep Tandon, Dexter Angel Circle",Seed,,False,2016,LifCare
1886,2016-03-22,CreditSeva,consumer internet,Online Credit management tools,Hyderabad,single_location,"Pix Vine Capital, Infocomm Development Authority of Singapore",Seed,360000.0,False,2016,CreditSeva
1887,2016-03-22,CityShor,consumer internet,online lifestyle media recommendation portal,Ahmedabad,single_location,GAIN,Seed,,False,2016,CityShor
1888,2016-03-23,Endless Robotics,technology,Interior Painting Automation,Hyderabad,single_location,"Devidas Desai, Vipul Gautam, Singapore Angel Network",Seed,100000.0,False,2016,Endless Robotics
1889,2016-03-23,SP Robotics,technology,Robotic Classes for Students,Chennai,single_location,"Indian Angel Network,",Seed,300000.0,False,2016,SP Robotics
1890,2016-03-23,StalkBuyLove,ecommerce,Fashion eTailer,New Delhi,single_location,"500 Startups, Littlerock, Singularity Ventures",Seed,,False,2016,StalkBuyLove
1891,2016-03-23,eKincare,consumer internet,Healthcare related solutions,Hyderabad,single_location,"BitChemy Ventures, Maheshwari Investments Pvt Ltd, Anshoo Gaur, Rama Krishna Reddy, Sandeep Seerapu",Private Equity,330000.0,False,2016,eKincare
1892,2016-03-23,HashLearn,consumer internet,Mobile based private tutoring services,,single_location,"Bhavish Aggarwal, Binny Bansal,  Rajan Anandan, Mekin Maheshwar, Sunil Kalra, Anupam Mittal, Krishna Mehra, Singapore Angel Network",Seed,,False,2016,HashLearn
1893,2016-03-23,Wheelstreet,consumer internet,Online Bike Rental platform,Bengaluru,single_location,Broadbean Capital services,Private Equity,500000.0,False,2016,Wheelstreet
1894,2016-03-24,Horntell,consumer internet,Unified Push Notification service,Gurugram,single_location,"Bharanidharan Viswanathan, Sanjiv Mittal, Shobhit Shukla, Rahul Agarwal",Seed,150000.0,False,2016,Horntell
1895,2016-03-28,Schoolkart,ecommerce,Online Marketplace for Schools,Noida,single_location,Undisclosed investors,Seed,300000.0,False,2016,Schoolkart
1896,2016-03-29,HealthEminds,consumer internet,Online mental healthcare,Bengaluru,single_location,Robin Utthappa,Seed,,False,2016,HealthEminds
1897,2016-03-29,Babygogo,consumer internet,Child healthcare experts aggregator mobile app,New Delhi,single_location,"Rajul Garg, Daljit Singh, Aditya Vij, Kishore Kumar, Shuchin Bajaj",Seed,300000.0,False,2016,Babygogo
1898,2016-03-29,Veritas Finance,finance,Asset Based Lending platform,Chennai,single_location,Sarva Capital,Private Equity,4700000.0,False,2016,Veritas Finance
1899,2016-03-29,QikShip,consumer internet,Mobile based Logistics provider,New Delhi,single_location,undisclosed investors,Seed,200000.0,False,2016,QikShip
1900,2016-03-29,FixNix,consumer internet,GRC SAAS Platform,Chennai,single_location,Jay Vijayan,Seed,500000.0,False,2016,FixNix
1901,2016-03-30,True Balance,technology,Mobile Balance Check App,Gurugram,single_location,SoftBank Ventures Korea,Private Equity,,False,2016,True Balance
1902,2016-03-30,Touchkin,healthcare,Predictive Healthcare platform,Bengaluru,single_location,"Alok Mittal, Amit Gupta, Anuj Srivastava, Himanshu Aggarwal, Raghunandan G, Puneet Agarwal",Seed,400000.0,False,2016,Touchkin
1903,2016-03-31,SwitchMe,consumer internet,Home Loan Rate comparison platform,Mumbai,single_location,"Mohandas Pai, Hiro Mashita, Singapore Angel Network, 500 Startups, Rajan Anandan, Ajay Sarupria",Seed,,False,2016,SwitchMe
1904,2016-03-31,Transcell,healthcare,Family Stem Cell Banking Services,Hyderabad,single_location,Indian Angel Network,Seed,,False,2016,Transcell
1905,2016-02-01,Blue Tokai Coffee,ecommerce,Specialty Coffee Etailer,New Delhi,single_location,Snow Leopard Technology Ventures,Seed,,False,2016,Blue Tokai Coffee
1906,2016-02-02,Altizone,technology,IoT & M2M Solutions,Pune,single_location,"Wipro Ventures,  Lumis Partners",Private Equity,4000000.0,False,2016,Altizone
1907,2016-02-02,Oust App,consumer internet,Competitive Exam Preparation Platform,Bengaluru,single_location,"T V Mohandas Pai,  Aarin Capital",Seed,,False,2016,Oust App
1908,2016-02-02,Strike,consumer internet,Mobile Email productivity tool,Bengaluru,single_location,Multiple investors through Ten Minute Million competition,Seed,22500.0,False,2016,Strike
1909,2016-02-02,MaaxMarket,consumer internet,Marketing Automation platform,,single_location,Multiple investors through Ten Minute Million competition,Seed,22500.0,False,2016,MaaxMarket
1910,2016-02-02,Gamooz,technology,Augmented Reality Solutions,Gurugram,single_location,Multiple investors through Ten Minute Million competition,Seed,22500.0,False,2016,Gamooz
1911,2016-02-02,SoundSurround,technology,Audio Technology Solutions,Mumbai,single_location,Multiple investors through Ten Minute Million competition,Seed,22500.0,False,2016,SoundSurround
1912,2016-02-03,Mazkara,consumer internet,Beauty & Wellness Platform,Pune / Dubai,multiple_locations,Dunamis Ventures Pte Ltd.,Seed,1000000.0,False,2016,Mazkara
1913,2016-02-03,RoadGods,ecommerce,Auto Spare Parts eTailer,New Delhi,single_location,Green House Ventures (GHV),Seed,100000.0,False,2016,RoadGods
1914,2016-02-03,Pindropmusic,consumer internet,Music Discovery Mobile App,Noida,single_location,Green House Ventures (GHV),Seed,100000.0,False,2016,Pindropmusic
1915,2016-02-03,Woodpie,consumer internet,Book Recommendation Service,Bengaluru,single_location,Ingram Content Group,Seed,30000.0,False,2016,Woodpie
1916,2016-02-04,Perfumery,ecommerce,Fragrances & Perfume eTailer,New Delhi,single_location,Oranda Global & Others,Seed,30000.0,False,2016,Perfumery
1917,2016-02-05,Magic Crate,education,Children Education Platform,Bengaluru,single_location,"TV Mohandas Pai, Aarin Capital",Seed,,False,2016,Magic Crate
1918,2016-02-05,ZenDrive,technology,Safe Driving Data & Analytics platform,Bangalore / SFO,multiple_locations,"Sherpa Capital, Nyca Partners and Thomvest Ventures",Private Equity,13500000.0,False,2016,ZenDrive
1919,2016-02-05,Smartcooky,ecommerce,Marketplace for Health Foods,New Delhi,single_location,"Vandana Luthra,",Private Equity,,False,2016,Smartcooky
1920,2016-02-05,Turtlemint,consumer internet,online personalized insurance platform,Mumbai,single_location,Nexus Venture Partners,Private Equity,,False,2016,Turtlemint
1921,2016-02-05,BHIVE,real estate,Workspace Rentals,Bengaluru,single_location,"Raghunandan G, Venturesity, Arihant Patni",Seed,,False,2016,BHIVE
1922,2016-02-05,Gingercrush,ecommerce,Personalized Products & Merchandize eTailer,Vadodara,single_location,"Saha Fund, TV Mohandas Pai, Zia Mody, Mumbai Angels, Ananda Kallugadde, Rakesh Desai, Rakesh Malhotra",Private Equity,1000000.0,False,2016,Gingercrush
1923,2016-02-05,American Vision,consumer internet,Optical Store Aggregator Platform,Pune,single_location,Undisclosed investors,Seed,81000.0,False,2016,American Vision
1924,2016-02-05,DawaiLelo,consumer internet,Healthcare Services & Online Pharmacy Mobile App,Varanasi,single_location,Undisclosed investors,Seed,52000.0,False,2016,DawaiLelo
1925,2016-02-06,Heads Up For Tails,ecommerce,Pet Products eTailer,New Delhi,single_location,Undisclosed investors,Seed,1000000.0,False,2016,Heads Up For Tails
1926,2016-02-06,LiveNutriFit,healthcare,Weight loss & Healthcare Info portal,New Delhi,single_location,"Mohit Goel, Vinod Jain & Others",Seed,,False,2016,LiveNutriFit
1927,2016-02-08,Moglix,ecommerce,Industrial & Home Products Marketplace,New Delhi,single_location,Ratan Tata,Private Equity,,False,2016,Moglix
1928,2016-02-08,iStyleYou,consumer internet,Personal Fashion Stylist App,Gurugram,single_location,Green House Ventures (GHV),Seed,100000.0,False,2016,iStyleYou
1929,2016-02-08,AdUrCup,consumer internet,Ad Network,New Delhi,single_location,Green House Ventures (GHV),Seed,100000.0,False,2016,AdUrCup
1930,2016-02-08,Weddingz,consumer internet,online marketplace for wedding venues and vendors,Mumbai,single_location,Sixth Sense Ventures,Private Equity,,False,2016,Weddingz
1931,2016-02-08,Urban Dhobi,consumer internet,On Demand Laundry Services,Jaipur,single_location,"Vinod Bansal, Sanjeev Singhal",Seed,,False,2016,Urban Dhobi
1932,2016-02-08,Gray Routes,consumer internet,Last mile logistics solutions,Mumbai,single_location,"Mahesh Parasuraman, Rahul Gautam & Others",Seed,,False,2016,Gray Routes
1933,2016-02-08,Xpressbees,ecommerce,ECommerce Logistics solutions,Pune,single_location,"SAIF Partners, IDG Ventures India, Vertex Ventures, Valiant Capital",Private Equity,12500000.0,False,2016,Xpressbees
1934,2016-02-08,Invictus Oncology,healthcare,Cancer therapeutic Info & Solutions,New Delhi,single_location,Ratan Tata,Private Equity,,False,2016,Invictus Oncology
1935,2016-02-08,Hansel.io,technology,Mobile App Tech Solutions,Bengaluru,single_location,"Endiya Partners, Mekin Maheshwari, Rajesh Sawhney",Seed,,False,2016,Hansel.io
1936,2016-02-09,Inc42,consumer internet,Startup Focused Media News Portal,New Delhi,single_location,"India Ventures, Aarin Capital & Others",Seed,,False,2016,Inc42
1937,2016-02-09,GOQii,technology,Personalized fitness coaching & Fitness band,Mumbai,single_location,Edelweiss Financial Services,Private Equity,,False,2016,GOQii
1938,2016-02-10,Capzest,consumer internet,Digital Lending Platform,Mumbai,single_location,Lion Ventures,Seed,200000.0,False,2016,Capzest
1939,2016-02-10,GlamStudios,consumer internet,Online Salon Aggregator,Noida,single_location,Aqeel Ahmed,Seed,,False,2016,GlamStudios
1940,2016-02-10,Affimity,consumer internet,Social Networking platform,Bengaluru,single_location,undisclosed investors,Seed,1200000.0,False,2016,Affimity
1941,2016-02-10,Anandakanda,technology,Medicine Intake Reminder System,Pune,single_location,undisclosed investors,Seed,150000.0,False,2016,Anandakanda
1942,2016-02-10,JoulestoWatts,technology,IT services & Talent collaboration services startup,Bengaluru,single_location,Manipal Global Education Services,Seed,,False,2016,JoulestoWatts
1943,2016-02-10,Shopkirana,consumer internet,Retailer Supply Chain platform,Indore,single_location,"Atul Jain, Anil Gelra, Jaikumar Nair",Seed,,False,2016,Shopkirana
1944,2016-02-10,Stylofie,consumer internet,Online Beauty Parlour search & discovery Platform,Gurugram,single_location,Jaideep Mehta,Seed,,False,2016,Stylofie
1945,2016-02-10,OyBob,ecommerce,Hyperlocal Products & Services marketplace,Gurugram,single_location,Sachin Dalal,Seed,,False,2016,OyBob
1946,2016-02-12,ActOnMagic,technology,Cloud Analytics and Management Products,Bengaluru,single_location,Jayabalan Subramanian,Seed,125000.0,False,2016,ActOnMagic
1947,2016-02-12,Bonhomia,food & beverage,premium Tea and Coffee,New Delhi,single_location,"Alok Rawat, Grey Orange Robotics",Seed,1000000.0,False,2016,Bonhomia
1948,2016-02-12,iGrenEnergi,technology,Solar Power Solutions,Mumbai,single_location,Sunil Mehta,Seed,1000000.0,False,2016,iGrenEnergi
1949,2016-02-12,RKSV,consumer internet,Online Stock Trading Platform,Mumbai,single_location,Kalaari Capital,Private Equity,4000000.0,False,2016,RKSV
1950,2016-02-15,Aasaanjobs,consumer internet,Online Recruitment Marketplace,Mumbai,single_location,"Aspada Advisors, IDG Ventures,  Inventus Capital",Private Equity,5000000.0,False,2016,Aasaanjobs
1951,2016-02-15,Snapdeal,ecommerce,Horizontal Online Marketplace,New Delhi,single_location,Ontario Teachers' Pension Plan & Others,Private Equity,200000000.0,False,2016,Snapdeal
1952,2016-02-15,Jugnoo,consumer internet,Transportation & On-demand delivery aggregator,Chandigarh,single_location,Saumya Tandon,Private Equity,,False,2016,Jugnoo
1953,2016-02-15,Snapbizz,technology,Connectivity platform for local grocery stores,Bengaluru,single_location,Ratan Tata,Private Equity,,False,2016,Snapbizz
1954,2016-02-15,GoYaNo,consumer internet,Events & Restaurant Discovery Marketplace App,Gurugram,single_location,Mukesh Kumar Gupta,Seed,50000.0,False,2016,GoYaNo
1955,2016-02-15,RentSher,consumer internet,Online Household Product Rental platform,Bengaluru,single_location,"Vaibhav Doshi, Abhay Singhal, Vibhu Garg, Joby Babu, Abhishek Acharya, Manish Shah",Seed,300000.0,False,2016,RentSher
1956,2016-02-15,Buddy,finance,Micro Lending Platform for eCommerce purchases,Bengaluru,single_location,"Blume Ventures,  Tracxn Labs",Seed,500000.0,False,2016,Buddy
1957,2016-02-15,Legistify,consumer internet,Online Legal services platform,New Delhi,single_location,Ranjit Singh,Seed,,False,2016,Legistify
1958,2016-02-16,TableHero,consumer internet,Dynamic Restaurant Website creator,Bengaluru,single_location,"GrowX Ventures, Kunal Shah, Sandeep Tandon, Haresh Chawla, Powai Lake Ventures, Globevestor",Seed,1000000.0,False,2016,TableHero
1959,2016-02-16,BetterPlace,technology,Data analytics based Verification services Platform,Bengaluru,single_location,Unitus Seed Fund,Seed,970000.0,False,2016,BetterPlace
1960,2016-02-16,Salebhai,ecommerce,"Sweets, Eatables, Handicrafts Online Marketplace",Ahmedabad,single_location,"Virendra Shekhawat, Deepak Chokhani, Yogesh Patel & Others",Seed,,False,2016,Salebhai
1961,2016-02-16,icustommadeit,ecommerce,Professional Custom creators Marketplace,Pune,single_location,"Brand Capital, Siddhivinayak Skyscrapers, Dinesh R. Challa",Private Equity,4000000.0,False,2016,icustommadeit
1962,2016-02-16,Tring,consumer internet,Instant Messaging App,Pune,single_location,Vishwadeep Bajaj & Others,Seed,,False,2016,Tring
1963,2016-02-16,Medinfi,consumer internet,Doctor & Clinics Discovery platform,Bengaluru,single_location,"Rajnish Sinha, Prijit Debnath, Kanchan Ghoshal",Seed,,False,2016,Medinfi
1964,2016-02-17,Timemytask,consumer internet,On-Demand home cleaning services,Mumbai,single_location,Lead Angels,Seed,,False,2016,Timemytask
1965,2016-02-17,GameZop,technology,Mobile Gaming Platform,New Delhi,single_location,"KWAN Entertainment & Marketing Solutions, Powerhouse Ventures & Others",Seed,350000.0,False,2016,GameZop
1966,2016-02-17,Notary Mama,consumer internet,On-demand Legal documentation and registration service,Bengaluru,single_location,"Dr Nandish Domlur, Amit Sandill",Seed,,False,2016,Notary Mama
1967,2016-02-17,The Viral Fever,consumer internet,Independent Online Video production company,Mumbai,single_location,Tiger Global,Private Equity,10000000.0,False,2016,The Viral Fever
1968,2016-02-17,Avanti Learning,education,Private Coaching Classes,New Delhi,single_location,Michael & Susan Dell Foundation,Private Equity,5000000.0,False,2016,Avanti Learning
1969,2016-02-17,Bollant Industries,technology,Eco-friendly consumer & packaging products,Hyderabad,single_location,Ratan Tata,Private Equity,,False,2016,Bollant Industries
1970,2016-02-18,GetVee,consumer internet,Matrimony & Couples only mobile platform,New Delhi,single_location,"Lightspeed Venture Partners, K Ganesh",Private Equity,,False,2016,GetVee
1971,2016-02-18,HealthKumbh,consumer internet,Health related Information portal,Ahmedabad,single_location,Undisclosed investor,Seed,73000.0,False,2016,HealthKumbh
1972,2016-02-18,Unlaze,consumer internet,Social Networking app for outdoor interests,Gurugram,single_location,"Sujal Shah, Dino Morea",Seed,,False,2016,Unlaze
1973,2016-02-18,Tracxn,technology,Indian Startup ecosystem trends analyzer & funding platform,Bengaluru,single_location,"Nandan Nilekani, Mohandas Pai, Neeraj Arora, Anand Rajaraman, Girish Mathrubootham, Aneesh Reddy & Teruhide Sato",Private Equity,,False,2016,Tracxn
1974,2016-02-18,Careongo,ecommerce,Online Pharmacy store,New Delhi,single_location,Farooq Oomerbhoy & Other angel investors,Seed,300000.0,False,2016,Careongo
1975,2016-02-18,Ark Robot,technology,Warehouse Automation,Bengaluru,single_location,Qualcomm (Through QPrize Contest),Seed,350000.0,False,2016,Ark Robot
1976,2016-02-19,Jaypore,ecommerce,Ethnic Products marketplace,New Delhi,single_location,Aavishkaar,Private Equity,5000000.0,False,2016,Jaypore
1977,2016-02-19,Finance Buddha,consumer internet,Online Loan Comparison & Discovery platform,Bengaluru,single_location,Chennai Angels,Seed,,False,2016,Finance Buddha
1978,2016-02-19,AlmaConnect,consumer internet,Alumni social network,New Delhi,single_location,"Mohandas Pai, Varun Aggarwal",Seed,,False,2016,AlmaConnect
1979,2016-02-19,Advantage Club,consumer internet,mobile platform for corporate employee benefits,Gurugram,single_location,Purvi Ventures & Others,Seed,400000.0,False,2016,Advantage Club
1980,2016-02-19,LocalRamu,consumer internet,mobile based aggregator for local service providers,Bengaluru,single_location,3 undisclosed investors,Seed,,False,2016,LocalRamu
1981,2016-02-22,Baby Berry,consumer internet,Parenting Mobile app,Bengaluru,single_location,Nitin Bagmane & Other undisclosed investors,Seed,1000000.0,False,2016,Baby Berry
1982,2016-02-22,Magicpin,consumer internet,Hyperlocal Discover Mobile App,New Delhi,single_location,Lightspeed India,Private Equity,3000000.0,False,2016,Magicpin
1983,2016-02-22,First Eat,consumer internet,Healthy Food Delivery platform,New Delhi,single_location,Undisclosed investor,Seed,100000.0,False,2016,First Eat
1984,2016-02-22,SigTuple,technology,Healthcare based Tech Solutions,Bengaluru,single_location,"Sachin Bansal, Binny Bansal, Accel Partners & Others",Seed,,False,2016,SigTuple
1985,2016-02-22,Taskbob,consumer internet,Hyperlocal Handyman services platform,Mumbai,single_location,"IvyCap Ventures, Orios Venture Partners, Mayfield India",Private Equity,4500000.0,False,2016,Taskbob
1986,2016-02-22,Styledotme,consumer internet,Mobile Fashion App,New Delhi,single_location,Indian Angel Network,Seed,37000.0,False,2016,Styledotme
1987,2016-02-22,NewsLaundry,consumer internet,Independent News Media Portal,New Delhi,single_location,"Omidyar Network,  Vikram Lal, Abhijit Bhandari, Mahesh Murthy, Shashank Bhagat",Private Equity,,False,2016,NewsLaundry
1988,2016-02-23,CupoNation,consumer internet,Deals and Discount platform,Gurugram,single_location,"Rocket Internet AG, Holtzbrink Ventures, New Enterprise Associates (NEA), e.ventures, ru-Net, Deutsche Telekom Strategic Investments (DTSI), Silicon Valley Bank",Private Equity,11000000.0,False,2016,CupoNation
1989,2016-02-23,Aarav UAV,technology,unmanned aerial vehicles creator,Kanpur,single_location,"StartupXseed Ventures, The Phoenix Fund and others",Seed,,False,2016,Aarav UAV
1990,2016-02-24,Sayfix,consumer internet,Hyperlocal Home Services Provider,Bengaluru,single_location,Yajnanarayana Kammaje,Seed,160000.0,False,2016,Sayfix
1991,2016-02-24,LoanZen,consumer internet,Peer to peer Lending marketplace,Bengaluru,single_location,Tracxn Syndicate,Seed,,False,2016,LoanZen
1992,2016-02-24,NoBroker,consumer internet,Peer to peer property listing platform,Bengaluru,single_location,"Beenext, Digital Garage, Beenos, Qualgro, Mamoru Taniya, SAIF Partners",Private Equity,10000000.0,False,2016,NoBroker
1993,2016-02-24,AppilyEver,consumer internet,Online wedding services marketplace,Hyderabad,single_location,"Varun Aggarwal, Suresh Venkat, Raj Y",Seed,400000.0,False,2016,AppilyEver
1994,2016-02-24,Pocketin,consumer internet,Hotel reservations & Deal platform,Noida,single_location,Swastika Company Ltd,Seed,150000.0,False,2016,Pocketin
1995,2016-02-24,FeetApart,consumer internet,Employee engagements & Rewards platform,Bengaluru,single_location,Vishal Bali & Others,Seed,,False,2016,FeetApart
1996,2016-02-25,OfBusiness,ecommerce,B2B commerce Marketplace,Gurugram,single_location,Matrix Partners India,Private Equity,5000000.0,False,2016,OfBusiness
1997,2016-02-25,CarveNiche,consumer internet,Personalized Learning Solutions & products,Bengaluru,single_location,"Calcutta Angels, Lead Angels & Others",Seed,,False,2016,CarveNiche
1998,2016-02-25,Juspay,consumer internet,Digital Payments solutions,Bengaluru,single_location,"Accel Partners, Ashish Hemrajani, Parikshit Dar, Rajesh Balpande",Private Equity,5800000.0,False,2016,Juspay
1999,2016-02-25,Funcart,ecommerce,Party Supplies Etailer,New Delhi,single_location,Undisclosed HNIs,Seed,70000.0,False,2016,Funcart
2000,2016-02-26,Freedom Smart Labs,technology,IoT retail solutions,New Delhi,single_location,Kapil Goel,Seed,145000.0,False,2016,Freedom Smart Labs
2001,2016-02-26,EduBridge,consumer internet,Skill development and vocational training platform,Mumbai,single_location,"Insitor Impact Asia Fund, Acumen Fund",Private Equity,2500000.0,False,2016,EduBridge
2002,2016-02-29,Nestaway,consumer internet,Online Home Rental Marketplace,Bengaluru,single_location,Ratan Tata,Private Equity,,False,2016,Nestaway
2003,2016-02-29,Hopscotch,ecommerce,Baby & Kids Products Online Flash sales platform,Mumbai,single_location,Eduardo Saverin,Private Equity,13000000.0,False,2016,Hopscotch
2004,2016-02-29,PinClick,consumer internet,Online real estate listings,Bengaluru,single_location,Undisclosed investors,Private Equity,,False,2016,PinClick
2005,2016-01-01,Smartcooky,ecommerce,Health Food / Personal Care Marketplace,New Delhi,single_location,"Rajan Anandan, Pramod Bhasin, Siddharth Pai, TV Mohandas Pai, Manvinder Singh Banga",Seed,,False,2016,Smartcooky
2006,2016-01-01,Helpi,consumer internet,On Demand Cleaning Services Mobile App,Mumbai,single_location,Undisclosed Investors,Seed,,False,2016,Helpi
2007,2016-01-04,DogSpot,ecommerce,Online Pet Store,Gurugram,single_location,Ratan Tata,Seed,,False,2016,DogSpot
2008,2016-01-04,Career360,education,College Education Portal,New Delhi,single_location,MeritTrac,Private Equity,,False,2016,Career360
2009,2016-01-04,B9 Beverages,food & beverage,Craft Beer manufacturing company,New Delhi,single_location,"Sequoia Capital, Kunal Bahl, Rohit Bansal, Deepinder Goyal, Ashish Dhawan, Mayank Singhal",Private Equity,6000000.0,False,2016,B9 Beverages
2010,2016-01-05,WIMWI Foods,food & beverage,Healthy food manufacturing & sales startup,Ahmedabad,single_location,Centre for Innovation Incubation and Entrepreneurship (CIIE),Seed,,False,2016,WIMWI Foods
2011,2016-01-05,MyChild App,education,Child Disorder Information & Education,Bhopal,single_location,"Samir Bangara, Anisha Mittal, Amit Gupta, Pallav Nadhani, Lalit Mangal, Arihant Patni, Dr. Ritesh Malik, Deobrat Singh, Saurab Paruthi, Singapore Angel Network.",Seed,100000.0,False,2016,MyChild App
2012,2016-01-05,Instaproc,ecommerce,B2B Procurement Marketplace for Office Products,Noida,single_location,Dinesh Agarwal,Seed,,False,2016,Instaproc
2013,2016-01-05,360Ride,consumer internet,Ride Sharing platform,Bengaluru,single_location,Undisclosed,Seed,150000.0,False,2016,360Ride
2014,2016-01-05,Alef\\nMobitech,consumer internet,Cloud Mobility Solutions,Mumbai,single_location,Tata Capital Innovation Fund,Private Equity,5000000.0,False,2016,Alef\\nMobitech
2015,2016-01-06,Tracxn,bfsi,Startup Funding Deal Discovery & Execution platform,Bengaluru,single_location,Ratan Tata,Seed,,False,2016,Tracxn
2016,2016-01-06,Qdesq,real estate,Branded Workspaces Aggregator,Gurugram,single_location,"Dheeraj Jain, Jagdish Kumar, Bharat Gupta, Ankush Saigal, Praveen Saini",Seed,,False,2016,Qdesq
2017,2016-01-06,Sensara,technology,"TV Search, Guide and Remote mobile app",Bengaluru,single_location,"Lalitesh Katragadda,  Ganayantrika Systems",Seed,750000.0,False,2016,Sensara
2018,2016-01-06,Zebpay,consumer internet,Bitcoin Buying & Selling Mobile App,Ahmedabad,single_location,"Arjun Handa, Amit Jindal, Nagendra Chaudhary",Private Equity,1000000.0,False,2016,Zebpay
2019,2016-01-06,PlanMy\\nMedicalTrip,healthcare,Medical Tourism platform,Pune,single_location,"Bhanu Vikram Parsotam, Rohan Desai and Paras Patel",Seed,150000.0,False,2016,PlanMy\\nMedicalTrip
2020,2016-01-06,MyCity4Kids,education,Children Education & Information platform,Gurugram,single_location,"SIDBI Venture Capital Limited, YourNest Angel Fund",Private Equity,3000000.0,False,2016,MyCity4Kids
2021,2016-01-06,Justdakhila.com,education,School Student admissions platform,New Delhi,single_location,Ankur Gupta,Seed,750000.0,False,2016,Justdakhila.com
2022,2016-01-07,PitStop,consumer internet,Automobile Service Booking App,Bengaluru,single_location,Myntra/LivSpace Founders,Seed,,False,2016,PitStop
2023,2016-01-07,Bikxie,consumer internet,Two Wheeler Taxi Service,Gurugram,single_location,Undisclosed Investors,Seed,,False,2016,Bikxie
2024,2016-01-07,Infurnia,consumer internet,Online Furniture Customization platform,Bengaluru,single_location,Idein Ventures,Seed,160000.0,False,2016,Infurnia
2025,2016-01-07,Myly,education,Mobile Based Education platform,Jaipur,single_location,Newbie Promoter Pvt Ltd,Seed,100000.0,False,2016,Myly
2026,2016-01-07,MakeMyTrip,consumer internet,Online Travel/Hotel Booking platform,Gurugram,single_location,Ctrip.com International Ltd,Private Equity,180000000.0,False,2016,MakeMyTrip
2027,2016-01-08,Melorra,ecommerce,Online/ Mobile Jewellery Retailer,Bengaluru,single_location,Lightbox Ventures,Private Equity,5000000.0,False,2016,Melorra
2028,2016-01-08,ConfirmTKT,consumer internet,Train PNR Status Prediction Platform,Bengaluru,single_location,"Krishna Jhujhunwala, Dr. Apoorv Ranjan Sharma, Anirudh Damani, Anand Ladsariya, Sanjay Mehta & Others",Seed,250000.0,False,2016,ConfirmTKT
2029,2016-01-08,Gyaanzone,education,Career Planning and Education Advisory Platform,Mumbai,single_location,GBIM Technologies Pvt Ltd,Seed,45000.0,False,2016,Gyaanzone
2030,2016-01-08,FlatFurnish,consumer internet,Online Furnishing Rental Platform,Gurugram,single_location,Arun Chandra Mohan,Seed,,False,2016,FlatFurnish
2031,2016-01-09,Lumiere,ecommerce,Organic Food eTailer,Bengaluru,single_location,Undisclosed investors,Private Equity,,False,2016,Lumiere
2032,2016-01-11,Koovs,ecommerce,Online Fashion Apparel Retailer,Gurugram,single_location,"Nahata Family, Waheed Alli",Private Equity,5400000.0,False,2016,Koovs
2033,2016-01-11,Wishup,consumer internet,Mobile app based Concierge Service,New Delhi,single_location,"500 Startups, Mato Peric, TracxnLabs",Seed,,False,2016,Wishup
2034,2016-01-11,FreshMenu,consumer internet,Online / Mobile Food Ordering platform,Bengaluru,single_location,"Zodius Capital, Lightspeed Venture Partners",Private Equity,16500000.0,False,2016,FreshMenu
2035,2016-01-11,SavvyMob,ecommerce,Last Minute Hotel Bookings mobile marketplace,Bengaluru,single_location,"TV Mohandas Pai, LetsVenture",Seed,1000000.0,False,2016,SavvyMob
2036,2016-01-11,Fashionablyin,consumer internet,Mobile based Geo-target Fashion Marketplace,Mumbai,single_location,Ranjan Mahtani,Seed,,False,2016,Fashionablyin
2037,2016-01-12,Shopclues,ecommerce,ECommerce Marketplace,Gurugram,single_location,"GIC, Tiger Global Management, Nexus Venture Partners",Private Equity,100000000.0,False,2016,Shopclues
2038,2016-01-12,Hike Messenger,consumer internet,P2P Messaging Service,New Delhi,single_location,"Matt Mullenweg, Adam D'Angelo, Aditya Agarwal,  Ruchi Sanghvi & Others",Private Equity,,False,2016,Hike Messenger
2039,2016-01-12,iBus Networks,technology,Next Generation in-building connectivity,Bengaluru,single_location,"Vallabh Bhanshali, N Squared Management LLC, Jagdish & Sandeep Mehta Family Office",Private Equity,2300000.0,False,2016,iBus Networks
2040,2016-01-12,Happy2Refer,consumer internet,Mobile based Referral Platform,Mumbai,single_location,"Equity Crest, Vinners, Sparknext",Seed,250000.0,False,2016,Happy2Refer
2041,2016-01-13,CarTrade,consumer internet,Auto Classifieds Portal,Mumbai,single_location,"Temasek Holdings, March Capital, Warburg Pincus",Private Equity,145000000.0,False,2016,CarTrade
2042,2016-01-13,Rentomo,consumer internet,peer-to-peer renting Marketplace,Bengaluru,single_location,Shiva Ashok & Other unnamed investors,Seed,100000.0,False,2016,Rentomo
2043,2016-01-13,Roder,consumer internet,inter-city cab aggregator,New Delhi,single_location,Unicorn India Ventures,Seed,240000.0,False,2016,Roder
2044,2016-01-13,Bucker,consumer internet,Food Ordering Mobile App,Hyderabad,single_location,"50k Ventures, Munish Jauhar, Pulkit Jain, Rohit Narang",Seed,,False,2016,Bucker
2045,2016-01-13,Care24,healthcare,Professional Health Services Platform,Mumbai,single_location,"SAIF Partners, India Quotient",Private Equity,4000000.0,False,2016,Care24
2046,2016-01-13,Obino,healthcare,Weigh Loss Coaching,Mumbai,single_location,RoundGlass Partners,Private Equity,,False,2016,Obino
2047,2016-01-14,Snapshopr,consumer internet,Visual Search & Image Recognition Platform,Bengaluru,single_location,Amod Malviya,Seed,,False,2016,Snapshopr
2048,2016-01-14,Buildkar,ecommerce,Construction Material Marketplace,Bengaluru,single_location,"Mustafa Wajid, Umang Kumar & Others",Seed,,False,2016,Buildkar
2049,2016-01-14,Orahi,consumer internet,Carpooling Mobile App,Gurugram,single_location,Indian Angel Network,Seed,520000.0,False,2016,Orahi
2050,2016-01-14,Zapr,technology,TV to Mobile audience Platform,Gurugram,single_location,"Flipkart, Saavn, Micromax, Dhiraj Rajaram, Ambiga Dhiraj, Dinesh Agarwal, Samir Bangara, Sanjay Nath, Arihant Patni",Seed,,False,2016,Zapr
2051,2016-01-15,Remidio,healthcare,Healthcare Product Manufacturer,Bengaluru,single_location,Cipher-Plexus Capital Advisors & Indian HNIs,Private Equity,,False,2016,Remidio
2052,2016-01-15,Fitso,consumer internet,Fitness related Social Networking App & Forum,Gurugram,single_location,"Varun Khurana, Samar Singla, Vinay Bansal,",Seed,200000.0,False,2016,Fitso
2053,2016-01-15,evibe.in,consumer internet,Party Hall Booking platform,Bengaluru,single_location,"Hyderabad Angels, Lalit Mangal,  Vikas Malpani, Gaurav Bhalotia, LV Prasad",Seed,,False,2016,evibe.in
2054,2016-01-15,Zoctr,consumer internet,healthcare aggregator platform,Mumbai,single_location,Times Group,Seed,,False,2016,Zoctr
2055,2016-01-15,Jobick,consumer internet,Mobile app based Job Search,Noida,single_location,Abhinav Mathur,Seed,,False,2016,Jobick
2056,2016-01-16,Plick,consumer internet,Instant Content Transfer Mobile App,Mumbai,single_location,Sanjay Mehta,Seed,,False,2016,Plick
2057,2016-01-18,Voice Friends,consumer internet,Dating & Singles Chat Platform,Mumbai,single_location,Huzaifa Khorakiwala,Seed,,False,2016,Voice Friends
2058,2016-01-18,Kartrocket,consumer internet,SAAS DIY\\xc2\\xa0 ECommerce Platform,New Delhi,single_location,"Bertelsmann India Investments, Nirvana Digital India Fund, Nirvana Digital Investment Holding, 500 Startups",Private Equity,6000000.0,False,2016,Kartrocket
2059,2016-01-19,Swiggy,consumer internet,Online/Mobile food ordering platform,Bengaluru,single_location,"Harmony Partners, RB Investments & existing investors",Private Equity,35000000.0,False,2016,Swiggy
2060,2016-01-19,TinyStep,consumer internet,Parenting Social Network,Bengaluru,single_location,Flipkart,Seed,,False,2016,TinyStep
2061,2016-01-19,Cashkaro,consumer internet,Coupon & Cashback platform,Gurugram,single_location,Ratan Tata,Private Equity,,False,2016,Cashkaro
2062,2016-01-19,Gameezop,consumer internet,Casual Gaming platform,New Delhi,single_location,Anand Chandrasekaran & Others,Seed,,False,2016,Gameezop
2063,2016-01-19,DailyObjects,ecommerce,Mobile Accessories etailer,New Delhi,single_location,"Unilazer Fund,  Phanindra Sama, Peyush Bansal",Private Equity,1400000.0,False,2016,DailyObjects
2064,2016-01-19,Indus OS,technology,Local language Mobile OS,Mumbai,single_location,"Omidyar Network,",Private Equity,5000000.0,False,2016,Indus OS
2065,2016-01-19,CollegeDunia,consumer internet,Educational College Search platform,New Delhi,single_location,Umang Kumar,Seed,445000.0,False,2016,CollegeDunia
2066,2016-01-19,Villgro,finance,Social Business Incubator & Fund,Chennai,single_location,"Lemelson Foundation, Michael and Susan Dell Foundation",Private Equity,3500000.0,False,2016,Villgro
2067,2016-01-20,Reddoorz,consumer internet,Budget Accomodation Aggregator,New Delhi,single_location,500 Startups,Private Equity,,False,2016,Reddoorz
2068,2016-01-20,IndustryBuying,ecommerce,B2B Industrial Goods Marketplace,New Delhi,single_location,Trifecta Capital,Private Equity,1800000.0,False,2016,IndustryBuying
2069,2016-01-20,Just Buy Live,ecommerce,B2B Marketplace for Distributors,Mumbai,single_location,Alpha Capital,Private Equity,20000000.0,False,2016,Just Buy Live
2070,2016-01-20,IMbesharam,ecommerce,Adult Products Etailers,New Delhi / US,multiple_locations,Undisclosed US Based Investors,Private Equity,4000000.0,False,2016,IMbesharam
2071,2016-01-20,Moodoo,consumer internet,Social Meeting organizer App,Mumbai / UK,multiple_locations,Saïd Business School Seed Fund.,Seed,40000.0,False,2016,Moodoo
2072,2016-01-20,Saral Designs,healthcare,Women Hygiene Product Manufacturer,Mumbai,single_location,"Farooq Adam, Ambi Parameswaran,",Seed,,False,2016,Saral Designs
2073,2016-01-21,FirstCry,ecommerce,Kids Focused eTailer,Pune,single_location,Ratan Tata,Private Equity,,False,2016,FirstCry
2074,2016-01-21,Fisdom,consumer internet,Personal Finance Mobile App,Bengaluru,single_location,Rob Chandra,Seed,500000.0,False,2016,Fisdom
2075,2016-01-21,Easypolicy,consumer internet,Online insurance policy aggregator,Noida,single_location,Unilazer Ventures,Private Equity,2200000.0,False,2016,Easypolicy
2076,2016-01-21,Housing.com,consumer internet,Online Real Estate Portal,Mumbai,single_location,SoftBank Corp,Private Equity,15000000.0,False,2016,Housing.com
2077,2016-01-21,CREO,technology,Smartphone OS Developer,Bengaluru,single_location,"Sequoia Capital, Beenext Ventures, India Quotient, Anand Chandrasekaran",Private Equity,3000000.0,False,2016,CREO
2078,2016-01-22,ShabdaNagari,consumer internet,Hindi Language Social Networking Portal,Kanpur,single_location,Kanpur Angels & Others,Seed,200000.0,False,2016,ShabdaNagari
2079,2016-01-22,Little,consumer internet,Deal Discovery App,Bengaluru,single_location,GIC,Private Equity,,False,2016,Little
2080,2016-01-22,SnapBizz,ecommerce,Mobile based Retail Market Ecosystem,Bengaluru,single_location,"Jungle Ventures, Taurus Value Creation, Konly Venture, Blume Ventures",Private Equity,7200000.0,False,2016,SnapBizz
2081,2016-01-22,Qlivery,consumer internet,on-demand concierge services,Gurugram,single_location,Chandigarh Angels Funding,Seed,,False,2016,Qlivery
2082,2016-01-22,PlexusMD,consumer internet,Social Network for Healthcare Professionals,Ahmedabad,single_location,"Arihant Patni, Avnish Mehra, Pranay Adhvaryu, Ravi Sampat",Seed,,False,2016,PlexusMD
2083,2016-01-22,Silvan,technology,Home Automation & Security Solutions,Bengaluru,single_location,The Chennai Angels,Seed,515000.0,False,2016,Silvan
2084,2016-01-22,EPS,technology,Electronic Payments Solution Company,Mumbai,single_location,APIS Partners,Private Equity,35000000.0,False,2016,EPS
2085,2016-01-22,Qubole,technology,Enterprise Cloud Based Data Processing,Bengaluru,single_location,"Institutional Venture Partners, Norwest Venture Partners, Lightspeed Venture Partners, CRV",Private Equity,30000000.0,False,2016,Qubole
2086,2016-01-22,Gajty,healthcare,Salons & Spa Chain,Gurugram,single_location,Purvi Ventures,Seed,,False,2016,Gajty
2087,2016-01-25,SIFTR Labs,consumer internet,Photography curation & Aggregator platform,Mumbai,single_location,Venture Catalysts,Seed,150000.0,False,2016,SIFTR Labs
2088,2016-01-25,Power2SME,consumer internet,SME Online Buying Hub,Gurugram,single_location,"Nandan Nilekani, Accel Partners, Kalaari Capital and Inventus Capital",Private Equity,21000000.0,False,2016,Power2SME
2089,2016-01-25,SkyCandle,ecommerce,Home D\\xc3\\xa9cor Product etailer,New Delhi,single_location,GPA group,Private Equity,,False,2016,SkyCandle
2090,2016-01-27,Teabox.com,ecommerce,Specialty Tea ETailer,Siliguri,single_location,Ratan Tata,Private Equity,,False,2016,Teabox.com
2091,2016-01-27,Buildzar,ecommerce,Construction Material ETailer,Gurugram,single_location,Puneet Dalmia,Private Equity,4000000.0,False,2016,Buildzar
2092,2016-01-27,Applicate,technology,"Sales, Market, Distribution & Data Analytics Platform",Bengaluru,single_location,Undisclosed investors,Seed,1000000.0,False,2016,Applicate
2093,2016-01-27,WhatsOnRent,ecommerce,Online Rental Marketplace,Bengaluru,single_location,Lalit Mangal & Others,Seed,,False,2016,WhatsOnRent
2094,2016-01-28,Zebi (yet to launch),technology,Data Intelligence & Analytics,Hyderabad,single_location,Un disclosed investors,Seed,1000000.0,False,2016,Zebi (yet to launch)
2095,2016-01-28,Truce,fmcg,Vegetables & Fruits Supply Chain,Mumbai,single_location,"Anupam Mittal, Amit Gupta, Utsav Somani, Neeraj Goenka, Farooq Adam Mukadam",Seed,370000.0,False,2016,Truce
2096,2016-01-28,JustDoc,consumer interne,Medical Video Consultation platform,Bengaluru,single_location,"TV Mohandas Pai, Mohit Saxena, Raghunandan G, Singapore Angel Network, TracxnLabs",Seed,,False,2016,JustDoc
2097,2016-01-28,Myeglu,technology,Connected Smart Home Solutions,Bengaluru,single_location,Foxconn Technology Group & Others,Seed,,False,2016,Myeglu
2098,2016-01-29,BitGiving,consumer internet,Crowd Funding Platform,New Delhi,single_location,"Harminder Sahni, Krishna Mehra, Sanjay Bakshi",Seed,,False,2016,BitGiving
2099,2016-01-29,Qriyo,consumer internet,Online Fitness & Educational information Aggregator,Jodhpur,single_location,Idein Ventures,Seed,160000.0,False,2016,Qriyo
2100,2016-01-29,N.O.W,consumer internet,Rental Bike Aggregator App,Noida,single_location,Maple Capital Advisors,Seed,,False,2016,N.O.W
2101,2016-01-29,Aisle,consumer internet,Indians focused Matchmaking App,Bengaluru,single_location,"TermSheet, ah! Ventures",Seed,185000.0,False,2016,Aisle
2102,2016-01-29,FreshMenu,consumer internet,Fresh Food Delivery platform,Bengaluru,single_location,"Zodius Technology Fund, Lightspeed Venture Partners",Private Equity,17000000.0,False,2016,FreshMenu
2103,2016-01-29,Truebil,ecommerce,Online marketplace for cars,Mumbai,single_location,"Kalaari Capital, Inventus Capital, Tekton Ventures, Kae Capital",Private Equity,5150000.0,False,2016,Truebil
2104,2016-01-29,Rare Media,technology,Mobile & Cloud based App developer,New Delhi,single_location,Info Edge (India) Ltd,Private Equity,1100000.0,False,2016,Rare Media
2105,2016-01-29,TinMen,consumer internet,Food Delivery Platform,Hyderabad,single_location,Lead Angel Network,Seed,,False,2016,TinMen
2106,2016-01-29,CodingLabs,technology,Coding Skill Showcase & Resume Builder,Hyderabad,single_location,Vineet Nalla,Seed,,False,2016,CodingLabs
2107,2016-01-30,FindUrClass,consumer internet,Hobby & Activity Class Aggregator,Mumbai,single_location,"Amit Patni, Anirudh Damani, Samir Shah",Seed,,False,2016,FindUrClass
2108,2016-01-30,DesignBids,consumer internet,Interior Design Marketplace,New Delhi,single_location,Indian Angel Network,Seed,,False,2016,DesignBids
2109,2015-12-01,CollegeDekho,online education information platform,,Jaipur,single_location,GirnarSoft,Seed,1000000.0,False,2015,CollegeDekho
2110,2015-12-01,Black White Orange Brands,brand licensing startup,,Mumbai,single_location,YouWeCan Ventures,Seed,,False,2015,Black White Orange Brands
2111,2015-12-01,Biteclub,gourmet food discovery & delivery platform,,Gurugram,single_location,growX ventures,Private Equity,,False,2015,Biteclub
2112,2015-12-01,Patel Logistics,transportation & logistics platform,,Mumbai,single_location,Frontline Strategy,Private Equity,5600000.0,False,2015,Patel Logistics
2113,2015-12-01,Wigzo,enterprise marketing automation platform,,New Delhi,single_location,"Aarin Capital Partners, TV Mohandas Pai",Seed,500000.0,False,2015,Wigzo
2114,2015-12-01,Zapluk,"health, wellness & beauty services app",,Hyderabad,single_location,,Seed,,False,2015,Zapluk
2115,2015-12-01,Godof Hospitals,digital healthcare,,New Delhi,single_location,Pankaj Gupta,Seed,2000000.0,False,2015,Godof Hospitals
2116,2015-12-02,RoomsTonite,last minute hotel booking app,,Bengaluru,single_location,"Lashit Sanghvi, Nikhil Vora, Venkat Vardhan,Mohammed Bin Abdul Rehman Al Khalifa,  Ralph Berezan, Vissal Mathew,  Balamurali Krishna",Seed,1500000.0,False,2015,RoomsTonite
2117,2015-12-02,Kaaryah,womens fashion wear portal,,New Delhi,single_location,"The Saha Fund, TV Mohandas Pai",Private Equity,,False,2015,Kaaryah
2118,2015-12-03,Anakage,product learning platform,,Bengaluru,single_location,CIO Angel Network (CAN),Seed,,False,2015,Anakage
2119,2015-12-03,EasyKhaana,online food ordering & delivery platform,,New Delhi,single_location,Undisclosed investors,Seed,100000.0,False,2015,EasyKhaana
2120,2015-12-03,Shuttl,app based bus pooling services,,Gurugram,single_location,"Sequoia Capital, Times Internet Ltd & One more Fund",Private Equity,20000000.0,False,2015,Shuttl
2121,2015-12-03,Eckovation,social learning platform,,New Delhi,single_location,Chandigarh Angel Network (CAN),Seed,,False,2015,Eckovation
2122,2015-12-03,Fitcircle,social fitness platform,,Mumbai,single_location,Beerud Sheth and Ravi Mantha,Seed,,False,2015,Fitcircle
2123,2015-12-04,Applop,on demand mobile app developer,,Kolkata,single_location,GHV Accelerator,Seed,100000.0,False,2015,Applop
2124,2015-12-04,CaRPM,car maintenance & management mobile app,,Gurugram,single_location,GHV Accelerator,Seed,100000.0,False,2015,CaRPM
2125,2015-12-04,NDTV Wedding portal,online wedding marketplace,,New Delhi,single_location,CerraCap,Private Equity,20000000.0,False,2015,NDTV Wedding portal
2126,2015-12-04,Splitkart,splitting bills mobile app,,New Delhi,single_location,"Rajesh Sawhney, Anupam Mittal, Dinesh Agarwal, Gaurav Gupta,",Seed,,False,2015,Splitkart
2127,2015-12-07,Zenatix,iot energy management analytics platform,,Gurugram,single_location,Blume Ventures,Private Equity,,False,2015,Zenatix
2128,2015-12-07,Customfurnish,custom made furniture etailer,,Hyderabad,single_location,Agnus Capital,Private Equity,4500000.0,False,2015,Customfurnish
2129,2015-12-07,Faasos,qsr chain,,Pune,single_location,"ru-Net, Sequoia Capital,  Lightbox Ventures",Private Equity,30000000.0,False,2015,Faasos
2130,2015-12-07,Vlurn,elearning platform,,Mumbai,single_location,Vidyadhar Sarfare,Seed,,False,2015,Vlurn
2131,2015-12-07,Leaf Wearables,smart safety wearable devices,,New Delhi,single_location,"Ajeet Khurana Jinesh Shah, Vikram Chachra, Dr. Aniruddha Malpani",Seed,250000.0,False,2015,Leaf Wearables
2132,2015-12-07,Coolshare,cab sharing service mobile app,,Mumbai,single_location,Gopal Aggarwal,Seed,100000.0,False,2015,Coolshare
2133,2015-12-08,mFicient,cloud enterprise mobility platform,,New Delhi,single_location,Undisclosed investors,Seed,,False,2015,mFicient
2134,2015-12-08,HeyBiz,online shopping assistant mobile app,,New Delhi,single_location,Shopclues,Seed,,False,2015,HeyBiz
2135,2015-12-08,Yumist,home cooked food order & delivery platform,,Gurugram,single_location,"Unilazer Ventures, Orios Venture Partners, Steven Lurie",Private Equity,2000000.0,False,2015,Yumist
2136,2015-12-09,Jigsaw Academy,online school for analytics learning,,Bengaluru,single_location,Manipal Global Education Services,Private Equity,3000000.0,False,2015,Jigsaw Academy
2137,2015-12-09,JoeHukum,chat based personal assistant app,,Gurugram,single_location,"TracxnLabs, Jitendra Gupta, Prashant Tandon",Seed,,False,2015,JoeHukum
2138,2015-12-09,Voxweb,picture creation & social mobile app,,Mumbai,single_location,Undisclosed Investor,Seed,350000.0,False,2015,Voxweb
2139,2015-12-09,Aye Finance,nonbanking finance company,,New Delhi,single_location,"SAIF Partners, Accion",Private Equity,3000000.0,False,2015,Aye Finance
2140,2015-12-09,JumboBasket,ecommerce returns etailer,,Chandigarh,single_location,Chandigarh Angels Network,Seed,,False,2015,JumboBasket
2141,2015-12-10,BlackBuck,online freight services aggregator,,Bengaluru,single_location,"Tiger Global Management, Yuri Milner, Apoletto, Accel Partners, Flipkart",Private Equity,25000000.0,False,2015,BlackBuck
2142,2015-12-10,HomeStudio,online branded furniture etailer,,Bengaluru,single_location,Bren Corporation,Private Equity,5000000.0,False,2015,HomeStudio
2143,2015-12-10,PropheSee,digital analytics platform,,New Delhi,single_location,"Indian Angel Network, Stanford Angels, Entrepreneurs India",Seed,500000.0,False,2015,PropheSee
2144,2015-12-10,i2e1,internet network infrastructure services,,New Delhi,single_location,GrowX Ventures,Seed,500000.0,False,2015,i2e1
2145,2015-12-10,Holisol Logistics,supply chain & logistics solutions,,New Delhi,single_location,CLSA Capital Partners ARIA IV Funds,Private Equity,10000000.0,False,2015,Holisol Logistics
2146,2015-12-10,Stay Simple Resorts,holiday resort chain,,Bengaluru,single_location,"Mr. Sudhir & Ms. Shalini Sethi, Mr. Praveen Someshwar",Seed,,False,2015,Stay Simple Resorts
2147,2015-12-10,Paynear,mobile point of sale solutions,,Hyderabad,single_location,Mitesh Majithia,Private Equity,2500000.0,False,2015,Paynear
2148,2015-12-10,Chillr,peertopeer money transfer & recharge app,,Mumbai,single_location,"Sequoia Capital, Blume Ventures, Uniqorn Ventures and other",Private Equity,70000000.0,False,2015,Chillr
2149,2015-12-11,EureQa,test automation saas platform,,Hyderabad/USA,multiple_locations,"Sashi Reddi, Gabriel Investments",Seed,600000.0,False,2015,EureQa
2150,2015-12-11,LocalCircles,citizens engagement platform,,Noida,single_location,Anand Mahindra,Private Equity,,False,2015,LocalCircles
2151,2015-12-11,GetFocus,indoor navigation & analytics solutions,,Mumbai,single_location,Undisclosed investors,Seed,,False,2015,GetFocus
2152,2015-12-11,UrbanClap,hyperlocal ondemand household services platform,,Gurugram,single_location,Ratan Tata,Private Equity,,False,2015,UrbanClap
2153,2015-12-11,OnlineRTI,online rti application services,,Bengaluru,single_location,"LetsVenture, Mohandas Pai",Seed,150000.0,False,2015,OnlineRTI
2154,2015-12-11,Powerstores,ecommerce website creation saas platform,,Goa,single_location,Extreme Venture Partners  William Bissell,Seed,,False,2015,Powerstores
2155,2015-12-11,Weddingz.in,wedding venues & vendors marketplace,,Mumbai,single_location,"Rajan Anandan, Zoya Akhtar, Reema Kagati, Ruchi Narain, Amrish Kumar, Hrishikesh Parandekar",Seed,1000000.0,False,2015,Weddingz.in
2156,2015-12-11,Intelligent Interfaces,interface development platform for government officials,,Bengaluru,single_location,"Sachin Bansal, Binny Bansal",Seed,,False,2015,Intelligent Interfaces
2157,2015-12-14,Capricoast,modular furnishings marketplace,,Bengaluru,single_location,"Accel Partners India, RB Investments",Private Equity,3500000.0,False,2015,Capricoast
2158,2015-12-14,JetSetGo,private jet bookings marketplace,,Bengaluru,single_location,Puneet Dalmia,Private Equity,,False,2015,JetSetGo
2159,2015-12-14,Cabsguru,cab search comparison & booking platform,,New Delhi,single_location,Prashanth Ranganathan,Seed,200000.0,False,2015,Cabsguru
2160,2015-12-14,Whoop,performance optimization platform for athletes,,Boston,single_location,Infosys,Private Equity,3000000.0,False,2015,Whoop
2161,2015-12-15,BookEventz,event venue booking platform,,Mumbai,single_location,"Mumbai Angels, Singapore Angel Network, Zishaan Hayath",Seed,,False,2015,BookEventz
2162,2015-12-15,Deal Street Asia,digital media platform,,Singapore,single_location,"Vijay Shekhar Sharma, Singapore Angels Network",Seed,,False,2015,Deal Street Asia
2163,2015-12-15,Streamoid,visual search and discovery platform,,Bangalore / Palo Alto,multiple_locations,Undisclosed,Seed,1000000.0,False,2015,Streamoid
2164,2015-12-16,Housejoy,home services marketplace,,Bengaluru,single_location,"Amazon, Vertex Ventures, Qualcomm, Ru-Net Technology Partners, Matrix Partners",Private Equity,22500000.0,False,2015,Housejoy
2165,2015-12-16,Bluebirch,end to end reverse logistics solution platform,,Bengaluru,single_location,"Chicago Capital Ventures, Sanjay Mehta, Others",Seed,2000000.0,False,2015,Bluebirch
2166,2015-12-16,MeraDoctor,virtual health consultation app,,Mumbai,single_location,Unilazer,Private Equity,1200000.0,False,2015,MeraDoctor
2167,2015-12-16,STAGE 3,online renting platform,,New Delhi,single_location,"Nisha Sharma, Puneet Dalmia, Balaji Prabhakar",Seed,,False,2015,STAGE 3
2168,2015-12-17,Rivigo,logistics services provider,,Gurugram,single_location,SAIF Partners and others,Private Equity,30000000.0,False,2015,Rivigo
2169,2015-12-17,Springboard,data science & ux design learning platform,,Bengaluru,single_location,"Allen Blue, John Katzman, Naveen Tewari, Kartik Hosanagar, Kashyap Deorah, 500 Startups, Blue Fog Capital",Seed,1700000.0,False,2015,Springboard
2170,2015-12-17,Eatfresh,online marketplace for chef meals,,Bengaluru,single_location,Kalaari Capital,Private Equity,,False,2015,Eatfresh
2171,2015-12-18,Ampere Vehicles,electric bike manufacturers,,Coimbatore,single_location,Kris Gopalakrishnan & Others,Seed,1200000.0,False,2015,Ampere Vehicles
2172,2015-12-18,Focus Digit,ecommerce platform solutions,,New Delhi,single_location,Turning Ideas,Seed,,False,2015,Focus Digit
2173,2015-12-18,The News Minute,online media publication,,Bengaluru,single_location,Quintillion Media,Seed,,False,2015,The News Minute
2174,2015-12-18,CBREX,international hiring platform,,Mumbai / NY,multiple_locations,"Prahlad Rao, Sundara Rajan, Vikram Chachra",Seed,200000.0,False,2015,CBREX
2175,2015-12-21,TruckMandi,logistics service provider marketplace,,New Delhi,single_location,"Ritesh Dwivedy, Ramakant Sharma, Mount Nathan Advisors",Private Equity,2000000.0,False,2015,TruckMandi
2176,2015-12-21,Peppertap,hyperlocal\\xc2\\xa0 grocery delivery service,,Gurugram,single_location,Innoven Capital,Private Equity,4000000.0,False,2015,Peppertap
2177,2015-12-21,KOOH Sports,sports education platform,,Mumbai,single_location,"TCS, HDFC, Faering Capital, Elevate Sports",Private Equity,2000000.0,False,2015,KOOH Sports
2178,2015-12-22,RentOnGo,"bike, appliances renting marketplace",,Bengaluru,single_location,"Anand Chandrasekaran, Rajesh Sawhney, Kalpana Tatavarti, Shivanandan Pare",Seed,,False,2015,RentOnGo
2179,2015-12-22,Industrybuying,online marketplace for industrial goods,,New Delhi,single_location,"Murugappa Group, TVS Group, Vellayan Subbiah, Arathi Krishna, Arun Venkatachalam",Seed,,False,2015,Industrybuying
2180,2015-12-22,Zapr,reward points mobile app,,Gurugram,single_location,Dinesh Agarwal,Seed,,False,2015,Zapr
2181,2015-12-22,LatestOne,mobile accessories online store,,Hyderabad,single_location,Palred Technologies Ltd,Private Equity,3000000.0,False,2015,LatestOne
2182,2015-12-22,PlanetGogo,content discovery & reward points platform,,Gurugram,single_location,HT Digital Media Holdings Ltd,Seed,,False,2015,PlanetGogo
2183,2015-12-22,Arya.ai,artificial intelligence platform,,Mumbai,single_location,"YourNest Angel Fund, Venture Nursery",Private Equity,750000.0,False,2015,Arya.ai
2184,2015-12-22,Doctor Insta,medical consultation & doctor appointment booking platform,,Gurugram,single_location,"Rishi Parti, BrahmaX Ventures",Private Equity,500000.0,False,2015,Doctor Insta
2185,2015-12-22,MobieFit,mobile fitness app,,Goa,single_location,Medi Assist,Private Equity,1000000.0,False,2015,MobieFit
2186,2015-12-23,LafaLafa,"digital coupons, deal & cashback aggregator app",,Mumbai,single_location,Vectr Ventures,Private Equity,,False,2015,LafaLafa
2187,2015-12-23,Mech Mocha,mobile game development & design platform,,Bengaluru,single_location,"Blume Ventures, Flipkart",Seed,1000000.0,False,2015,Mech Mocha
2188,2015-12-23,Shotang.com,b2b ecommerce marketplace,,Bengaluru,single_location,"Exfinity Venture Partners, Unitus Impact Livelihoods Fund",Private Equity,5000000.0,False,2015,Shotang.com
2189,2015-12-23,CityFurnish,furniture and appliances rental platform,,Gurugram,single_location,Jitendra Gupta,Seed,,False,2015,CityFurnish
2190,2015-12-24,Black White Orange,b2b merchandize platform,,Mumbai,single_location,Collaborative Licensing Ventures LLP,Seed,303000.0,False,2015,Black White Orange
2191,2015-12-24,Kolabro,real estate focused tech platform,,Gurugram,single_location,"Umang Kumar, Ruchir Arora & others",Seed,,False,2015,Kolabro
2192,2015-12-24,Canvera,photographer online search & booking platform,,Bengaluru,single_location,Info Edge (India) Ltd,Private Equity,2200000.0,False,2015,Canvera
2193,2015-12-28,Town Essentials,grocery delivery platform,,Bengaluru,single_location,"Sharad Hegde, Girish Reddy, Siddharth Patil, Shrikant Patil",Seed,1000000.0,False,2015,Town Essentials
2194,2015-12-28,Bumper,mobile car servicing appointment app,,Bengaluru,single_location,SAIF Partners,Seed,500000.0,False,2015,Bumper
2195,2015-12-29,Hotify,new curation mobile app,,Bengaluru,single_location,Mahavir Pratap Sharma,Seed,150000.0,False,2015,Hotify
2196,2015-12-29,MobiKwik,mobile wallet,,Gurugram,single_location,"Sequoia Capital, Tree Line Asia, Innoven Capital",Private Equity,6600000.0,False,2015,MobiKwik
2197,2015-12-30,Intelligent Interfaces,interface development platform for government officials,,Bengaluru,single_location,Yuvraj Singh,Seed,,False,2015,Intelligent Interfaces
2198,2015-11-02,Twigly,online food ordering & delivery platform,,Gurugram,single_location,"Amit Gupta, Sahil Barua, Mukul Singhal, Tracxn Labs",Seed,200000.0,False,2015,Twigly
2199,2015-11-02,CityFlo,bus aggregation and rental mobile app,,Mumbai,single_location,IDG Ventures,Seed,750000.0,False,2015,CityFlo
2200,2015-11-03,Findyahan,hyperlocal online services platform,,Noida,single_location,Times Group Brand Capital,Private Equity,,False,2015,Findyahan
2201,2015-11-03,Sabse,wifi \xe2\x80\x93 first cloud communication platform,,Mumbai,single_location,Ratan Tata,Private Equity,,False,2015,Sabse
2202,2015-11-03,Pokkt,alternate mobile monetization platform,,Mumbai,single_location,"Segnel Venture, Shinji Kimura, Sundar Chanrai, JAFCO Asia, SingTel's Innov8, Jungle Ventures, K Ganesh",Private Equity,5000000.0,False,2015,Pokkt
2203,2015-11-03,oibanit,online food ordering marketplace,,Vadodara,single_location,"Varun Ahuja, Anubhav Verma",Seed,150000.0,False,2015,oibanit
2204,2015-11-03,Stuffed,quick service restaurant & online delivery,,Mumbai,single_location,Riqueza Capital,Seed,385000.0,False,2015,Stuffed
2205,2015-11-03,LoanBaba,online loans marketplace,,Mumbai,single_location,,Seed,320000.0,False,2015,LoanBaba
2206,2015-11-03,Deyor Rooms,budget hotels aggregator,,New Delhi,single_location,Dheeraj Jain & Others,Seed,500000.0,False,2015,Deyor Rooms
2207,2015-11-03,Bidgely,efficient energy management platform,,USA/India,multiple_locations,"Constellation Technology Ventures (Exelon Corporation), E.ON, RWE, Khosla Ventures",Private Equity,16600000.0,False,2015,Bidgely
2208,2015-11-04,Shirsa Labs,digital intelligent learning platform,,Mumbai,single_location,ah! Ventures,Seed,250000.0,False,2015,Shirsa Labs
2209,2015-11-04,Paytunes,voice call incentivization mobile app,,New Delhi,single_location,CIO Angel Network,Seed,,False,2015,Paytunes
2210,2015-11-04,YourDOST,online counselling and psychological support platform,,Gwalior,single_location,"Phanindra Sama, Aprameya Radhakrishna, Aneesh Reddy, Neeraj Jawalkar, Sanjay Anandaram, Pavan Ongole, Venk Krishnan",Seed,400000.0,False,2015,YourDOST
2211,2015-11-05,BookMyBai,domestic help aggregation platform,,Mumbai,single_location,Vineel Nalla & Others,Seed,150000.0,False,2015,BookMyBai
2212,2015-11-05,MyIndianStay,home stay & room rentals platform,,Goa,single_location,Undisclosed investors,Seed,200000.0,False,2015,MyIndianStay
2213,2015-11-05,Bobble,selfie mobile app,,New Delhi,single_location,SAIF Partners & others,Private Equity,,False,2015,Bobble
2214,2015-11-06,RepUp,online reputation management platform,,Gurugram,single_location,Indian Angel Network,Seed,,False,2015,RepUp
2215,2015-11-06,Satvacart,online grocery platform,,Gurugram,single_location,Undisclosed HNIs,Private Equity,1800000.0,False,2015,Satvacart
2216,2015-11-06,POPxo.com,online content platform for women,,New Delhi,single_location,"IDG Ventures India, Kalaari Capital, 500 Startups",Private Equity,2000000.0,False,2015,POPxo.com
2217,2015-11-06,SparesHub,online vehicle spare parts etailer,,Pune,single_location,"Hyderabad Angels, M&S Partners",Seed,460000.0,False,2015,SparesHub
2218,2015-11-06,Explara,event ticketing platform,,Pune,single_location,"Hyderabad Angels, Singapore Angel Network, Ness Wadia",Private Equity,490000.0,False,2015,Explara
2219,2015-11-06,Soothe Healthcare,affordable personal healthcare products,,Noida,single_location,Saina Nehwal,Seed,,False,2015,Soothe Healthcare
2220,2015-11-06,Yuvi Hospitality,premium dining lounges & restaurants,,Gurugram,single_location,Chandralekha Construction Pvt. Ltd.,Private Equity,15000000.0,False,2015,Yuvi Hospitality
2221,2015-11-09,AppVirality,mobile growth hacking\\nplatform,,Hyderabad,single_location,"Rajan Anandan, Mike Galgon, Ravi Gururaj, Ashim Mehra,  Mohit Saxena, Internet Group, TNN Capital and others",Seed,500000.0,False,2015,AppVirality
2222,2015-11-09,iStar Skill Development,skill training startup,,Bengaluru,single_location,"Michael & Susan Dell Foundation, Unitus Seed Fund",Private Equity,1500000.0,False,2015,iStar Skill Development
2223,2015-11-09,BigStylist.com,beauty and wellness marketplace,,Mumbai,single_location,Info Edge,Private Equity,1000000.0,False,2015,BigStylist.com
2224,2015-11-09,Zilingo,marketplace app for bangkok,,Bangalore/ Bangkok,multiple_locations,"Sequoia India, BEENEXT Ventures, Kunal Shah & Sandeep Tandon",Private Equity,1900000.0,False,2015,Zilingo
2225,2015-11-09,Didi,ondemand maids service provider,,Mumbai,single_location,"Jozef Bardik, Leo Wang Sangeeth Ram",Seed,150000.0,False,2015,Didi
2226,2015-11-09,Skoov.com,ecommerce product search engine,,Mumbai,single_location,undisclosed investor,Seed,150000.0,False,2015,Skoov.com
2227,2015-11-10,Chefs Basket,ready to cook packaged foods,,Mumbai,single_location,"SAIF Partners, Haresh Chawla",Private Equity,6000000.0,False,2015,Chefs Basket
2228,2015-11-11,Gingercrush,product customization platform,,Vadodara,single_location,TV Mohandas Pai's family office,Seed,,False,2015,Gingercrush
2229,2015-11-11,Delight Foods,branded food products online sales,,Bengaluru,single_location,"Lensbridge Capital, Mape Advisory Group, Fireside Ventures",Private Equity,600000.0,False,2015,Delight Foods
2230,2015-11-11,6Degree,talent platform for fashion professionals,,Goa/Hyderabad,multiple_locations,"Centre For Incubation & Business Acceleration (CIBA), Goa",Seed,,False,2015,6Degree
2231,2015-11-11,RenewBuy,auto insurance online platform,,Gurugram,single_location,Mount Nathan Advisors Pte Ltd,Seed,500000.0,False,2015,RenewBuy
2232,2015-11-11,Grab,hyperlocal logistics service provider,,Mumbai,single_location,Sixth Sense Ventures,Seed,,False,2015,Grab
2233,2015-11-12,Hitwicket,cricket management mobile game,,Hyderabad,single_location,Chennai Angels,Seed,250000.0,False,2015,Hitwicket
2234,2015-11-13,Flashdoor,on demand laundry service platform,,Bengaluru,single_location,"Sujeet Kumar, Ankit Nagori, Traxcn Labs",Seed,,False,2015,Flashdoor
2235,2015-11-16,Cashkaro.com,ecommerce discount & cashback coupons platform,,Gurugram,single_location,Kalaari Capital,Private Equity,3700000.0,False,2015,Cashkaro.com
2236,2015-11-16,Absentia,virtual reality headset creator,,Bengaluru,single_location,"Astarc Ventures, 50K Ventures & others",Seed,180000.0,False,2015,Absentia
2237,2015-11-16,Renowala,home improvement service platform,,Hyderabad,single_location,Logtally,Seed,,False,2015,Renowala
2238,2015-11-16,TaskBucks,mobileonly tasks marketplace,,New Delhi,single_location,Times Internet,Private Equity,15000000.0,False,2015,TaskBucks
2239,2015-11-17,CraftsVilla,women ethnic wear\\xc2\\xa0 online marketplace,,Mumbai,single_location,"Sequoia India, Lightspeed Venture Partners, Nexus Venture Partners, Global Founders Capital, Apoletto",Private Equity,34000000.0,False,2015,CraftsVilla
2240,2015-11-17,Julia Computing,numerical computing & data science platform,,Bengaluru,single_location,Gordon and Betty Moore Foundation,Seed,600000.0,False,2015,Julia Computing
2241,2015-11-17,StyleTag,designer fashion jewellery marketplace,,Bengaluru,single_location,Jitu Virwani,Seed,7500000.0,False,2015,StyleTag
2242,2015-11-17,Smytten,online products discovery platform,,Gurugram,single_location,"Rimpal Chawla, Anuj Srivastava",Seed,200000.0,False,2015,Smytten
2243,2015-11-17,BiBox,kids tool kit for innovation platform,,Bengaluru,single_location,Ravi Krishnamurthy,Seed,530000.0,False,2015,BiBox
2244,2015-11-17,Convegenius,mobile learning solutions,,Noida / Singapore,multiple_locations,Enablers platform,Seed,300000.0,False,2015,Convegenius
2245,2015-11-18,Ola,car aggregator & retail mobile app,,Bengaluru,single_location,"Baillie Gifford, Falcon Edge Capital, Tiger Global, SoftBank Group, DST Global, Didi Kuaidi",Private Equity,500000000.0,False,2015,Ola
2246,2015-11-18,Goodbox,conversational commerce mobile app,,Bengaluru,single_location,Nexus Venture Partners,Private Equity,2500000.0,False,2015,Goodbox
2247,2015-11-18,ScoopWhoop,viral content web platform,,New Delhi,single_location,Kalaari Capital,Private Equity,4000000.0,False,2015,ScoopWhoop
2248,2015-11-18,Hipship,express local delivery platform,,Bengaluru,single_location,"Inara Capital , Rishi Khiani",Seed,,False,2015,Hipship
2249,2015-11-18,Pickrr,ondemand local logistics provider,,New Delhi,single_location,Palaash Ventures,Seed,,False,2015,Pickrr
2250,2015-11-18,Truelancer,curated freelancer marketplace,,New Delhi,single_location,"Blackstone Valley Group, Raghu Vohra, Aditya Dev Sood, Kamal Bansal",Seed,,False,2015,Truelancer
2251,2015-11-19,AHA Taxis,online taxi rental platform,,Noida,single_location,ah! Ventures,Seed,,False,2015,AHA Taxis
2252,2015-11-19,UrbanClap,mobile services marketplace,,Gurugram,single_location,"Bessemer Venture Partner, Accel, SAIF Partners",Private Equity,25000000.0,False,2015,UrbanClap
2253,2015-11-19,SenseGiz,smartwatch maker,,Belgaum,single_location,Karnataka Semiconductor Venture Capital firm,Seed,500000.0,False,2015,SenseGiz
2254,2015-11-19,PlaceofOrigin,online gourmet food marketplace,,Bengaluru,single_location,"S.D. Shibulal, Kris Gopalakrishnan, Srinath Batni, Professor Tarun Khanna,  Ganapathy Venugopal.",Seed,,False,2015,PlaceofOrigin
2255,2015-11-19,Fourseven,online jewellery etailer,,New Delhi,single_location,Indian Angel Network,Seed,455000.0,False,2015,Fourseven
2256,2015-11-20,MindTickle,sales & productivity software,,Pune / US,multiple_locations,New Enterprise Associates,Private Equity,12500000.0,False,2015,MindTickle
2257,2015-11-20,Shopsense,ecommerce related software product platform,,Mumbai,single_location,"Kae Capital, Kunal Bahl, Rohit Bansal",Seed,,False,2015,Shopsense
2258,2015-11-20,Medinfi,healthtech platform,,Bengaluru,single_location,"Ram Kumar Kakani, Pradeep K Jaisingh, Sunil T V, Vijay Ghadge, Hemant Kaul, Gurmeet Chahal & Others",Seed,305000.0,False,2015,Medinfi
2259,2015-11-20,OUWT,nightlife discovery mobile app,,Mumbai,single_location,Undisclosed investors,Seed,150000.0,False,2015,OUWT
2260,2015-11-20,HeyPillow,online real estate marketplace,,Bengaluru,single_location,Hampton Capital,Private Equity,3000000.0,False,2015,HeyPillow
2261,2015-11-21,Healers At Home,"home healthcare services platform,",,New Delhi,single_location,"Daljit Singh, Dr. Pramath Raj Sinha, BVR Mohan Reddy",Seed,,False,2015,Healers At Home
2262,2015-11-21,Caravan Craft,indian ethnic crafts etailer,,Bengaluru,single_location,"Unitus Seed Fund, Bijou Kurien, Narayan Ramachandran",Private Equity,1200000.0,False,2015,Caravan Craft
2263,2015-11-21,Talkoot,social platform for traders and investors,,Bengaluru,single_location,Undisclosed investors,Seed,100000.0,False,2015,Talkoot
2264,2015-11-23,RentoMojo,"online furniture, home appliances rental platform",,Bengaluru,single_location,"IDG Ventures India,  Accel Partners India",Private Equity,2000000.0,False,2015,RentoMojo
2265,2015-11-23,Medikoe,healthcare services discovery platform,,Bengaluru,single_location,Anil Menon,Seed,100000.0,False,2015,Medikoe
2266,2015-11-24,Stylofie,health and beauty services marketplace,,Gurugram,single_location,Swastika,Seed,250000.0,False,2015,Stylofie
2267,2015-11-24,ServX,automotive services platform,,New Delhi,single_location,Manish Gupta,Seed,,False,2015,ServX
2268,2015-11-24,Naaptol,online and tv shopping marketplace,,Mumbai,single_location,"Mitsui & Co., New Enterprise Associates, Canaan Partners, Silicon Valley Bank",Private Equity,52000000.0,False,2015,Naaptol
2269,2015-11-24,Crayon Data,big data analytics platform,,Chennai/ Singapore,multiple_locations,Ratan Tata,Private Equity,,False,2015,Crayon Data
2270,2015-11-25,EarlySalary.com,mobile app based loan disbursement platform,,Mumbai,single_location,Ashok Agarwal,Seed,1500000.0,False,2015,EarlySalary.com
2271,2015-11-25,Tooler,on demand laundry services app,,New Delhi,single_location,"Raghu Khanna, Sameer Gupta",Seed,110000.0,False,2015,Tooler
2272,2015-11-25,S Chand,education content provider,,New Delhi,single_location,IFC Everstone Group,Private Equity,27000000.0,False,2015,S Chand
2273,2015-11-26,Stelae,content management software solutions,,Chennai,single_location,Earlsfield Capital,Private Equity,,False,2015,Stelae
2274,2015-11-26,GoQii,fitness tracking management solutions,,Mumbai,single_location,"New Enterprise Associates, Cheetah Mobile",Private Equity,13400000.0,False,2015,GoQii
2275,2015-11-26,Grofers,hyperlocal grocery delivery platform,,Gurugram,single_location,"Softbank, Tiger Global, Sequoia Capital, Apoletto Managers",Private Equity,120000000.0,False,2015,Grofers
2276,2015-11-26,Pluss,hyperlocal healthcare product delivery service provider,,Gurugram,single_location,"IDG Ventures, M & S partners, Powerhouse Ventures (USA).",Private Equity,1000000.0,False,2015,Pluss
2277,2015-11-26,KountMoney,online lending marketplace,,Bengaluru,single_location,"Tracxn, Ashish Goenka & Others",Seed,,False,2015,KountMoney
2278,2015-11-27,StayGlad,on demand beauty services platform,,Bengaluru,single_location,"Bessemer Venture Partners, Anil Chopra",Private Equity,,False,2015,StayGlad
2279,2015-11-27,JustRide,self driven rental car platform,,Mumbai,single_location,,Private Equity,2000000.0,False,2015,JustRide
2280,2015-11-27,Fastudent,education content etailer,,Noida,single_location,Ashish Gupta,Seed,,False,2015,Fastudent
2281,2015-11-27,LearnOn,clud based learning platform,,Chennai,single_location,JMR Infotech India Pvt Ltd,Seed,,False,2015,LearnOn
2282,2015-11-27,Talentrack,talent exchange & talent services marketplace,,New Delhi,single_location,Unigrowth Inc,Seed,,False,2015,Talentrack
2283,2015-11-28,M-TAXI,twowheeler taxi service,,Gurugram,single_location,"Mandeep Singh, Jairaj Singh",Seed,,False,2015,M-TAXI
2284,2015-11-30,Baxi,twowheeler taxi service,,Gurugram,single_location,"Manish Kheterpal, Alok Mittal,  Puneet Dalmia,",Seed,1450000.0,False,2015,Baxi
2285,2015-11-30,Superhero Brands,character merchandize sales platform,,Mumbai,single_location,DSG Consumer Partners,Seed,540000.0,False,2015,Superhero Brands
2286,2015-11-30,MoMagic,mobile application developer,,New Delhi,single_location,FIH Mobile Ltd,Private Equity,,False,2015,MoMagic
2287,2015-11-30,QikPod,ecommerce delivery locker services,,Bengaluru,single_location,"Flipkart, Accel Partners, Delhivery, Foxconn",Private Equity,9000000.0,False,2015,QikPod
2288,2015-11-30,Butterfly Interactive,extra curricular activities marketplace app,,New Delhi,single_location,Undisclosed investors,Seed,,False,2015,Butterfly Interactive
2289,2015-11-30,Bro4U,hyperlocal online home services provider,,Bengaluru,single_location,Sargod Ventures,Seed,,False,2015,Bro4U
2290,2015-10-01,Indifi,easy business loans platform,,Gurugram,single_location,"Accel Partners, Elevar Equity, Pramod Bhasin, Rajan Anandan, Gaurav Dalmia, Abhishek Goyal, Gagan Hasteer , Arun Tadanki",Seed,,False,2015,Indifi
2291,2015-10-01,Wydr,performance based wholesale marketplace,,New Delhi,single_location,Sandeep Aggarwal,Seed,,False,2015,Wydr
2292,2015-10-01,EasyFix,professional services marketplace,,Gurugram,single_location,Axilor Ventures,Seed,,False,2015,EasyFix
2293,2015-10-01,Muvizz,movieondemand platform,,Singapore,single_location,"Ashish Todi, Abhinav Patodia, Kumar Shwetabh",Seed,350000.0,False,2015,Muvizz
2294,2015-10-01,Abhibus,us ticketing and fleet management platform,,Hyderabad,single_location,Paytm (One97 communications),Private Equity,,False,2015,Abhibus
2295,2015-10-01,Cleartax,online income tax filing platform,,New Delhi,single_location,Paytm (One97 communications),Private Equity,,False,2015,Cleartax
2296,2015-10-02,Shopalyst,product discovery & recommendation platform,,Bengaluru,single_location,Kalaari Capital,Private Equity,2000000.0,False,2015,Shopalyst
2297,2015-10-03,Chillr,mobile payments app,,Mumbai,single_location,Sequoia Capital,Private Equity,6000000.0,False,2015,Chillr
2298,2015-10-05,Nykaa,beauty & wellness products etailer,,Mumbai,single_location,"Harsh Mariwala, Atul Nishar, Dalip Pathak, Michael Carlos",Private Equity,9500000.0,False,2015,Nykaa
2299,2015-10-05,Voylla,fashion jewelry and accessories etailer,,Jaipur,single_location,Peepul Capital,Private Equity,15000000.0,False,2015,Voylla
2300,2015-10-05,IndiaLends,online consumer lending platform,,New Delhi,single_location,"DSG consumer Partners, Paragon Partners",Private Equity,1000000.0,False,2015,IndiaLends
2301,2015-10-05,Rock N Shop,premium apparel shopping portal,,New Delhi,single_location,High Networth Individuals (undisclosed),Seed,150000.0,False,2015,Rock N Shop
2302,2015-10-06,DocPlexus,exclusive platform for doctors & healthcare professionals,,Pune,single_location,"Uniqorn ventures, ASP Consulting",Seed,700000.0,False,2015,DocPlexus
2303,2015-10-06,WorkIndia,job board,,Mumbai,single_location,"Satyen Kothari, Keshav Sanghi, Riddhesh Gandhi & Others",Seed,500000.0,False,2015,WorkIndia
2304,2015-10-06,SportzVillage,sports management & physical education business,,Bengaluru,single_location,Gaja Capital Private Equity Fund,Private Equity,10000000.0,False,2015,SportzVillage
2305,2015-10-06,SportyBeans,multisport program for preschoolers,,Pune,single_location,YouWeCan Ventures,Seed,,False,2015,SportyBeans
2306,2015-10-06,Burger Singh,qsr & online delivery portal,,Gurugram,single_location,"Ashvin Chadha, Avtar Monga, Udaan Angels, Dheeraj Jain",Seed,500000.0,False,2015,Burger Singh
2307,2015-10-06,Welcome Cure,online homeopathy clinic,,Mumbai,single_location,Unnamed Media house and HNIs,Private Equity,6000000.0,False,2015,Welcome Cure
2308,2015-10-07,SchoolGuru,elearning service provider,,Mumbai,single_location,High Networth Individuals from India & USA,Private Equity,3000000.0,False,2015,SchoolGuru
2309,2015-10-07,Naturally Yours,organic food etailer,,Mumbai,single_location,Sanjay Mehta,Seed,,False,2015,Naturally Yours
2310,2015-10-07,GoJavas,delivery & logistics service provider,,Gurugram,single_location,Snapdeal,Private Equity,20000000.0,False,2015,GoJavas
2311,2015-10-07,Scandid,product discovery & comparison app,,Pune,single_location,Micromax Informatics,Private Equity,,False,2015,Scandid
2312,2015-10-07,StalkBuyLove,online apparels fashion brand,,New Delhi,single_location,"Mato Peric, Peter Kabel & others",Private Equity,,False,2015,StalkBuyLove
2313,2015-10-08,ZuperMeal,home cooked food marketplace & delivery,,Mumbai,single_location,"Sanjeev Kapoor,  Ravi Saxena & Others",Private Equity,2000000.0,False,2015,ZuperMeal
2314,2015-10-08,Cube26,gesture based mobile development,,New Delhi,single_location,"Tiger Global Management, Flipkart",Private Equity,7700000.0,False,2015,Cube26
2315,2015-10-08,Mobikon,hotel mobile crm software platform,,Pune / Singapore,multiple_locations,"Life.SREDA, Qualgro",Private Equity,,False,2015,Mobikon
2316,2015-10-08,Grabhouse,rental accommodation search platform,,Bengaluru,single_location,Sequoia and Kalaari Capital.,Private Equity,10000000.0,False,2015,Grabhouse
2317,2015-10-08,Quifers,logistics tech platform,,Mumbai,single_location,"Vikas Agarwal, Vishal Khare, Sanjeev Kakkar, Smile Group",Seed,310000.0,False,2015,Quifers
2318,2015-10-09,Stockroom.io,developer portfolio showcase platform,,Hyderabad,single_location,Undisclosed Investors,Seed,70000.0,False,2015,Stockroom.io
2319,2015-10-09,Curofy,doctors network mobile app,,New Delhi,single_location,RoundGlass Partners,Private Equity,,False,2015,Curofy
2320,2015-10-09,Cloud Lending,endtoend lending platform,,Bangalore / San Mateo,multiple_locations,SF Capital Group,Private Equity,8000000.0,False,2015,Cloud Lending
2321,2015-10-09,Inayo,ondemand healthcare marketplace,,Mumbai,single_location,"Kemark Ventures, Amit Ranjan, Zishaan Hayath and Others",Seed,300000.0,False,2015,Inayo
2322,2015-10-09,WoNoBo,360degree view creating platform,,Bengaluru,single_location,Quikr,Private Equity,,False,2015,WoNoBo
2323,2015-10-09,Kulzy,advertising & marketing community networking platform,,New Delhi,single_location,"Seedfund, Bedrock Ventures",Seed,1000000.0,False,2015,Kulzy
2324,2015-10-09,Zeppery,food ordering & delivery app,,New Delhi,single_location,Suyash Sharma,Seed,77000.0,False,2015,Zeppery
2325,2015-10-12,Zify,ride sharing platform,,Hyderabad,single_location,Sean O'Sullivan & Others,Seed,190000.0,False,2015,Zify
2326,2015-10-12,Faircent,online p2p lending marketplace,,Gurugram,single_location,Aarin Capital Partners,Private Equity,,False,2015,Faircent
2327,2015-10-12,Bizongo,b2b marketplace for industrial goods,,Mumbai,single_location,Accel Partners,Seed,,False,2015,Bizongo
2328,2015-10-12,Gridle,cloud based collaboration platform,,Ahmedabad,single_location,LetsVenture,Seed,100000.0,False,2015,Gridle
2329,2015-10-12,Tripoto,global community for travellers,,New Delhi,single_location,"500 Startups, IDG Ventures & Advantedge fund, Neeraj Arora, Leon Seynave",Private Equity,,False,2015,Tripoto
2330,2015-10-12,Mubble,prepaid bill manager app,,Bengaluru,single_location,Accel Partners,Private Equity,,False,2015,Mubble
2331,2015-10-13,Voodoo,mobile only shopping assistant,,New Delhi,single_location,SAIF Partners,Seed,1000000.0,False,2015,Voodoo
2332,2015-10-13,Lookup,mobile messaging assistant app,,Bengaluru,single_location,"Khosla Impact, Biz Stone, Catamaran Ventures, Global Founders Capital, European investment fund",Private Equity,2500000.0,False,2015,Lookup
2333,2015-10-14,AskMyGift,personalized wish list creator app,,Noida,single_location,Turning Ideas,Seed,50000.0,False,2015,AskMyGift
2334,2015-10-14,Gaana.com,music streaming mobile app,,Mumbai,single_location,Micromax Informatics Ltd,Private Equity,,False,2015,Gaana.com
2335,2015-10-14,Zappfresh,raw meat & ready to eat food etailer,,Gurugram,single_location,Undisclosed Investors,Seed,77000.0,False,2015,Zappfresh
2336,2015-10-14,GymTrekker,gym discovery platform,,Mumbai,single_location,"Dewang Neralla,Roopak Taneja, Manisha Gupta",Seed,,False,2015,GymTrekker
2337,2015-10-15,Bounty App,online purchase rewards app,,Bengaluru,single_location,"Fireside Ventures, Mumbai Angels MAPE Advisory Group.",Seed,,False,2015,Bounty App
2338,2015-10-16,Homers.in,home rental platform,,Gurugram,single_location,"Devesh Rai G, Rajesh Aggarwal, Amitpal Bhutani",Seed,,False,2015,Homers.in
2339,2015-10-16,mShipper,crowdsourced delivery platform,,New Delhi,single_location,Vijai Laxmi,Seed,,False,2015,mShipper
2340,2015-10-16,BolRealty,real estate insights platform,,New Delhi,single_location,Manpreet Singh,Seed,,False,2015,BolRealty
2341,2015-10-17,S-Cube Futuretech,structural & civil engg service automation,,Mumbai,single_location,Parampara Capital,Private Equity,1000000.0,False,2015,S-Cube Futuretech
2342,2015-10-19,LetsVenture,startup funding marketplace,,Bengaluru,single_location,"Accel Partners, Anupam Mittal & other marquee investors",Private Equity,,False,2015,LetsVenture
2343,2015-10-19,Citrus Payment,payments solution platform,,Mumbai,single_location,"Sequoia Capital, Ascent Capital, eContext Asia, Beenos Asia",Private Equity,25000000.0,False,2015,Citrus Payment
2344,2015-10-19,Holidify,travel destination discovery platform,,New Delhi,single_location,Aarti Group,Seed,100000.0,False,2015,Holidify
2345,2015-10-20,PrimaSeller,order fulfillment saas platform,,Bengaluru,single_location,"Dr. Aniruddha Malpani Manish Gupta, M&S Partners & others",Seed,,False,2015,PrimaSeller
2346,2015-10-20,Opinio,last mile delivery service,,Bengaluru,single_location,"Delhivery, Sands Capital and Accel Partners",Private Equity,7000000.0,False,2015,Opinio
2347,2015-10-20,Attune Technologies,healthcare it solutions & services,,Chennai,single_location,"Qualcomm Venture, Norwest Venture Partners",Private Equity,10000000.0,False,2015,Attune Technologies
2348,2015-10-20,iChef.in,gourmet meals delivery,,Mumbai,single_location,Springboard Ventures,Private Equity,,False,2015,iChef.in
2349,2015-10-21,Jiyo Natural,healthy meals food delivery platform,,Bengaluru,single_location,Indian Angel Network,Seed,,False,2015,Jiyo Natural
2350,2015-10-21,AgentDesks,real estate mobile crm,,New York/ India,multiple_locations,"Sierra Ventures, Cota Capital, Vegas Tech Fund",Seed,2950000.0,False,2015,AgentDesks
2351,2015-10-21,White Owl Brewery,microbrewery,,Mumbai,single_location,"Arihant Patni, RAAY Global Investments",Private Equity,1530000.0,False,2015,White Owl Brewery
2352,2015-10-21,MealHopper,home made food marketplace,,Gurugram,single_location,"Alok Bajpai, Rajnish Kumar, Amit Dey",Seed,100000.0,False,2015,MealHopper
2353,2015-10-21,Zenify.in,residential rental management platform,,Bengaluru,single_location,"Atul Jalan, Shrikanth & Bharath",Seed,640000.0,False,2015,Zenify.in
2354,2015-10-21,Stockal,personalized stock intelligence platform,,Bengaluru,single_location,"R Natarajan, Mohan Alexander",Seed,,False,2015,Stockal
2355,2015-10-23,Medd,personal diagnostic mobile app,,Mumbai,single_location,Group of Angel investors,Seed,150000.0,False,2015,Medd
2356,2015-10-23,Leaping Caravan,online food ordering & delivery service,,Gurugram,single_location,Group of Angel investors,Seed,150000.0,False,2015,Leaping Caravan
2357,2015-10-23,Frsh,online food ordering & delivery service,,Gurugram,single_location,"Mumbai Angels, Mayank Bhangdia, Kae Capital",Private Equity,1000000.0,False,2015,Frsh
2358,2015-10-23,Qik Stay,hotel aggregator & booking platform,,New Delhi,single_location,ID Enablers Pvt Ltd,Seed,250000.0,False,2015,Qik Stay
2359,2015-10-26,Parcelled,online logistics platform,,Bengaluru,single_location,Delhivery,Private Equity,5000000.0,False,2015,Parcelled
2360,2015-10-26,AlmaMapper,online student & campus social networking platform,,Ahmedabad,single_location,Oswal Techno Ventures LLP,Seed,400000.0,False,2015,AlmaMapper
2361,2015-10-26,Flexing It,professionals & project search marketplace,,New Delhi,single_location,undisclosed private investors,Seed,500000.0,False,2015,Flexing It
2362,2015-10-26,Netmeds.com,online pharmacy,,Chennai,single_location,"OrbiMed, Pradip Dadha Group",Private Equity,50000000.0,False,2015,Netmeds.com
2363,2015-10-26,Razorpay,online payment gateway,,Jaipur,single_location,"Tiger Global Management, Matrix Partners",Private Equity,9000000.0,False,2015,Razorpay
2364,2015-10-27,Jombay,psychometric test online software,,Pune,single_location,Ventureworks India,Private Equity,,False,2015,Jombay
2365,2015-10-27,Happitoo,location based nightlife recommendation\\xc2\\xa0 platform,,Mumbai,single_location,Unnamed investor,Seed,77000.0,False,2015,Happitoo
2366,2015-10-27,Care24,professional health services platform,,Mumbai,single_location,India Quotient,Seed,350000.0,False,2015,Care24
2367,2015-10-27,Roadrunnr,hyperlocal logistics service,,Bengaluru,single_location,"Sequoia Capital, Nexus Venture Partners",Private Equity,10000000.0,False,2015,Roadrunnr
2368,2015-10-27,Simpli5d,online user engagement platform,,Gurugram,single_location,"Redcliffe Capital, YourNest Angel Fund",Private Equity,,False,2015,Simpli5d
2369,2015-10-28,ORIGA Leasing,asset financing platform,,Mumbai,single_location,"ah! Ventures, 500 Startups & Other HNIs",Seed,1100000.0,False,2015,ORIGA Leasing
2370,2015-10-28,Smartivity.in,virtual reality activity based learning platform,,New Delhi,single_location,S Chand and Co Pvt Ltd,Seed,200000.0,False,2015,Smartivity.in
2371,2015-10-28,UrDoorStep,online grocery store,,Bengaluru,single_location,Jupiter Capital,Private Equity,,False,2015,UrDoorStep
2372,2015-10-29,Tavaga,investment management platform,,Mumbai,single_location,Tracxn Syndicate,Seed,,False,2015,Tavaga
2373,2015-10-29,Moglix,industrial toons marketplace,,Noida,single_location,"Accel Partner, Jungle Ventures",Private Equity,,False,2015,Moglix
2374,2015-10-29,ZopHop,public commute helper app,,Mumbai,single_location,"Amit Singhal, PK Gulati & others",Seed,450000.0,False,2015,ZopHop
2375,2015-10-30,Niki.ai,artificial intelligence ecommerce chatbot,,Bengaluru,single_location,Unilazer Ventures,Seed,,False,2015,Niki.ai
2376,2015-10-30,Instavans,truck aggregator & logistics service,,Bengaluru,single_location,Suresh Vaswani,Seed,,False,2015,Instavans
2377,2015-10-30,LiftO,ridesharing mobile app,,Mumbai,single_location,"Rajesh Bhatia, Dheeraj Mehta & Others",Seed,130000.0,False,2015,LiftO
2378,2015-10-30,TinyOwl,food discovery & delivery mobile app,,Mumbai,single_location,"Sequoia Capital, Matrix Partners",Private Equity,7500000.0,False,2015,TinyOwl
2379,2015-10-30,Toppr.com,competitive exam learning platform,,Mumbai,single_location,InnoVen Capital,Private Equity,2000000.0,False,2015,Toppr.com
2380,2015-10-30,Kleeto,document digitization platform,,Gurugram,single_location,GREX,Seed,230000.0,False,2015,Kleeto
2381,2015-10-30,BeaconsTalk,proximity marketing & mobile advertising platform,,Mumbai,single_location,Puneet Bhatia & others,Seed,80000.0,False,2015,BeaconsTalk
2382,2015-10-31,Jugnoo,autorickshaw aggregator & booking platform,,Chandigarh,single_location,Paytm,Private Equity,10000000.0,False,2015,Jugnoo
2383,2015-09-01,TOFlo,fintech startup incubation platform,,Mumbai,single_location,Tania Johny Palathinkal,Seed,100000.0,False,2015,TOFlo
2384,2015-09-01,FXMartIndia,payment services platform,,Chandigarh,single_location,Flipkart,Private Equity,,False,2015,FXMartIndia
2385,2015-09-01,Stylecracker,personalized styling platform,,Mumbai,single_location,Group of HNI investors,Private Equity,1000000.0,False,2015,Stylecracker
2386,2015-09-01,Luxuryhues,luxury goods\\xc2\\xa0 shopping platform,,Gurugram,single_location,Reliance Capital,Private Equity,900000.0,False,2015,Luxuryhues
2387,2015-09-02,HolaChef,food delivery platform,,Mumbai,single_location,Ratan Tata,Private Equity,,False,2015,HolaChef
2388,2015-09-02,Zivame,online lingerie marketplace,,Bengaluru,single_location,"Zodius Technology Fund, Khazanah Nasional Berhad",Private Equity,40000000.0,False,2015,Zivame
2389,2015-09-02,Capillary Tech,cloud software solutions,,New Delhi,single_location,"Warburg Pincus, Sequoia Capital, Norwest Venture Partners",Private Equity,45000000.0,False,2015,Capillary Tech
2390,2015-09-03,Jobspire,job search platform,,Bengaluru,single_location,Purvi Capital,Seed,260000.0,False,2015,Jobspire
2391,2015-09-03,MeraDoctor,doctor consultancy mobile app,,Mumbai,single_location,India Quotient & other investors,Seed,,False,2015,MeraDoctor
2392,2015-09-03,Vistaar Finance,small business financing (nbfc),,Bengaluru,single_location,"WestBridge Capital, Omidyar Network, Elevar Equity, Saama Capital,  Lok Capital",Private Equity,40000000.0,False,2015,Vistaar Finance
2393,2015-09-03,HiJinny,beauty & wellness services marketplace,,Mumbai,single_location,CMYK Health Boutique Pvt Ltd & Other individual investors,Seed,,False,2015,HiJinny
2394,2015-09-04,Clapsnslaps,online movie review platform,,Mumbai,single_location,R M Picture Company Pvt. Ltd.,Seed,150000.0,False,2015,Clapsnslaps
2395,2015-09-04,Blubox,ecommerce brands\\xe2\\x80\\x99 full service agency,,Mumbai,single_location,Ashish Jhalani,Seed,100000.0,False,2015,Blubox
2396,2015-09-04,RoomCentral,cloudbased hotel booking platform,,Bengaluru,single_location,Karanpal Singh,Seed,2000000.0,False,2015,RoomCentral
2397,2015-09-07,YouthKiAwaaz,community driven news/views platform,,New Delhi,single_location,"Raghav Bahl, Ritu Kapur",Seed,600000.0,False,2015,YouthKiAwaaz
2398,2015-09-07,Prozo,study material marketplace,,New Delhi,single_location,"Nalin Jain, Shomil Pant, Dinesh Kundu & others",Seed,205000.0,False,2015,Prozo
2399,2015-09-07,Zomato,restaurant ratings & reviews platform,,Gurugram,single_location,"Temasek, Vy Capital",Private Equity,60000000.0,False,2015,Zomato
2400,2015-09-07,Sahayog Dairy,dairy based product manufacturer,,Bhopal,single_location,Acumen Fund,Private Equity,1800000.0,False,2015,Sahayog Dairy
2401,2015-09-08,MockBank,government test preparation platform,,Bengaluru,single_location,Blume Ventures,Seed,400000.0,False,2015,MockBank
2402,2015-09-08,ReportBee,smart report cards for schools,,Chennai,single_location,India Educational Investment Fund,Seed,,False,2015,ReportBee
2403,2015-09-08,GuruG Learning,teacher empowerment platform,,Bengaluru,single_location,India Educational Investment Fund,Seed,,False,2015,GuruG Learning
2404,2015-09-10,OnlineTyari,multilingual test preparation platform,,Gurugram,single_location,"500 Startups, TV Mohandas Pai, Tandem Capital, Vikram Chachra, Aloke Bajpai",Private Equity,770000.0,False,2015,OnlineTyari
2405,2015-09-10,IndustryBuying,industrial tools marketplace,,New Delhi,single_location,"Kalaari Capital, SAIF Partners, Beenextan investment fund",Private Equity,9200000.0,False,2015,IndustryBuying
2406,2015-09-10,The/Nudge Foundation,non profit organization to alleviate poverty,,Bengaluru,single_location,"Nanadan Nilekani, InMobi, Paytm",Seed,315000.0,False,2015,The/Nudge Foundation
2407,2015-09-11,FitMeIn,gym & fitness studios subscription platform,,New Delhi,single_location,Green House Ventures,Seed,100000.0,False,2015,FitMeIn
2408,2015-09-11,Envoged,preused luxury item marketplace,,Mumbai,single_location,"Ankush Nijhawan, Manish Dhingra, Gaurav Bhatnagar",Seed,,False,2015,Envoged
2409,2015-09-11,Zapyle,preused apparel shopping mobile app,,Bengaluru,single_location,,Seed,1000000.0,False,2015,Zapyle
2410,2015-09-11,Renomania,home design & d\\xc3\\xa9cor platform,,New Delhi,single_location,Subodh Gupta,Seed,,False,2015,Renomania
2411,2015-09-12,CredR,used vehicles marketplace,,Mumbai,single_location,Eight Road Ventures,Private Equity,15000000.0,False,2015,CredR
2412,2015-09-12,YatraGenie,online bus & cab ticketing platform,,Hyderabad,single_location,Ash Bhardwaj,Private Equity,,False,2015,YatraGenie
2413,2015-09-14,CanvasFlip,mobile app testing platform,,Hyderabad,single_location,Bessemer Venture Partners,Seed,1200000.0,False,2015,CanvasFlip
2414,2015-09-14,Shadowfax,hyperlocal delivery services,,Gurugram,single_location,Eight Roads Ventures,Private Equity,9000000.0,False,2015,Shadowfax
2415,2015-09-14,UE Life Sciences,early cancer detection solutions,,US/India,multiple_locations,"Aarin Capital, Unitus Seed Fund",Private Equity,3000000.0,False,2015,UE Life Sciences
2416,2015-09-14,Ola Cabs,cab rental mobile app,,Bengaluru,single_location,"Falcon Edge Capital, NY based Hedge Fund, Tiger Global, Softbank",Private Equity,225000000.0,False,2015,Ola
2417,2015-09-15,Coverfox,online insurance distribution platform,,Mumbai,single_location,Cataraman Ventures,Private Equity,2000000.0,False,2015,Coverfox
2418,2015-09-15,MoEngage,mobile marketing automation platform,,Bengaluru,single_location,"Helion Venture Partners, Exfinity Ventures",Private Equity,4250000.0,False,2015,MoEngage
2419,2015-09-15,Mubble,prepaid mobile bill manager app,,Bengaluru,single_location,Nandan Nilekani,Seed,,False,2015,Mubble
2420,2015-09-15,Tea Trails,chain of tea caf\\xc3\\xa9\\xe2\\x80\\x99s,,Mumbai,single_location,"Anil Matai, Vikram Tandon, Shyam Sundar R & others",Seed,1000000.0,False,2015,Tea Trails
2421,2015-09-15,Room on Call,branded budget hotel marketplace,,Noida,single_location,Payal Syal,Seed,300000.0,False,2015,Room on Call
2422,2015-09-15,FYNE,home fitting & fixtures marketplace,,Bengaluru,single_location,Sandeep Dama & Others,Seed,,False,2015,FYNE
2423,2015-09-16,ChaiPoint,food subscription platform,,Bengaluru,single_location,Eight Roads Ventures,Private Equity,10000000.0,False,2015,ChaiPoint
2424,2015-09-16,WedmeGood.com,wedding planning platform,,Gurugram,single_location,Indian Angel Network,Seed,410000.0,False,2015,WedmeGood.com
2425,2015-09-16,XSTOK,b2b mobile auction marketplace,,Mumbai,single_location,Oliphans Capital,Seed,450000.0,False,2015,XSTOK
2426,2015-09-17,UniLog,ecommerce data analytics platform,,Bengaluru,single_location,Kalaari Capital,Private Equity,,False,2015,UniLog
2427,2015-09-17,Paintcollar,designer merchandize marketplace,,Mumbai,single_location,Applyifi,Seed,,False,2015,Paintcollar
2428,2015-09-17,YepMe,private label fashion etailer,,Gurugram,single_location,"Khazanah Nasional Berhad, Helion Venture Partners",Private Equity,75000000.0,False,2015,YepMe
2429,2015-09-17,Bueno,online food ordering & delivery,,Gurugram,single_location,High Networth Individuals (No details),Seed,600000.0,False,2015,Bueno
2430,2015-09-18,Plabro,real estate broker platform app,,New Delhi,single_location,"Sachin Bansal & Binny Bansal, Sol Primero, Outbox Ventures, Sangram Singh",Seed,350000.0,False,2015,Plabro
2431,2015-09-18,CureJoy,online health & wellness platform,,Bengaluru,single_location,"Accel Partners, Subrata Mitra, Larry Braitman, Venk Krishna",Private Equity,1150000.0,False,2015,CureJoy
2432,2015-09-18,Briston Technomach,internet of things platform,,New Delhi,single_location,Undisclosed,Seed,150000.0,False,2015,Briston Technomach
2433,2015-09-18,LabStreet,diagnostic labs aggregator platform,,Gurugram,single_location,Multiple investors,Seed,150000.0,False,2015,LabStreet
2434,2015-09-19,DailyNinja,hyperlocal delivery platform,,Bengaluru,single_location,"Aprameya Radhakrishna, Naman Sarawagi, Afsal Salu,",Seed,,False,2015,DailyNinja
2435,2015-09-21,Portea Medical,home medical care services,,Bengaluru,single_location,"Accel Partners, International Finance Corporation (IFC), Qualcomm Ventures, Ventureast",Private Equity,37500000.0,False,2015,Portea Medical
2436,2015-09-21,Neotrade Analytics,realtime stock data platform,,Bengaluru,single_location,Rainmatter,Seed,235000.0,False,2015,Neotrade Analytics
2437,2015-09-21,DishCo,food discovery & table booking app,,Mumbai,single_location,"Anand Mahindra, Uday Punj, Ashish Hemrajani, Sanjeev Mehra",Seed,,False,2015,DishCo
2438,2015-09-21,LafaLafa,coupons and cashback aggregator app,,Mumbai,single_location,500 Startups,Seed,125000.0,False,2015,LafaLafa
2439,2015-09-21,ConnectAbank,financial products lead generation platform,,Mumbai,single_location,Prakhar Bumb,Seed,,False,2015,ConnectAbank
2440,2015-09-22,VillFarm,sustainable agriinputs firm,,Bengaluru,single_location,"Unitus Seed Fund, Rianta Capital, R Ramaraj, Sunil Edwards",Seed,,False,2015,VillFarm
2441,2015-09-22,Bestdealfinance,financial services portal,,Mumbai,single_location,"Kalaari Capital, YourNest Angel Fund",Private Equity,3000000.0,False,2015,Bestdealfinance
2442,2015-09-22,GameXS.in,preowned games marketplace,,New Delhi,single_location,Lead Angels,Seed,,False,2015,GameXS.in
2443,2015-09-22,The Man Company,contentbased subscription ecommerce platform,,New Delhi,single_location,"Karan Bajwa, Amanpreet Bajaj, Manish Vij",Seed,,False,2015,The Man Company
2444,2015-09-22,Virtual Logic,"virtual reality, 3d simulation and stereoscopic products",,Bengaluru,single_location,Swarnim Multiventures,Private Equity,800000.0,False,2015,Virtual Logic
2445,2015-09-22,Furdo,online interior designing platform,,Bengaluru,single_location,Bhavdeep Reddy,Seed,400000.0,False,2015,Furdo
2446,2015-09-22,LogiNext,endtoend logistics platform,,Mumbai,single_location,Paytm,Private Equity,10000000.0,False,2015,LogiNext
2447,2015-09-22,Korra,private label apparel sales,,New Delhi,single_location,Asha Jadeja Motwani & Others,Seed,300000.0,False,2015,Korra
2448,2015-09-23,Credihealth,healthcare consulting platform,,Gurugram,single_location,Rajat Malhotra,Seed,,False,2015,Credihealth
2449,2015-09-23,Amigobulls,stock market portal,,Bengaluru,single_location,"Sharad Sharma, Vijay Anand, Mohandas Pai. Pallav Nadhani, Singapore Angels Network & others",Seed,,False,2015,Amigobulls
2450,2015-09-23,SilverPush,crossdevice retargeting platform,,Gurgaon / SFO,multiple_locations,M&S Partners,Private Equity,1200000.0,False,2015,SilverPush
2451,2015-09-23,Juggernaut,digital & physical publishing platform,,New Delhi,single_location,"William Bissell, Neeraj Aggarwal, Nandan Nilekani",Private Equity,2250000.0,False,2015,Juggernaut
2452,2015-09-23,InnerChef,food delivery platform,,New Delhi,single_location,"Phanindra Sama, Anupam Mittal, Vijay Shekhar Sharma, Vishal Gondal, Sateesh Andara & others",Private Equity,1750000.0,False,2015,InnerChef
2453,2015-09-24,Quintype,data driven publishing platform,,Bengaluru,single_location,Raghav Bahl,Private Equity,3300000.0,False,2015,Quintype
2454,2015-09-24,Capabiliti,employee onboarding & orientation platform,,Noida,single_location,"500 Startups, Smile Multimedia, Kunal Bahl, Rohit Bansal, Girish Matrubootham",Seed,400000.0,False,2015,Capabiliti
2455,2015-09-24,Fourth Partner Energy,solar power solutions company,,Hyderabad,single_location,"Infuse Ventures, The Chennai Angels",Private Equity,2000000.0,False,2015,Fourth Partner Energy
2456,2015-09-24,Licious,online meat ordering platform,,Bengaluru,single_location,"Kanwaljit Singh, TV Mohandas Pai",Seed,1000000.0,False,2015,Licious
2457,2015-09-25,TravelKhana,online mealbooking platform for train travelers,,New Delhi,single_location,Astarc Ventures & Others,Seed,,False,2015,TravelKhana
2458,2015-09-28,Quickli,hyperlocal delivery platform,,New Delhi,single_location,"500 Startups, Mato Peric & Others",Seed,,False,2015,Quickli
2459,2015-09-28,Ola Cabs,cab booking app platform,,Bengaluru,single_location,Didi Kuaidi,Private Equity,30000000.0,False,2015,Ola
2460,2015-09-29,Paytm,ecommerce & mcommerce platform,,New Delhi,single_location,"Alibaba Group, Ant Financial",Private Equity,680000000.0,False,2015,Paytm
2461,2015-09-29,Inmobi,mobile advertising platform,,Bengaluru,single_location,Tennenbaum Capital Partners & Others,Private Equity,100000000.0,False,2015,Inmobi
2462,2015-09-29,Peppertap,hyperlocal grocery delivery,,Gurugram,single_location,"Sequoia India, SAIF Partners.",Private Equity,36000000.0,False,2015,Peppertap
2463,2015-09-29,Hugefly,ecommerce product recommendation platform,,Pune,single_location,Mayank Singhal and others,Seed,,False,2015,Hugefly
2464,2015-09-29,Brigge,activity based social network,,Chennai,single_location,The Chennai Angels,Seed,,False,2015,Brigge
2465,2015-09-29,Zakoopi,fashion discovery platform,,New Delhi,single_location,Uniqorn Ventures,Seed,350000.0,False,2015,Zakoopi
2466,2015-09-29,LoanCircle,consumer lending marketplace,,Bengaluru,single_location,"Zishaan Hayath, Rahul Khanna & Others",Seed,,False,2015,LoanCircle
2467,2015-09-30,Infoworks,big data management platform,,Bangalore / USA,multiple_locations,"Nexus Venture Partners, Knoll Ventures and others",Private Equity,5000000.0,False,2015,Infoworks
2468,2015-09-30,RedDoorz,budget accommodation platform,,Noida,single_location,Jungle Ventures,Seed,1000000.0,False,2015,RedDoorz
2469,2015-09-30,FirstTouch,local mobile os,,Gurugram,single_location,"Kunal Bahl, Rohit Bansal, Pranay Chulet, Naveen Tiwari, Amit Gupta, Mayank Singhal",Seed,,False,2015,FirstTouch
2470,2015-09-30,Eywa Media,digital signal processing platform,,Bengaluru,single_location,"ah! Ventures, Viktor Koenig PE Fund, Mantra Ventures",Seed,1000000.0,False,2015,Eywa Media
2471,2015-08-01,Snapdeal,ecommerce marketplace,,New Delhi,single_location,"Alibaba, Foxconn, Softbank",Private Equity,500000000.0,False,2015,Snapdeal
2472,2015-08-01,Ressy,restaurant discount app,,Pune,single_location,Mohandas Pai & others,Seed,400000.0,False,2015,Ressy
2473,2015-08-03,Cuelearn,techenabled learning,,New Delhi,single_location,Alok Mittal,Seed,,False,2015,Cuelearn
2474,2015-08-03,Connect India,ecommerce logistics provider,,New Delhi,single_location,Aavishkaar,Private Equity,5000000.0,False,2015,Connect India
2475,2015-08-03,The Home Salon,ondemand home beauty and wellness portal,,Mumbai,single_location,VentureNursery,Seed,,False,2015,The Home Salon
2476,2015-08-03,Jusride,self driven car rental,,Mumbai,single_location,"Alok Mittal, Zeeshan Hayat, Niraj Singh, Nikunj Jain, Anirudh Damani, Punit Goyal",Seed,,False,2015,Jusride
2477,2015-08-03,Oyorooms,budget hotel accommodation brand,,New Delhi,single_location,"SoftBank Group, Greenoaks Capital, Sequoia Capital,  Lightspeed India",Private Equity,100000000.0,False,2015,Oyo Rooms
2478,2015-08-03,Glowship,energy & environment online marketplace,,Bengaluru,single_location,Infuse Ventures,Seed,,False,2015,Glowship
2479,2015-08-03,Wizrocket,user engagment & analytics platform,,Mumbai,single_location,"Sequoia Capital, Accel Partners",Private Equity,9600000.0,False,2015,Wizrocket
2480,2015-08-04,Pickingo,ondemand delivery logistics,,New Delhi,single_location,"Orios Venture Partners, Zishaan Hayath",Private Equity,1300000.0,False,2015,Pickingo
2481,2015-08-05,Grex,fund raising platform for startups,,Pune,single_location,"Kunal Bajaj, Chandru Badrinarayanan",Seed,650000.0,False,2015,Grex
2482,2015-08-05,LetsTransport,logistics tech platform,,Bengaluru,single_location,"Rebright Partners, Ankush Nijhawan, Gaurav Bhatnagar, Manish Dhingra",Seed,1300000.0,False,2015,LetsTransport
2483,2015-08-05,Zo Rooms,online budget hotel chain,,New Delhi,single_location,"Tiger Global Management, Orios Venture Partners",Private Equity,30000000.0,False,2015,Zo Rooms
2484,2015-08-05,Doormint,hyperlocal handyman services,,Mumbai,single_location,"Helion Venture Partners, Kalaari Capital",Private Equity,3000000.0,False,2015,Doormint
2485,2015-08-05,NightStay,hotel booking app,,Noida,single_location,"BedRock Ventures, Rajesh Sawhney, Shailesh Singh",Seed,500000.0,False,2015,NightStay
2486,2015-08-05,Zocalo,rental accomodation finder,,New Delhi,single_location,"Sachin Bhatia, Rajesh Sawhney",Seed,,False,2015,Zocalo
2487,2015-08-05,Sunday Realty Solutions,tech platform for property brokers,,Mumbai,single_location,"Ramesh Jogani, Shailesh Viswanathan, Jay Srinivasan",Seed,785000.0,False,2015,Sunday Realty Solutions
2488,2015-08-06,Klozee,luxury apparel rental,,Bengaluru,single_location,Tracxn Labs,Seed,,False,2015,Klozee
2489,2015-08-06,Appvigil,app security\\xc2\\xa0 testing platform,,Mumbai,single_location,"Ravi Gururaj, Gaurav Sharma, Viswanath Ramachandran, RippleWave",Seed,500000.0,False,2015,Appvigil
2490,2015-08-06,practo,doctor appointment booking app,,Bengaluru,single_location,"Sofina, Google Capital, Altimeter Capital, Sequoia Capital Global Equities, Yuri Milner, Sequoia Capital, Matrix Partners",Private Equity,90000000.0,False,2015,practo
2491,2015-08-06,LoudShout,anonymous bulletin board app,,New Delhi,single_location,"Sanjay Sethi, Ravi Jaipuria & others",Seed,,False,2015,LoudShout
2492,2015-08-06,Wetravelsolo,travel community platform,,New Delhi,single_location,"CCube Angels, Frontline Strategy",Seed,,False,2015,Wetravelsolo
2493,2015-08-06,Ketto,crowd funding platform,,Mumbai,single_location,"Chennai Angels, Calcutta Angels, ah! Ventures, Intellecap Impact Investment Network, Indus Age Partners, Singapore Angel Network, India Internet Fund, LetsVenture",Seed,700000.0,False,2015,Ketto
2494,2015-08-06,Ezetap,mobile based pos solution,,Bengaluru,single_location,"Horizons Ventures, Capricorn Investment Group, Social+Capital, Helion Advisors, Berggruen Holdings",Private Equity,25000000.0,False,2015,Ezetap
2495,2015-08-06,NDTV ecommerce venture,car & bike ecommerce platform,,Mumbai,single_location,"Inflexionpoint, Pramod Bhasin, Sixth Sense Ventures, Vindi Banga, Hiro Mashita",Private Equity,,False,2015,NDTV ecommerce venture
2496,2015-08-07,Carl\\xe2\\x80\\x99s Jr,fast food chain franchisee,,Gurugram,single_location,YouWeCan Ventures,Seed,630000.0,False,2015,Carl\\xe2\\x80\\x99s Jr
2497,2015-08-07,EasyRewardz,loyalty programs & reward points,,Mumbai,single_location,"Wealth First, Ashneer Grover, Atul Phadnis",Private Equity,500000.0,False,2015,EasyRewardz
2498,2015-08-07,GIBSS,energy saving solutions provider,,Mumbai,single_location,"responsAbility Investments, Infuse Ventures",Private Equity,,False,2015,GIBSS
2499,2015-08-07,StoreMore.in,selfstorage spaces,,Noida,single_location,Bedrock Ventures,Seed,,False,2015,StoreMore.in
2500,2015-08-07,iOrderFresh,grocery retail mobile app,,New Delhi,single_location,Best Foodworks,Seed,,False,2015,iOrderFresh
2501,2015-08-10,MyTaxiIndia,taxi rental platform,,Gurugram,single_location,"Nihon Kotsu,",Private Equity,500000.0,False,2015,MyTaxiIndia
2502,2015-08-10,eSadar,ecommerce,,New Delhi,single_location,"Neha Vats, Gaurav Vats",Seed,80000.0,False,2015,eSadar
2503,2015-08-10,Actionable Analytics,machine learning platform,,New Delhi/ Houston,multiple_locations,"B M Gupta, Vinod Singhal",Seed,,False,2015,Actionable Analytics
2504,2015-08-10,MyPoolin,mobile social network,,New Delhi,single_location,QPrize from Qualcomm Ventures,Seed,250000.0,False,2015,MyPoolin
2505,2015-08-10,NearBuy (previously\\xc2\\xa0 groupon India),hyperlocal ecommerce,,New Delhi,single_location,Sequoia Capital,Private Equity,16000000.0,False,2015,NearBuy (previously\\xc2\\xa0 groupon India)
2506,2015-08-10,Inkmonk,online printing marketplace,,Chennai,single_location,"Girish Mathrubootham, Phanindra Sama, Vikram Chachra, Others from LetsVenture",Seed,250000.0,False,2015,Inkmonk
2507,2015-08-10,ToneTag,mobile payment software platform,,Bengaluru,single_location,Reliance Capital Venture,Private Equity,1000000.0,False,2015,ToneTag
2508,2015-08-10,Grey Orange,automated storage & warehousing solution,,Gurugram,single_location,Tiger Global Management,Private Equity,30000000.0,False,2015,Grey Orange
2509,2015-08-11,Livspace,home design & d\\xc3\\xa9cor solutions,,Bengaluru,single_location,"Helion Ventures, Jungle Ventures & Bessemer Venture Partners",Private Equity,8000000.0,False,2015,Livspace
2510,2015-08-11,WOW! MOMO,quick service restaurant chain,,Kolkata,single_location,Indian Angel Network,Seed,1600000.0,False,2015,WOW! MOMO
2511,2015-08-11,RainCan,subscription based online grocery platform,,Pune,single_location,Ajeet Khurana & Others,Seed,100000.0,False,2015,RainCan
2512,2015-08-11,Allygrow Technologies,engineering services company,,Mumbai,single_location,Zodius Technology Fund,Private Equity,20000000.0,False,2015,Allygrow Technologies
2513,2015-08-11,Infogain,business and it consulting,,New Delhi / US,multiple_locations,ChrysCapital,Private Equity,63000000.0,False,2015,Infogain
2514,2015-08-12,OneAssist,credit card fraud protection solutions,,Mumbai,single_location,"Sequoia Capital, Lightspeed Ventures",Private Equity,7500000.0,False,2015,OneAssist
2515,2015-08-12,BigBasket,online & mobile grocery store,,Bengaluru,single_location,Bessemer Venture Partners,Private Equity,50000000.0,False,2015,BigBasket
2516,2015-08-12,Sheroes,career community for women,,Noida,single_location,"Quintillion Media, 500 Startups",Seed,770000.0,False,2015,Sheroes
2517,2015-08-12,Scripbox,mutual fund investing platform,,Bengaluru,single_location,"Accel Partners, Deep Kalra, Rajesh Magow, Mohit Gupta, Shamik Sharma",Private Equity,2500000.0,False,2015,Scripbox
2518,2015-08-13,etaout,ecommerce marketing software platform,,Noida,single_location,"Amit Ranjan, Vijay Shekhar Sharma, Kunal Bahl, Girish Mathrubootham &  Group of other Angel investors",Seed,500000.0,False,2015,etaout
2519,2015-08-13,IFMR Holdings,financial inclusion platform,,Chennai,single_location,"Accion, LeapFrog Investments, Lok Capital",Private Equity,25000000.0,False,2015,IFMR Holdings
2520,2015-08-13,Massblurb,digital marketing automation solution,,Mumbai,single_location,"LetsVenture, Mumbai Angels",Seed,,False,2015,Massblurb
2521,2015-08-13,Agrostar,mobile commerce for farmers,,Pune,single_location,IDG Ventures,Private Equity,4000000.0,False,2015,Agrostar
2522,2015-08-14,VoxWeb,picture based social app,,Mumbai,single_location,Jitendra Gupta & others,Seed,100000.0,False,2015,VoxWeb
2523,2015-08-14,Trukky,logistics service platform,,Ahmedabad,single_location,"Gujarat based angel investors, MMY co-Founder",Seed,245000.0,False,2015,Trukky
2524,2015-08-14,VanityCube,ondemand beauty services,,New Delhi,single_location,Group of angel investors,Seed,,False,2015,VanityCube
2525,2015-08-17,Edu4Share,exam preparation platform,,New Delhi,single_location,Nalin Jain & other angel investors,Seed,220000.0,False,2015,Edu4Share
2526,2015-08-17,YourStory,startup focused online publisher,,Mumbai,single_location,"Ratan Tata, Vani Kola, T V Mohandas Pai, Karthee Madasamay",Seed,,False,2015,YourStory
2527,2015-08-17,Sampurnearth,waste management solutions,,Mumbai,single_location,"Intellecap Impact Investment Network, family office fund",Seed,160000.0,False,2015,Sampurnearth
2528,2015-08-17,Orobind,app based fitness coaching,,Bengaluru,single_location,Existing & New Investors,Private Equity,,False,2015,Orobind
2529,2015-08-17,Fixy,on demand cleaning & fixing services,,Mumbai,single_location,VentureNursery,Seed,,False,2015,Fixy
2530,2015-08-17,MSM Box,beauty & lifestyle platform,,New Delhi,single_location,Rohit Goel,Seed,,False,2015,MSM Box
2531,2015-08-17,ShadowFax,ondemand delivery service,,Gurugram,single_location,"Kunal Bahl, Rohit Bansal, Zishaan Hayath, Prashant Malik",Seed,310000.0,False,2015,ShadowFax
2532,2015-08-17,Gadgets 360,car & bike ecommerce platform,,New Delhi,single_location,One97 Communications,Private Equity,,False,2015,Gadgets 360
2533,2015-08-18,Roposo,fashion discovery platform,,Gurugram,single_location,Tiger Global,Private Equity,15000000.0,False,2015,Roposo
2534,2015-08-18,IntelligenceNODE,data analytics platform,,Mumbai,single_location,"New Enterprise Associates, Orios Venture Partners",Private Equity,4200000.0,False,2015,IntelligenceNODE
2535,2015-08-18,HyperVerge,deep learning cloud algorithms,,Chennai,single_location,"NEA, Milliways Ventures, Naya Ventures",Seed,1000000.0,False,2015,HyperVerge
2536,2015-08-18,Twyst,location based engagement & rewards platform,,Gurugram,single_location,"Rohit Bhatia, Sunil Nikhar, Vaibhav Domkundwar, Siddharth Nautiyal",Seed,,False,2015,Twyst
2537,2015-08-18,IDfy,online identity verification services platform,,Mumbai,single_location,"NEA, Blume Ventures & others",Private Equity,,False,2015,IDfy
2538,2015-08-18,Zoojoo.be,corporate wellness app,,Bengaluru,single_location,RoundGlass Partners,Private Equity,1000000.0,False,2015,Zoojoo.be
2539,2015-08-19,Fashionove,fashion search & review platform,,Kolkata,single_location,Umesh Yadav,Seed,,False,2015,Fashionove
2540,2015-08-19,TimeSaverz,"hyperlocal maintenance, repair & cleaning services",,Mumbai,single_location,Unilazer Ventures,Private Equity,2400000.0,False,2015,TimeSaverz
2541,2015-08-19,Envoged,preowned luxury online apparel seller,,Mumbai,single_location,"Manish Dhingra, Ankush Nijhawa, Gaurav Bhatnagar",Seed,,False,2015,Envoged
2542,2015-08-19,MebelKart,online furniture marketplace,,Bengaluru,single_location,AskMe,Private Equity,20000000.0,False,2015,MebelKart
2543,2015-08-20,LabsAdvisor,online diagnostic tests marketplace,,New Delhi,single_location,Group of Angel Investors,Seed,156000.0,False,2015,LabsAdvisor
2544,2015-08-20,Flatpebble,online marketplace for photographers,,Hyderabad,single_location,Indian Angel Network,Seed,600000.0,False,2015,Flatpebble
2545,2015-08-20,Bluegape.com,visual blogging platform,,New Delhi,single_location,"ah! Ventures, Times Internet, Rudy Gopalakrishnan",Seed,600000.0,False,2015,Bluegape.com
2546,2015-08-21,ePoise,job search platform,,Bengaluru,single_location,"Orios Venture Partners, Amit Ranjan & others",Seed,500000.0,False,2015,ePoise
2547,2015-08-24,Jolly Food Fellow,food customer analytics platform,,Ahmedabad,single_location,The 1947,Seed,300000.0,False,2015,Jolly Food Fellow
2548,2015-08-24,BookMeIn,professional service appointment booking service,,Mumbai,single_location,Ajmera Group of Companies,Seed,400000.0,False,2015,BookMeIn
2549,2015-08-24,iZofy,scientific horoscope online assistance platform,,Kolkata,single_location,Prime Capital Markets Ltd,Seed,,False,2015,iZofy
2550,2015-08-24,rBus,tech enabled ac bus service,,Mumbai,single_location,"India Quotient, Anupam Mittal & others",Seed,,False,2015,rBus
2551,2015-08-25,Qyk App,ondemand app based professional service provider,,Bengaluru,single_location,"GrowX ventures, Tracxn Labs, Powai Lake Ventures, and Sahil Barua",Private Equity,1000000.0,False,2015,Qyk App
2552,2015-08-25,EazyDiner,restaurant reservation platform,,Gurugram,single_location,"DSG Consumer Partners, Saama Capital",Private Equity,3000000.0,False,2015,EazyDiner
2553,2015-08-25,RevX,crosschannel crm platform,,Mumbai,single_location,"Norwest Venture Partners, Nexus Venture Partners, Helion Venture Partners, Draper Fisher Jurvetson, Peepul Capital",Private Equity,4000000.0,False,2015,RevX
2554,2015-08-25,ICustomMadeIt,professional custom creators marketplace,,Pune,single_location,Group of Angel Investors,Seed,250000.0,False,2015,ICustomMadeIt
2555,2015-08-26,PickMyLaundry,ondemand washing & drycleaning,,New Delhi,single_location,GHV Accelerator,Seed,100000.0,False,2015,PickMyLaundry
2556,2015-08-26,Belita,ondemand beauty service,,Mumbai,single_location,"India Quotient, LetsVenture investors, Lead Angels",Seed,400000.0,False,2015,Belita
2557,2015-08-26,EzySolare,solar products and services marketplace,,Ahmedabad,single_location,Infuse Ventures,Seed,,False,2015,EzySolare
2558,2015-08-26,FoodTalkIndia,online food community platform,,Gurugram,single_location,Undisclosed Investor,Seed,500000.0,False,2015,FoodTalkIndia
2559,2015-08-27,InstaSafe,private cloud networks saas platform,,Bengaluru,single_location,Group of Investors,Seed,,False,2015,InstaSafe
2560,2015-08-27,Eazy Coach,education marketplace,,Kolkata,single_location,Ravi Agarwal,Seed,,False,2015,Eazy Coach
2561,2015-08-27,Djubo.com,cloud based hotel sales platform,,New Delhi,single_location,Ibibo Group,Private Equity,,False,2015,Djubo.com
2562,2015-08-28,BetterButter.in,online recipe sharing platform,,New Delhi,single_location,"Growx Ventures, Manish Singhal",Seed,,False,2015,BetterButter.in
2563,2015-08-28,Vyomo,beauty & lifestyle mobile marketplace,,Bengaluru,single_location,Rocket Internet,Private Equity,2000000.0,False,2015,Vyomo
2564,2015-08-28,RollMafia,qsr restaurant chain,,Pune,single_location,Equentia Natural Resources,Seed,160000.0,False,2015,RollMafia
2565,2015-08-29,iamwire,digital media publishing platform,,Gurugram,single_location,"Li Tao, Li Jian, Draphant Consultants, Nitin Garg, Saurabh Jain, Mohit Agarwal",Seed,,False,2015,iamwire
2566,2015-08-31,DropKaffe,online coffee delivery platform,,Bengaluru,single_location,"Manish Singhal, P39 Capital & Others",Seed,300000.0,False,2015,DropKaffe
2567,2015-08-31,Reverie,language localization cloud platform,,Bengaluru,single_location,"Aspada Investment Advisors, Qualcomm Ventures",Private Equity,4000000.0,False,2015,Reverie
2568,2015-08-31,Infinite Analytics,big data & predictive analysis platform,,Mumbai,single_location,"Ratan Tata, Nikhil Vora & others",Private Equity,,False,2015,Infinite Analytics
2569,2015-07-01,Parcelled,online logistics platform,,Bengaluru,single_location,"Delhivery, Tracxn Labs",Seed,,False,2015,Parcelled
2570,2015-07-01,Retigence Technologies,business it intelligence services,,Mumbai,single_location,Omnivore Partners,Private Equity,,False,2015,Retigence Technologies
2571,2015-07-01,Cloudcherry Analytics,crm / analytics platform,,Chennai,single_location,"The Chennai Angels, IDG Ventures India",Seed,1000000.0,False,2015,Cloudcherry Analytics
2572,2015-07-01,HandyHome,hyperlocal electronics repair service,,Mumbai,single_location,"Bessemer Ventures, Kae Capital",Seed,630000.0,False,2015,HandyHome
2573,2015-07-01,iDreamCareer,edtech platform,,New Delhi,single_location,"ah! Ventures, Vivek Joshi, Mohit Satyanand & others",Seed,,False,2015,iDreamCareer
2574,2015-07-01,Ola Cabs,cab rental mobile app,,Bengaluru,single_location,Ratan Tata,Private Equity,,False,2015,Ola
2575,2015-07-01,NxtGen,it infrastructure & data center services,,Bengaluru,single_location,"IFC, Axon Partners, Intel Capital",Private Equity,13500000.0,False,2015,NxtGen
2576,2015-07-02,BankBazaar,online financial services,,Chennai,single_location,"Amazon, Fidelity Growth Partners, Mousse Partners",Private Equity,60000000.0,False,2015,BankBazaar
2577,2015-07-02,Gozoomo,used car marketplace,,Bengaluru,single_location,SAIF Partners,Private Equity,5000000.0,False,2015,Gozoomo
2578,2015-07-02,Zenatix,internet of things platform,,Gurugram,single_location,"Rajan Anandan, Kunal Bahl, Rohit Bansal, Rahul Khanna",Seed,161000.0,False,2015,Zenatix
2579,2015-07-03,CultureAlley,language learning app,,Jaipur,single_location,Tiger Global,Private Equity,6500000.0,False,2015,CultureAlley
2580,2015-07-03,Goqii,mobile fitness marketplace,,Mumbai,single_location,Vijay Shekhar Sharma,Private Equity,,False,2015,Goqii
2581,2015-07-03,Gingercrush,custom merchandize platform,,Ahmedabad,single_location,"Gokul Jaykrishna, Brand Capital",Seed,1000000.0,False,2015,Gingercrush
2582,2015-07-04,Elanic,p2p preowned goods marketplace,,Bengaluru,single_location,"Rebright Partners, Tracxn Labs, Aneesh Reddy",Seed,,False,2015,Elanic
2583,2015-07-04,Stitchwood,custom furniture marketplace,,Mumbai,single_location,"Powai Lake Ventures, Ajeet Khurana & others",Seed,395000.0,False,2015,Stitchwood
2584,2015-07-05,Urban Tailor,online tailoring services,,Bengaluru,single_location,Group of angel investors,Seed,,False,2015,Urban Tailor
2585,2015-07-06,ConfirmtTkt,rail ticket confirmation predictor,,Bengaluru,single_location,Pravin Agarwala & others,Seed,,False,2015,ConfirmtTkt
2586,2015-07-06,Paper Boat,ethnic beverages manufacturer,,Gurugram,single_location,"Sofina, Hillhouse Capital",Private Equity,30000000.0,False,2015,Paper Boat
2587,2015-07-06,getNow,hyperlocal goods marketplace,,Nagpur,single_location,Atulya Mittal,Seed,,False,2015,getNow
2588,2015-07-07,Wudstay,budget accommodation aggregator,,Gurugram,single_location,"Mangroves Capital Partners, Vikas Saxena",Private Equity,3000000.0,False,2015,Wudstay
2589,2015-07-07,Liases Foras,real estate rating & analysis,,New Delhi,single_location,DMG information Asia Pacific,Private Equity,5000000.0,False,2015,Liases Foras
2590,2015-07-07,Eatlo,food delivery platform,,Bengaluru,single_location,"Powai Lake Ventures, Globeinvestor, Abhishekh Goyal",Seed,,False,2015,Eatlo
2591,2015-07-07,IndiaLends,financial tech,,New Delhi,single_location,"DSG Consumer Partners, Siddharth Parekh",Private Equity,,False,2015,IndiaLends
2592,2015-07-08,Quinto,food discovery app,,Pune,single_location,Jaydeep Barman,Seed,,False,2015,Quinto
2593,2015-07-08,Saavn,music streaming app,,Mumbai,single_location,"Tiger Global Management, Bertelsmann India, Steadview Capital, Liberty Media, Mousse Partners, Quilvest",Private Equity,100000000.0,False,2015,Saavn
2594,2015-07-08,Flytxt,big data & analytics platform,,Mumbai / Global,multiple_locations,"Sunrise Capital GmBH, Big Data Investments B.V",Private Equity,11000000.0,False,2015,Flytxt
2595,2015-07-08,Axtria,big data & analytics platform,,India / US,multiple_locations,"Helion Venture Partners,Amarpreet Sawhney, Deshpande Foundation, Fred Khosravi, Richard S. Braddock",Private Equity,30000000.0,False,2015,Axtria
2596,2015-07-08,33Coupons,coupon aggregator platform,,Kanpur,single_location,Not Disclosed,Seed,20000.0,False,2015,33Coupons
2597,2015-07-08,Ampere,electric scooter manufacturer,,Coimbatore,single_location,Ratan Tata,Seed,,False,2015,Ampere
2598,2015-07-08,Hopping Chef,online foodtech platform,,Mumbai,single_location,Mirah Hospitality,Seed,470000.0,False,2015,Hopping Chef
2599,2015-07-08,Collectabillia,celebrity fashion brand,,Bengaluru,single_location,Accel Partners,Private Equity,7500000.0,False,2015,Collectabillia
2600,2015-07-08,Lendingkart,online finance lending platform,,Ahmedabad,single_location,"Saama Capital, Mayfield, Ashvin Chadha, Shailesh Mehta",Private Equity,10000000.0,False,2015,Lendingkart
2601,2015-07-08,Lybrate,healthcare mobile app,,New Delhi,single_location,"Tiger Global Management, Ratan Tata, Nexus Venture Partners",Private Equity,10200000.0,False,2015,Lybrate
2602,2015-07-08,Zoomcar,selfdriven vehicle rental,,Bengaluru,single_location,"Sequoia Capital, Empire Angels, NGP",Private Equity,11000000.0,False,2015,Zoomcar
2603,2015-07-09,\\xc2\\xa0News in shorts,\\xc2\\xa0news aggregator mobile app,,Noida,single_location,Tiger Global,Private Equity,20000000.0,False,2015,\\xc2\\xa0News in shorts
2604,2015-07-09,\\xc2\\xa0Bluestone,\\xc2\\xa0online jewellery store,,Bengaluru,single_location,"IvyCap Ventures, Accel Partners, Dragoneer Investment Group",Private Equity,16200000.0,False,2015,\\xc2\\xa0Bluestone
2605,2015-07-09,\\xc2\\xa0Shopsity,\\xc2\\xa0fashion info aggregator app,,Gurugram,single_location,"Sandeep Aggarwal, Teruhide Sato",Seed,,False,2015,\\xc2\\xa0Shopsity
2606,2015-07-09,\\xc2\\xa0Notesgen,\\xc2\\xa0online study notes marketplace,,New Delhi,single_location,"Rajeev Saraf, Arvind Jha, R. Satya Narayanan",Seed,,False,2015,\\xc2\\xa0Notesgen
2607,2015-07-10,\\xc2\\xa0Infinity Assurance,\\xc2\\xa0warranty programs service administration,,New Delhi,single_location,Indian Angel Network,Seed,600000.0,False,2015,\\xc2\\xa0Infinity Assurance
2608,2015-07-10,\\xc2\\xa0Footprints Education,\\xc2\\xa0preschool chain,,Gurugram,single_location,"LetsVenture, Kumar Bansal, Kshitij Jain",Seed,685000.0,False,2015,\\xc2\\xa0Footprints Education
2609,2015-07-10,\\xc2\\xa0Loylty Rewards,\\xc2\\xa0premium loyalty rewards point management,,Mumbai,single_location,IndianIdeas.com,Private Equity,19350000.0,False,2015,\\xc2\\xa0Loylty Rewards
2610,2015-07-13,\\xc2\\xa0Ameyo,\\xc2\\xa0contact center software platform,,Gurugram,single_location,Forum Synergies PE Fund,Private Equity,5000000.0,False,2015,\\xc2\\xa0Ameyo
2611,2015-07-13,\\xc2\\xa0Mamagoto,\\xc2\\xa0casual dining restaurant chain,,New Delhi,single_location,Goldman Sachs,Private Equity,10000000.0,False,2015,\\xc2\\xa0Mamagoto
2612,2015-07-13,\\xc2\\xa0Satvacart,\\xc2\\xa0online grocery delivery,,Gurugram,single_location,Palaash Ventures,Seed,,False,2015,\\xc2\\xa0Satvacart
2613,2015-07-14,MySmartPrice,online comparison engine,,Hyderabad,single_location,"Accel Partners, Helion Venture Partners",Private Equity,10000000.0,False,2015,MySmartPrice
2614,2015-07-14,Zenify,residential rental management platform,,Bengaluru,single_location,Atul Jalan,Seed,,False,2015,Zenify
2615,2015-07-14,Boxmyspace,physical storage warehouses,,Mumbai,single_location,"Ritesh Veera, Singapore Angel Network, Orios Venture Partners,",Seed,300000.0,False,2015,Boxmyspace
2616,2015-07-14,HackerRank,tech recruitment platform,,Bengaluru,single_location,HR Technology fund,Private Equity,7500000.0,False,2015,HackerRank
2617,2015-07-14,WickedRide,bike rental platform,,Bengaluru,single_location,Undisclosed,Seed,790000.0,False,2015,WickedRide
2618,2015-07-14,WoWexpress,tech enabled logistics platform,,Mumbai,single_location,Tamarind Family Private Trust,Seed,500000.0,False,2015,WoWexpress
2619,2015-07-15,Oyo Rooms,budget hotel accommodation,,Gurugram,single_location,"Softbank, Sequoia Capital",Private Equity,100000000.0,False,2015,Oyo Rooms
2620,2015-07-15,Mobikon,restaurant customer engagement platform,,Pune,single_location,Jungle Ventures,Private Equity,2300000.0,False,2015,Mobikon
2621,2015-07-15,InstaLively.com,live video streaming app,,New Delhi,single_location,"Anupam Mittal, Anand Chandrasekaran, Uday Shankar, Chetan Bhagat",Seed,,False,2015,InstaLively.com
2622,2015-07-15,Roadrunnr,hyper local logistics platform,,Bengaluru,single_location,"Sequoia Capital, Nexus Venture Partners, Blume Ventures",Private Equity,11000000.0,False,2015,Roadrunnr
2623,2015-07-16,Ketto,crowd funding platform,,Mumbai,single_location,"Pradyumna Dalmia, Sudhir Rao & Others",Seed,700000.0,False,2015,Ketto
2624,2015-07-17,QuikWallet,f&b sector mobile payment platform,,Mumbai,single_location,Snow Leopard Technology Ventures,Private Equity,1600000.0,False,2015,QuikWallet
2625,2015-07-17,Omnikart,industrial supplies b2b ecommerce,,Mumbai,single_location,"Sumit Gandhi, Manish Gandhi",Seed,100000.0,False,2015,Omnikart
2626,2015-07-20,Zo Rooms,online budget hotel chain,,New Delhi,single_location,"Tiger Global, Orios Venture Partners.",Private Equity,15000000.0,False,2015,Zo Rooms
2627,2015-07-20,Innoviti,payment solutions platform,,Bengaluru,single_location,"Catamaran Ventures, New India Investment Corporation",Private Equity,4850000.0,False,2015,Innoviti
2628,2015-07-21,ZenRadius,online hiring platform,,Bengaluru,single_location,"Tracxn Labs, Deepak Singh",Seed,,False,2015,ZenRadius
2629,2015-07-21,Joy by nature,organic food ecommerce,,New Delhi,single_location,"Mumbai Angels, Vriddhi Fund, Others",Private Equity,1000000.0,False,2015,Joy by nature
2630,2015-07-22,Iqlect,big data & analytics platform,,Bengaluru,single_location,Exfinity Venture Partners,Private Equity,2000000.0,False,2015,Iqlect
2631,2015-07-22,deGustibus,fine dining restaurant chain,,Mumbai,single_location,India Value Fund Advisors,Private Equity,30000000.0,False,2015,deGustibus
2632,2015-07-23,Nestaway,luxury rental homes,,Bengaluru,single_location,"Flipkart, Tiger Global",Private Equity,12750000.0,False,2015,Nestaway
2633,2015-07-23,Mswipe,mobile point of sale payment solution,,,single_location,"Falcon Edge Capital, Meru Capital, Ola, Matrix Partners, DSG Consumer Partners, Axis Bank",Private Equity,25000000.0,False,2015,Mswipe
2634,2015-07-23,Myonsto,online grocers,,Ahmedabad,single_location,Jayant Bokadia,Seed,320000.0,False,2015,Myonsto
2635,2015-07-23,iCrushiFlush,casual dating app,,Mumbai,single_location,IDG Ventures India,Seed,,False,2015,iCrushiFlush
2636,2015-07-23,MedGenome,clinical genomics provider,,Bengaluru,single_location,Sequoia Capital,Private Equity,20000000.0,False,2015,MedGenome
2637,2015-07-23,HolidayIQ,travel information portal,,Bengaluru,single_location,MakeMyTrip,Private Equity,15000000.0,False,2015,HolidayIQ
2638,2015-07-23,Fitternity,fitness marketplace,,Mumbai,single_location,Exfinity Venture Partners,Private Equity,1000000.0,False,2015,Fitternity
2639,2015-07-23,Quikr,online & mobile classified listings,,Mumbai,single_location,"AB Kinnevik, Falcon Edge Capital, Coatue Management",Private Equity,60000000.0,False,2015,Quikr
2640,2015-07-23,JetSetGo,private jet/ helicopter marketplace,,New Delhi,single_location,YourWeCan Ventures,Seed,,False,2015,JetSetGo
2641,2015-07-24,BroEx,real estate broker network app,,Gurugram,single_location,Lightspeed India,Private Equity,1000000.0,False,2015,BroEx
2642,2015-07-25,Shopatplaces,ethnic/ traditional fashion store,,New Delhi,single_location,Indian Angel Network,Seed,,False,2015,Shopatplaces
2643,2015-07-25,CredR,used bikes marketplace,,Mumbai,single_location,Fidelity Growth Partners,Private Equity,15000000.0,False,2015,CredR
2644,2015-07-27,ManageMySpa,spa & salon management software,,Hyderabad,single_location,Accel Partners,Private Equity,6000000.0,False,2015,ManageMySpa
2645,2015-07-27,Townrush,b2b logistics delivery platform,,Bengaluru,single_location,Lightspeed Venture Partners,Seed,,False,2015,Townrush
2646,2015-07-27,Locus,logistics automation platform,,Bengaluru,single_location,"growX ventures,  Manish Singhal",Seed,,False,2015,Locus
2647,2015-07-27,Bevy,online hiring platform,,Bengaluru,single_location,Varun Agarwal & Others,Seed,,False,2015,Bevy
2648,2015-07-28,Pepperfry,online home d\\xc3\\xa9cor marketplace,,Mumbai,single_location,"Goldman Sachs, Zodius Technology Fund, Bertelsmann India Investments Norwest Venture Partners.",Private Equity,100000000.0,False,2015,Pepperfry
2649,2015-07-28,Flipkart.com,online marketplace,,Bengaluru,single_location,Steadview Capital and existing investors,Private Equity,700000000.0,False,2015,Flipkart
2650,2015-07-28,Opinio,hyperlocal food & grocery store,,Bengaluru,single_location,"Accel Partners, Traxcn Labs & Others",Seed,1300000.0,False,2015,Opinio
2651,2015-07-28,Zoctr,healthtech platform,,Mumbai,single_location,"Sandeep Parwal, Krishan Gupta & Others",Seed,1000000.0,False,2015,Zoctr
2652,2015-07-29,Zimmber,hyperlocal handyman services,,Mumbai,single_location,"IDG Ventures India, Omidyar Network, Sherpalo Ventures,  Mohandas Pai",Private Equity,2000000.0,False,2015,Zimmber
2653,2015-07-29,trueHb,medical tech instruments,,New Delhi,single_location,"Sachin and Binny Bansal, Malvinder and Shivinder Singh, Gurpreet Singh & others",Seed,2400000.0,False,2015,trueHb
2654,2015-07-29,Zovi.com / Little App,hyperlocal deals marketplace,,Bengaluru,single_location,"Paytm, SAIF Partners,  Tiger Global Management & others",Private Equity,50000000.0,False,2015,Zovi.com / Little App
2655,2015-07-29,Swajal,innovative water solutions,,Gurugram,single_location,Abhishek Gupta,Private Equity,1200000.0,False,2015,Swajal
2656,2015-07-30,Pipa Bella,online jewelry store,,Mumbai,single_location,LionRock Capital,Private Equity,600000.0,False,2015,Pipa Bella
2657,2015-07-30,Pragmatix,business intelligence & analytics,,Mumbai,single_location,SIDBI Venture Capital Ltd,Private Equity,2400000.0,False,2015,Pragmatix
2658,2015-07-30,Droom.in,used vehicle marketplace,,New Delhi,single_location,"Lightbox Ventures, Beenos",Private Equity,16000000.0,False,2015,Droom.in
2659,2015-07-30,MadRat Games,educational board games,,Bengaluru,single_location,"Kunal Bahl, Rohit Bansal",Seed,168000.0,False,2015,MadRat Games
2660,2015-07-30,Noodle Play,chinese food delivery,,Mumbai,single_location,"Elliot Stechman, Gautam Sinha, Ambarish Ray",Seed,168000.0,False,2015,Noodle Play
2661,2015-07-30,Wassup,ondemand laundry & dry cleaning app,,Chennai,single_location,B S Nagesh,Private Equity,,False,2015,Wassup
2662,2015-07-30,Cartisan,ondemand car services app,,Bengaluru,single_location,"YouWeCan Ventures,  Aprameya Radhakrishna",Seed,,False,2015,Cartisan
2663,2015-07-31,LazyLad,hyperlocal grocery app,,Gurugram,single_location,"Jai Choi, Kiyohiro Sugashita, Hirokazu",Private Equity,500000.0,False,2015,LazyLad
2664,2015-07-31,TripFactory,online curated holiday package bookings,,Bengaluru,single_location,"Aarin Capital Partners,",Private Equity,,False,2015,TripFactory
2665,2015-07-31,Prothom,hasbro toy manufacturer,,Pune,single_location,Oliphabs Capital,Private Equity,2000000.0,False,2015,Prothom
2666,2015-07-31,Bona Vita,travel tech,,Gurugram,single_location,MakeMyTrip,Private Equity,5000000.0,False,2015,Bona Vita
2667,2015-06-01,Vyomo,beauty and wellness platform,,New Delhi,single_location,Aprameya Radhakrishna,Seed,,False,2015,Vyomo
2668,2015-06-01,Veeba Foods,healthy food manufacturer,,New Delhi,single_location,"DSG Consumer Partners, Saama Capital.",Private Equity,6000000.0,False,2015,Veeba Foods
2669,2015-06-01,Truebil,used car marketplace,,Mumbai,single_location,"Kae Capital, Anupam Mittal",Seed,500000.0,False,2015,Truebil
2670,2015-06-01,Meritnation,online learning platform,,New Delhi,single_location,InfoEdge,Private Equity,4000000.0,False,2015,Meritnation
2671,2015-06-01,Eattreatonline,healthy food online community,,New Delhi,single_location,Group of 15 Angel Investors,Seed,350000.0,False,2015,Eattreatonline
2672,2015-06-01,CredR,used twowheeler marketplace,,Mumbai,single_location,GrowthStory,Seed,,False,2015,CredR
2673,2015-06-01,Glamrs,online fashion video portal,,Mumbai,single_location,"Ventureworks India, Blume Ventures, Batlivala & Karani Securities, Nikunj Jhaveri",Private Equity,1000000.0,False,2015,Glamrs
2674,2015-06-01,Proviera,probiotic technology products manufacturer,,Chennai,single_location,Infuse Ventures,Private Equity,550000.0,False,2015,Proviera
2675,2015-06-01,Arth DesignBuild,architectural design & consulting,,Hyderabad,single_location,Srinivas Tirupati,Seed,500000.0,False,2015,Arth DesignBuild
2676,2015-06-02,Saama,big data & analytics services,,Pune / US,multiple_locations,Carrick Capital Partners,Private Equity,35000000.0,False,2015,Saama
2677,2015-06-02,AllIzHealth,preventive healthcare services,,Pune,single_location,Mumbai Angels & Other angel investors,Seed,350000.0,False,2015,AllIzHealth
2678,2015-06-02,Karma Healthcare,techenabled rural healthcare services,,Udaipur,single_location,Ennovent Impact Investment Holding,Private Equity,,False,2015,Karma Healthcare
2679,2015-06-03,Entropy Innovations,engineering innovations,,Mumbai,single_location,Mark Mobius & 9 Other Angel investors,Seed,,False,2015,Entropy Innovations
2680,2015-06-03,Propstack,real estate intelligence platform,,Mumbai,single_location,DMG Information,Private Equity,3000000.0,False,2015,Propstack
2681,2015-06-03,MyTaxiIndia,online car rental affiliates,,New Delhi,single_location,Green House Ventures,Seed,100000.0,False,2015,MyTaxiIndia
2682,2015-06-03,Arkin Net,data center software platform,,Pune / US,multiple_locations,Nexus Venture Partners,Private Equity,15000000.0,False,2015,Arkin Net
2683,2015-06-03,Little Black Book Delhi,online city & lifestyle guide,,New Delhi,single_location,"Rajan Anandan, Niraj Singh, Sachin Bhatia, Singapore Angel Network & Aseem Vadehra",Seed,150000.0,False,2015,Little Black Book Delhi
2684,2015-06-03,MyPoolin,p2p payments platform,,New Delhi,single_location,"Sharad Sharma, Rajan Anandan, Sunil Kalra, Amit Ranjan, Rohan Malhotra,  Arjun Malhotra, Gautam Gandhi",Seed,,False,2015,MyPoolin
2685,2015-06-03,iCustomadeit,bespoke merchandize marketplace,,Pune,single_location,"Virendra Shahney, Dr Paresh Doshi",Seed,250000.0,False,2015,iCustomadeit
2686,2015-06-03,KAARYAH,women lifestyle marketplace,,Gurugram,single_location,Ratan Tata,Seed,,False,2015,KAARYAH
2687,2015-06-04,Ecom Express,logistics solution provider,,New Delhi,single_location,Warburg Pincus,Private Equity,137000000.0,False,2015,Ecom Express
2688,2015-06-04,Vidooly,video intelligence platform,,Noida,single_location,Bessemer Venture Partners,Private Equity,1000000.0,False,2015,Vidooly
2689,2015-06-04,Zopper,hyperlocal shopping app,,Mumbai,single_location,"Tiger Global,  Nirvana Ventures Advisors",Private Equity,20000000.0,False,2015,Zopper
2690,2015-06-04,Flipkart,ecommerce platform,,Bengaluru,single_location,Morgan Stanley,Private Equity,50000000.0,False,2015,Flipkart
2691,2015-06-05,kWatt Solutions,renewable energy solutions,,Mumbai,single_location,,Seed,500000.0,False,2015,kWatt Solutions
2692,2015-06-05,Medwell Ventures,healthcare\\nservice provider,,Bengaluru,single_location,"Fidelity Growth Partners, Fidelity Biosciences",Private Equity,10000000.0,False,2015,Medwell Ventures
2693,2015-06-05,Jugnoo,auto rickshaw based services,,Chandigarh,single_location,"Snow Leopard, Paytm",Private Equity,5000000.0,False,2015,Jugnoo
2694,2015-06-08,PosterGully,artist / designer marketplace,,New Delhi,single_location,"Natarajan Iyer,Rajesh Sawhney,  & other Angel investors.",Seed,,False,2015,PosterGully
2695,2015-06-08,Applied Solar Technologies,offgrid solar power,,Mumbai,single_location,"Future Fund,Bessemer Venture, Capricorn Investment and IFC",Private Equity,40000000.0,False,2015,Applied Solar Technologies
2696,2015-06-09,Clovia,private label lingerie ecommerce,,New Delhi,single_location,IvyCap Ventures,Private Equity,5000000.0,False,2015,Clovia
2697,2015-06-09,Swiggy,online food ordering,,Bengaluru,single_location,"Norwest Venture Partners, SAIF Partners, Accel Partners",Private Equity,16500000.0,False,2015,Swiggy
2698,2015-06-09,PayMango,mobile commerce platform,,Gurugram,single_location,Group of Angel Investors,Seed,234000.0,False,2015,PayMango
2699,2015-06-09,Printland,online printing services,,New Delhi,single_location,SIDBI Venture Capital Ltd,Private Equity,,False,2015,Printland
2700,2015-06-09,Teritree,digital marketing services,,Bengaluru,single_location,KCL,Seed,140000.0,False,2015,Teritree
2701,2015-06-10,Guiddoo,travel guide mobile app,,Mumbai,single_location,"Pawan Borle, SVP Fly Dubai & Others",Seed,,False,2015,Guiddoo
2702,2015-06-10,Voonik,fashion ecommerce store,,Bengaluru,single_location,"Sequoia Capital, Seedfund",Private Equity,5000000.0,False,2015,Voonik
2703,2015-06-11,AdStringO,mobile compression software,,Mumbai,single_location,"Arihant Patni, Vishal Khare,  Viswanath Ramachandran",Seed,350000.0,False,2015,AdStringO
2704,2015-06-11,Faircent.com,peer to peer lending platform,,Gurugram,single_location,M&S Partners Pte. Ltd,Seed,250000.0,False,2015,Faircent.com
2705,2015-06-12,La Renon,global healthcare products,,Ahmedabad,single_location,Sequoia Capital,Private Equity,16000000.0,False,2015,La Renon
2706,2015-06-15,Homelane,home furnishing solutions,,Bengaluru,single_location,Sequoia Capital,Private Equity,50000000.0,False,2015,Homelane
2707,2015-06-15,iSTAR,skill training & placement platform,,Bengaluru,single_location,Unitus Seed Fund,Private Equity,,False,2015,iSTAR
2708,2015-06-15,Shippr,intracity logistics service,,Bengaluru,single_location,i2india Pvt Ltd,Seed,500000.0,False,2015,Shippr
2709,2015-06-16,FoodAbhi,online tiffin service aggregator,,Mumbai,single_location,Group of angel investors,Seed,,False,2015,FoodAbhi
2710,2015-06-16,Karma Recycling,electronic goods recycling service,,Delhi,single_location,"Infuse Ventures, Low Carbon Enterprise Fund",Private Equity,,False,2015,Karma Recycling
2711,2015-06-16,CouponRaja,online coupon & comparison platform,,Mumbai,single_location,"Mahesh Pratapneni, Pallab Chatterjee & others",Seed,500000.0,False,2015,CouponRaja
2712,2015-06-17,Babychakra,parents & kids online platform,,Mumbai,single_location,"Mumbai Angels, Patni Family Office, Singapore Angel Network, Karan Maheshwari, Jatin Aneja, Kishor Ganji, Roopa Nath",Seed,,False,2015,Babychakra
2713,2015-06-17,Jiffstore,online grocery platform,,Bengaluru,single_location,"Unitus Seed Fund, Times Internet",Seed,,False,2015,Jiffstore
2714,2015-06-17,MyDentist,dental clinic chain,,Mumbai,single_location,"LGT Group, Asian Healthcare fund, Seedfund",Private Equity,8200000.0,False,2015,MyDentist
2715,2015-06-18,Moovo,ondemand logistics service,,New Delhi,single_location,YouWeCan Ventures,Seed,,False,2015,Moovo
2716,2015-06-18,Fracktal Works,3d printer manufacturer,,Bengaluru,single_location,Neoteric Infomatique Limited,Private Equity,3000000.0,False,2015,Fracktal Works
2717,2015-06-18,Hansa Customer Equity,it / customer engagement consulting,,Mumbai,single_location,ASK Pravi,Private Equity,5000000.0,False,2015,Hansa Customer Equity
2718,2015-06-18,HealthifyMe,health & fitness app,,Bengaluru,single_location,"Gopal Srinivasan, Sashi Reddy, Amit Gupta, Pallav Nadhani",Private Equity,,False,2015,HealthifyMe
2719,2015-06-18,CAKART.in,online education marketplace,,Bengaluru,single_location,Sunil Maheshwari & group of investors,Seed,,False,2015,CAKART.in
2720,2015-06-19,Housejoy,home services marketplace,,Bengaluru,single_location,Matrix Partners,Private Equity,4000000.0,False,2015,Housejoy
2721,2015-06-19,FundsIndia.com,financial services platform,,Chennai,single_location,"Faering Capital, Foundation Capital, Inventus Capital Partners",Private Equity,11000000.0,False,2015,FundsIndia.com
2722,2015-06-20,Cupick,social network for artists,,Bengaluru,single_location,Group of Angel Investors from US/India,Seed,120000.0,False,2015,Cupick
2723,2015-06-20,Tracxn,startup funding platform,,Bengaluru,single_location,"Sachin Bansal, Bunny Bansal & other investors",Private Equity,10000000.0,False,2015,Tracxn
2724,2015-06-21,Holachef,food delivery platform,,Mumbai,single_location,"Kalaari Capital, India Quotient",Private Equity,3100000.0,False,2015,Holachef
2725,2015-06-22,elong,data driven recruitment recommendation,,Bengaluru,single_location,"Kunal Bahl, Rohit Bansal, Blume Ventures, Phanindra Sama, Raju Reddy",Private Equity,5000000.0,False,2015,elong
2726,2015-06-22,Ixigo,travel search engine,,Gurugram,single_location,Micromax Informatics,Private Equity,,False,2015,Ixigo
2727,2015-06-22,SkillAngels,brain games platform,,Chennai,single_location,Sprout Angels LLP,Seed,,False,2015,SkillAngels
2728,2015-06-22,Vidgyor,video advertisement platform,,Bengaluru,single_location,AngelPrime,Seed,500000.0,False,2015,Vidgyor
2729,2015-06-22,Banihal,algorithmic match making platform,,New Delhi / California,multiple_locations,Dr David Cheriton,Seed,,False,2015,Banihal
2730,2015-06-23,Goodservice,mobile chat based concierge service,,New Delhi,single_location,Sequoia Capital,Private Equity,1600000.0,False,2015,Goodservice
2731,2015-06-23,Treebo,online budget hotel booking service,,Bengaluru,single_location,"Matrix Partners India, SAIF Partners",Private Equity,6000000.0,False,2015,Treebo
2732,2015-06-23,EduKart,online education marketplace,,New Delhi,single_location,"Holostik Group, YouWeCan Ventures, 500 Startups, Vijay Shekhar Sharma, Manish Kheterpal, Amit Patni",Private Equity,1000000.0,False,2015,EduKart
2733,2015-06-23,Healthians.com,preventive healthcare services,,Hyderabad,single_location,YouWeCan Ventures,Seed,,False,2015,Healthians.com
2734,2015-06-24,LabInApp,science learning app,,Bengaluru,single_location,Unitus Seed Fund,Seed,,False,2015,LabInApp
2735,2015-06-24,Syona Cosmetics,beauty and wellness platform,,Chennai,single_location,Chennai Angels,Seed,,False,2015,Syona Cosmetics
2736,2015-06-24,Sigrid Education,online education platform,,Noida,single_location,Oliphans Capital,Seed,,False,2015,Sigrid Education
2737,2015-06-24,Indix,saas product intelligence platform,,,single_location,"Nokia Growth Partners, Nexus Venture Partners, Avalon Ventures",Private Equity,15000000.0,False,2015,Indix
2738,2015-06-24,The Porter,logistics tech,,Mumbai,single_location,"Sequoia Capital, Kae Capital, Anupam Mittal, Sandeep Tandon",Private Equity,5500000.0,False,2015,The Porter
2739,2015-06-24,Retention.ai,app analytics platform,,Bengaluru,single_location,"Mercury Fund, Anshu Sharma, Pratyush Prasanna, Robert Winters & others",Seed,500000.0,False,2015,Retention.ai
2740,2015-06-25,Fusion Microfinance,micro finance platform,,New Delhi,single_location,"Development finance institution Belgian Investment Company, Oikocredit",Private Equity,8600000.0,False,2015,Fusion Microfinance
2741,2015-06-25,Zinka,freight logistics platform,,Bengaluru,single_location,"Accel Partners, Flipkart",Private Equity,6000000.0,False,2015,Zinka
2742,2015-06-26,CreditMantri,credit management services,,Chennai,single_location,"IDG Ventures India, Elevar Equity, Accion Venture Lab",Private Equity,2500000.0,False,2015,CreditMantri
2743,2015-06-26,GetMyPeon,hyperlocal handyman services,,Mumbai,single_location,Undisclosed investors,Seed,250000.0,False,2015,GetMyPeon
2744,2015-06-29,UrbanClap,hyperlocal services marketplace,,New Delhi,single_location,"SAIF Partners,  Accel Partners",Private Equity,10000000.0,False,2015,UrbanClap
2745,2015-06-29,StayGlad,beauty services mobile marketplace,,Bengaluru,single_location,"Tracxn Labs, Sahil Barua",Seed,,False,2015,StayGlad
2746,2015-06-29,AdWyze,marketing / advertising automation platform,,Bengaluru,single_location,Mape Advisory,Seed,1000000.0,False,2015,AdWyze
2747,2015-06-29,Zimmber,hyperlocal handyman services,,Mumbai,single_location,"Naveen Tiwari, Mohit Saxena, Amit Gupta, Piyush Shah, Manish Dugar",Seed,400000.0,False,2015,Zimmber
2748,2015-06-30,Buttercups,online lingerie platform,,Bengaluru,single_location,"Kanwaljit Singh, Angie Mahtaney, Manoj Varghese",Seed,,False,2015,Buttercups
2749,2015-06-30,RailYatri,railways information mobile app,,Bengaluru,single_location,"Helion Ventures, Omidiyar Network, Blume Ventures and Ujama",Private Equity,,False,2015,RailYatri
2750,2015-06-30,aagaar.com,hyperlocal grocery delivery,,Gurugram,single_location,Group of Investors,Seed,,False,2015,aagaar.com
2751,2015-06-30,Flatchat,flat rental mobile app,,Bengaluru,single_location,Commonfloor,Private Equity,2500000.0,False,2015,Flatchat
2752,2015-06-30,MyCFO,wealth management platform,,Mumbai,single_location,Sameer Koticha,Private Equity,1500000.0,False,2015,MyCFO
2753,2015-05-01,Foodpanda,online food delivery,,Gurugram,single_location,"Goldman Sachs, Rocket Internet",Private Equity,100000000.0,False,2015,Foodpanda
2754,2015-05-01,Termsheet,fund raising platform,,Chennai,single_location,"Anand Vijay, Nipun Dureja, Satyajit Heeralal, Keith Rodricks, Gaurav Lochan, Azmul Haque, Nikhil Bagri",Seed,100000.0,False,2015,Termsheet
2755,2015-05-04,Applicate,workforce management software,,Bengaluru,single_location,"Rishi Vasudev, Amit Gupta, Rajiv Nayan",Seed,550000.0,False,2015,Applicate
2756,2015-05-04,World Art Community,online art marketplace,,Gurugram,single_location,Viraj Tyagi & others,Seed,200000.0,False,2015,World Art Community
2757,2015-05-04,SpoonJoy,online food delivery,,Bengaluru,single_location,SAIF Partners,Seed,1000000.0,False,2015,SpoonJoy
2758,2015-05-05,Seed Schools,affordable education,,Hyderabad,single_location,Acumen Fund,Seed,650000.0,False,2015,Seed Schools
2759,2015-05-05,Ignis Careers,career development,,Hyderabad,single_location,Acumen Fund,Seed,250000.0,False,2015,Ignis Careers
2760,2015-05-05,Square Yards,real estate advisory,,Gurugram,single_location,Undisclosed Investors,Private Equity,6000000.0,False,2015,Square Yards
2761,2015-05-05,Fintellix,banking analytics platform,,Bengaluru,single_location,"IDG Ventures, Sequoia Capital",Private Equity,15000000.0,False,2015,Fintellix
2762,2015-05-05,Customer360,customer engagement platform,,Mumbai,single_location,Vishwas Patel,Seed,,False,2015,Customer360
2763,2015-05-06,Delhivery,ecommerce logistics,,Gurugram,single_location,"Tiger Global Management, Multiples Alternate Asset Management, Nexus Venture Partners, Times Internet",Private Equity,85000000.0,False,2015,Delhivery
2764,2015-05-06,Swiggy,online food delivery,,Bengaluru,single_location,Norwest Venture Partners,Private Equity,15000000.0,False,2015,Swiggy
2765,2015-05-07,Uniphore,speech recognition solutions,,Chennai,single_location,"IDG Ventures, Kris Gopalakrishnan",Private Equity,,False,2015,Uniphore
2766,2015-05-07,Box8,online food delivery,,Mumbai,single_location,Mayfield Ventures,Private Equity,3500000.0,False,2015,Box8
2767,2015-05-07,Toppr,online education platform,,Mumbai,single_location,"Fidelity Growth Partners India, SAIF Partners,  Helion Ventures",Private Equity,10000000.0,False,2015,Toppr
2768,2015-05-07,Vedantu,online education platform,,Bengaluru,single_location,"Accel Partners, Tiger Global Management",Private Equity,5000000.0,False,2015,Vedantu
2769,2015-05-08,BuyHatke,online product comparison,,Bengaluru,single_location,"S.Gopalakrishnan, Beenos",Seed,1000000.0,False,2015,BuyHatke
2770,2015-05-08,KleverKid,online education platform,,New Delhi,single_location,Aarin Capital Partners,Seed,,False,2015,KleverKid
2771,2015-05-08,Uniken,online security platform,,Pune,single_location,Exfinity Ventures,Private Equity,2000000.0,False,2015,Uniken
2772,2015-05-08,GrandOpinion,online medical diagnostic,,New Delhi,single_location,Florida based Angel investor,Seed,150000.0,False,2015,GrandOpinion
2773,2015-05-08,HealthifyMe,health & fitness app,,Bengaluru,single_location,Micromax Informatics,Private Equity,,False,2015,HealthifyMe
2774,2015-05-12,ZapStitch,cloud data integration platform,,Bengaluru,single_location,"Helion Venture Partners, Orios Venture Partners",Private Equity,2000000.0,False,2015,ZapStitch
2775,2015-05-12,Wassup,mobile laundry cleaning service,,Chennai,single_location,"Arun Chandra Mohan, Praveen Sinha",Private Equity,2000000.0,False,2015,Wassup
2776,2015-05-12,Mobiefit,mobile fitness app,,Goa,single_location,Prototyze,Seed,,False,2015,Mobiefit
2777,2015-05-12,Plancess,online education platform,,Mumbai,single_location,"Rajendra Gogri,  Chandrakant Gogri",Seed,2000000.0,False,2015,Plancess
2778,2015-05-12,WorkHorse,serviceondemand mobile app,,Mumbai,single_location,Undisclosed Investors,Seed,,False,2015,WorkHorse
2779,2015-05-13,Innovaccer,intelligent data analytics,,Noida,single_location,"Rajan Anandan, Teru Sato, Aneesh Reddy, Venkatesh Valluri",Seed,,False,2015,Innovaccer
2780,2015-05-13,MyCuteOffice,online office rental,,Mumbai,single_location,Lead Angels,Seed,,False,2015,MyCuteOffice
2781,2015-05-14,IndianRoots.com,lifestyle ecommerce portal,,Gurugram,single_location,KJS Group,Private Equity,5000000.0,False,2015,IndianRoots.com
2782,2015-05-14,RedPolka,online fashion aggregator,,Mumbai,single_location,Undisclosed Investors,Seed,250000.0,False,2015,RedPolka
2783,2015-05-15,Venturesity,online job skills showcase,,Bengaluru,single_location,"Phanindra Sama, Jay Sethuram, Hemant Kanakia, Ravi Trivedi",Seed,270000.0,False,2015,Venturesity
2784,2015-05-18,TheBetterIndia.com,online news media,,Bengaluru,single_location,Mohandas Pai,Seed,,False,2015,TheBetterIndia.com
2785,2015-05-18,Awaaz De,enterprise communication platform,,Ahmedabad,single_location,Samir Shah,Seed,,False,2015,Awaaz De
2786,2015-05-19,Chaayos,offline tea chain,,New Delhi,single_location,Tiger Global Management,Private Equity,1000000.0,False,2015,Chaayos
2787,2015-05-19,Akosha,business messaging app,,New Delhi,single_location,Sequoia Capital,Private Equity,16000000.0,False,2015,Akosha
2788,2015-05-19,Cooey,health mobile app,,Bengaluru,single_location,Subhash Goyal,Seed,470000.0,False,2015,Cooey
2789,2015-05-19,MeetUniv,online edtech platform,,Noida,single_location,Peesh Venture Capital,Seed,1000000.0,False,2015,MeetUniv
2790,2015-05-19,Inspirock,online travel planning,,,single_location,MakeMyTrip Innovation Fund,Private Equity,,False,2015,Inspirock
2791,2015-05-19,Crown-it,hyperlocal mobile marketplace,,Gurugram,single_location,"Accel Partners, Helion Venture Partners",Private Equity,5500000.0,False,2015,Crown-it
2792,2015-05-19,Trucksfirst,trucking logistic operations,,Gurugram,single_location,SAIF partners,Private Equity,10000000.0,False,2015,Trucksfirst
2793,2015-05-20,Lookup,b2c messaging app,,Bengaluru,single_location,Biz Stone,Private Equity,3000000.0,False,2015,Lookup
2794,2015-05-21,SunTerrace,rooftop solar plants,,New Delhi,single_location,Sunergy Investors,Private Equity,,False,2015,SunTerrace
2795,2015-05-22,\\xc2\\xa0Nudgespot,customer engagement platform,,Bengaluru,single_location,"Kae Capital, Anoop Goyal, Mike Shah, VA Sastry",Seed,625000.0,False,2015,\\xc2\\xa0Nudgespot
2796,2015-05-22,CarDekho,online car portal,,Jaipur,single_location,HDFC Bank,Private Equity,,False,2015,CarDekho
2797,2015-05-22,EveningFlavors,online table reservation,,Bengaluru,single_location,Sandiep Shrivatsava,Seed,500000.0,False,2015,EveningFlavors
2798,2015-05-25,Razorpay,online payment gateway,,Bengaluru,single_location,Punit Soni,Seed,,False,2015,Razorpay
2799,2015-05-25,ZenParent,parents focused web content,,Bengaluru,single_location,i2india Ventures,Seed,500000.0,False,2015,ZenParent
2800,2015-05-25,Newgen Payments,payments solution provider,,New Delhi,single_location,Jan Manten,Seed,,False,2015,Newgen Payments
2801,2015-05-26,UrbanPro,ondemand service marketplace,,Bengaluru,single_location,Nirvana Venture Advisors,Private Equity,2000000.0,False,2015,UrbanPro
2802,2015-05-26,Goodbox,ondemand business messaging,,Bengaluru,single_location,Manipal Group,Seed,200000.0,False,2015,Goodbox
2803,2015-05-26,Renderlogy,online home d\\xc3\\xa9cor,,Hyderabad,single_location,Astarc Ventures,Private Equity,1000000.0,False,2015,Renderlogy
2804,2015-05-27,Postman,api workflow platform,,Bengaluru,single_location,Nexus Venture Partners,Seed,1000000.0,False,2015,Postman
2805,2015-05-27,Casa2inns,affordable hotel booking online,,New Delhi,single_location,"Accel Partners, Kalaari Capital",Private Equity,5000000.0,False,2015,Casa2inns
2806,2015-05-27,FleetRover,logistics intelligence,,Goa,single_location,"Tim Chen, Sanjay Venkat",Seed,180000.0,False,2015,FleetRover
2807,2015-05-28,TheKarrier,last mile logistics,,Bengaluru,single_location,"Sol Primero, Outbox Ventures, Nikunj Jain",Seed,240000.0,False,2015,TheKarrier
2808,2015-05-28,Zoomcar,selfdriven car rental,,Bengaluru,single_location,Sequoia Capital,Private Equity,5000000.0,False,2015,Zoomcar
2809,2015-05-28,Truweight,weight management service,,Hyderabad,single_location,Kalaari Capital,Private Equity,,False,2015,Truweight
2810,2015-05-30,Ather Energy,electric scooter manufacturer,,Bengaluru,single_location,Tiger Global,Private Equity,12000000.0,False,2015,Ather Energy
2811,2015-04-03,Swiggy,online food delivery,,Bengaluru,single_location,"Accel Partners, SAIF Partners",Private Equity,2000000.0,False,2015,Swiggy
2812,2015-04-04,Bluegape,web content publishing,,Gurugram,single_location,"Rudy Gopalakrishnan, ah! Ventures",Seed,200000.0,False,2015,Bluegape
2813,2015-04-04,KeepTrax,location based app,,Dallas / Hyderabad,multiple_locations,,Seed,1000000.0,False,2015,KeepTrax
2814,2015-04-06,InstaLively,video streaming,,New Delhi,single_location,"Rajesh Sawheny , Rajan Anandan, Amit Ranjan, Niraj Singh, AECAL, MeraEvents.",Seed,120000.0,False,2015,InstaLively
2815,2015-04-07,Pricejugaad,price comparison,,Hyderabad,single_location,"Amit Tyagi, Sandeep Acharya & others",Seed,165000.0,False,2015,Pricejugaad
2816,2015-04-07,Quikr,online classifieds,,Mumbai,single_location,"Tiger Global, Investment AB Kinnevik, Steadview Capital",Private Equity,150000000.0,False,2015,Quikr
2817,2015-04-07,PressPlay,travel entertainment,,New Delhi,single_location,"Sequoia Capital, Jason Hirschhorn, Jarett Posner, and Amit Bhatiani",Seed,2200000.0,False,2015,PressPlay
2818,2015-04-07,LogiNext,logistics tech,,Mumbai,single_location,"Ajit Surana, Sanjay Mehta",Seed,,False,2015,LogiNext
2819,2015-04-08,FirstCry.com,ecommerce,,Pune,single_location,"Silicon Valley Ventures, NEA Ventures, Valiant Capital, IDG Ventures India,  SAIF Partners, Vertex Ventures",Private Equity,10000000.0,False,2015,FirstCry.com
2820,2015-04-08,MobiKwik,digital / mobile wallet,,Gurugram,single_location,"Tree Line Asia, Cisco Investments, American Express, Sequoia Capital",Private Equity,25000000.0,False,2015,MobiKwik
2821,2015-04-08,Olacabs,cab aggregator,,Bengaluru,single_location,"DST Global, Steadview Capital, Tiger Global, Accel Partners & Others",Private Equity,400000000.0,False,2015,Ola
2822,2015-04-09,Gadgetwood,device repair svcs,,New Delhi,single_location,"Ajai Chowdhry, Ashvin Chadha, Yogesh Bansal,\\nNitin Singhal & Others",Seed,200000.0,False,2015,Gadgetwood
2823,2015-04-09,Bonhomia,premium beverages,,New Delhi,single_location,"Kanwaljit Singh, Shripad Nadkarni, Sarvesh Shahra & Others",Seed,2000000.0,False,2015,Bonhomia
2824,2015-04-09,Changer Mints,digital / mobile wallet,,Kolkata,single_location,Hyderabad based investor,Seed,165000.0,False,2015,Changer Mints
2825,2015-04-09,Urban Ladder,online furnishing\\necommerce,,Bengaluru,single_location,"Sequoia Capital, TR Capital, Steadview Capital, SAIF Partners, Kalaari Capital",Private Equity,50000000.0,False,2015,Urban Ladder
2826,2015-04-09,Purple Squirrel,edtech,,Mumbai,single_location,"Matrix Partners India, India Quotient",Private Equity,,False,2015,Purple Squirrel
2827,2015-04-10,Whatfix,interactive\\xc2\\xa0 howto guides,,Bengaluru,single_location,"Helion Venture Partner, Powerhouse Ventures, GSF and Other angel investors",Seed,900000.0,False,2015,Whatfix
2828,2015-04-10,iMMi Life,mobile health tech,,Chennai,single_location,Unitus Seed Fund,Seed,,False,2015,iMMi Life
2829,2015-04-11,Zomato,restaurant reviews,,Gurugram,single_location,Info Edge (India),Private Equity,25000000.0,False,2015,Zomato
2830,2015-04-13,ZopNow,online grocer,,Bengaluru,single_location,"Dragoneer Investment, Accel Partners, Qualcomm Ventures, Times Internet",Private Equity,10000000.0,False,2015,ZopNow
2831,2015-04-13,Nayi Disha,edtech,,New Delhi,single_location,"Ajay Relan,",Seed,300000.0,False,2015,Nayi Disha
2832,2015-04-13,The Porter,logistics tech,,Mumbai,single_location,Kae Capital,Seed,500000.0,False,2015,The Porter
2833,2015-04-13,Commeasure,online hotel booking,,Noida,single_location,Jungle Ventures,Seed,1000000.0,False,2015,Commeasure
2834,2015-04-13,Capricoast,online kitchen furniture,,Bengaluru,single_location,Accel Partners India,Seed,1250000.0,False,2015,Capricoast
2835,2015-04-14,LocalOye,hyperlocal online services,,Mumbai,single_location,"Tiger Global Management, Lightspeed Venture Partners",Private Equity,5000000.0,False,2015,LocalOye
2836,2015-04-15,Grofers,hyperlocal online/mobile grocery,,Gurugram,single_location,"Tiger Global, Sequoia Capital",Private Equity,35000000.0,False,2015,Grofers
2837,2015-04-15,PepperTap,hyperlocal online/mobile grocery,,Gurugram,single_location,"SAIF Partners, Sequoia Capital",Private Equity,10000000.0,False,2015,PepperTap
2838,2015-04-15,PolicyBazaar,online policy aggregator,,Gurugram,single_location,"PremjiInvest, Tiger Global, Ribbit Capital",Private Equity,40000000.0,False,2015,PolicyBazaar
2839,2015-04-16,UrbanClap,hyperlocal mobile services marketplace,,New Delhi,single_location,"SAIF Partners, Accel Partners, Kunal Bahl, Rohit Bansal",Seed,1600000.0,False,2015,UrbanClap
2840,2015-04-16,Taskbob,ondemand\\nmobile handyman services,,Mumbai,single_location,"Orios Venture Partners, Mayfield India",Seed,1200000.0,False,2015,Taskbob
2841,2015-04-17,Robosoft,mobile app development,,Udupi,single_location,"Ascent Capital, Kalaari Capital",Private Equity,12000000.0,False,2015,Robosoft
2842,2015-04-18,Doormint,ondemand handyman services,,Mumbai,single_location,Powai Lake Ventures,Seed,,False,2015,Doormint
2843,2015-04-20,Vyomo,beauty & wellness mobile app,,Gurugram,single_location,YouWeCan Ventures,Seed,,False,2015,Vyomo
2844,2015-04-20,Pastiwala,material collection & recycling,,Vadodara,single_location,Agnus Capital,Private Equity,4000000.0,False,2015,Pastiwala
2845,2015-04-20,1mg (Healthkartplus),online pharmacy & drug db,,Gurugram,single_location,"Deep Kalra, Sequoia Capital, Omidyar Network, Intel Capital & Kae Capital",Private Equity,6000000.0,False,2015,1mg (Healthkartplus)
2846,2015-04-20,Freshdesk,online / mobile customer support,,Chennai,single_location,"Tiger Global, Google Capital & Accel Partners",Private Equity,50000000.0,False,2015,Freshdesk
2847,2015-04-20,Sulekha.com,online classifieds & listings,,Chennai,single_location,GIC ventures,Private Equity,28000000.0,False,2015,Sulekha.com
2848,2015-04-22,FindYahan,hyperlocal services marketplace,,New Delhi,single_location,The Phoenix Fund,Private Equity,,False,2015,FindYahan
2849,2015-04-22,Eat.Shop.Love,fashion ecommerce,,Bengaluru,single_location,Undisclosed Investor,Private Equity,3500000.0,False,2015,Eat.Shop.Love
2850,2015-04-22,Avanti Learning,private coaching centers,,New Delhi,single_location,"Michael & Susan Dell Foundation, Pearson Learning Fund",Private Equity,1500000.0,False,2015,Avanti Learning
2851,2015-04-23,Simplilearn,online certification courses,,Bengaluru,single_location,"Mayfield Ventures, Kalaari Capital, Helion Ventures",Private Equity,15000000.0,False,2015,Simplilearn
2852,2015-04-23,Craftstvilla,ethnic product ecommerce,,Mumbai,single_location,"Sequoia Capital, Nexus venture Partners, Lightspeed Ventures, GFC",Private Equity,18000000.0,False,2015,Craftstvilla
2853,2015-04-23,HeadOut,last minute travel deals mobile marketplace,,Bangalore / SFO,multiple_locations,"Version One Ventures, 500 Startups, Nexus Venture Partners and Arena Ventures",Seed,1800000.0,False,2015,HeadOut
2854,2015-04-23,happay,usiness expense management,,Bengaluru,single_location,AngelPrime,Seed,500000.0,False,2015,happay
2855,2015-04-23,Jugnoo,auto rickshaw based logistics,,Chandigarh,single_location,"Rakesh Mathur, Vikas Taneja & others",Seed,1000000.0,False,2015,Jugnoo
2856,2015-04-23,EazyDiner,restaurant reservation app,,New Delhi,single_location,"Deepak Shahdadpuri, Gulpreet Kohli",Seed,,False,2015,EazyDiner
2857,2015-04-23,Phone Warrior,spam call block app,,New Delhi,single_location,Lightspeed Ventures,Seed,,False,2015,Phone Warrior
2858,2015-04-24,Coverfox,online insurance aggregator,,Mumbai,single_location,"Accel US, Accel India, SAIF Partners.",Private Equity,12000000.0,False,2015,Coverfox
2859,2015-04-27,Torqus,restaurant management platform,,Pune,single_location,S S Mukherji & Others,Seed,350000.0,False,2015,Torqus
2860,2015-04-27,Grab,food logistics & delivery,,Mumbai,single_location,"Oliphans Capital, Haresh Chawla",Seed,1000000.0,False,2015,Grab
2861,2015-04-27,LogicRoots,interactive educational games,,Jaipur,single_location,"Ah! Ventures, Calcutta Angels,  91SpringBoard",Seed,400000.0,False,2015,LogicRoots
2862,2015-04-27,GIBBS,clean tech,,New Delhi,single_location,Infuse Ventures fund,Private Equity,,False,2015,GIBBS
2863,2015-04-28,Babajobs,grey collar job board,,Bengaluru,single_location,SEEK Ltd & affiliates,Private Equity,10000000.0,False,2015,Babajobs
2864,2015-04-28,Urban Ladder,online furniture ecommerce,,Bengaluru,single_location,"Anand Rajaraman, Venky Harinarayan",Private Equity,,False,2015,Urban Ladder
2865,2015-04-28,Jay Robotix,robotic program learning,,Hyderabad,single_location,Cross Border Angels & others,Seed,250000.0,False,2015,Jay Robotix
2866,2015-04-28,Naaptol.com,teleshopping / ecommerce,,Mumbai,single_location,Mitsui & Co & existing investors,Private Equity,21500000.0,False,2015,Naaptol.com
2867,2015-04-29,ReGlobe,used gadgets buy / refurbishing,,Gurugram,single_location,"Bessemer Ventures, Blume Ventures",Seed,1000000.0,False,2015,ReGlobe
2868,2015-04-29,Icertis,cloud enterprise software,,Pune / US,multiple_locations,"Greycroft Partners, Fidelity Growth Partners",Private Equity,6000000.0,False,2015,Icertis
2869,2015-04-29,Tracxn,startup analytics platform,,Bengaluru,single_location,SAIF Partners,Private Equity,3500000.0,False,2015,Tracxn
2870,2015-04-29,Dazo,mobile food ordering app,,Bengaluru,single_location,"Sumit Jain, Aprameya Radhakrishna, Alok Goel, Rajan Anandan, Amit Agrawal, Vinay Goel, Gaurav Munjal, Ashish Dev Kapur",Seed,,False,2015,Dazo
2871,2015-04-29,Tradelab,financial markets software,,Bengaluru,single_location,Rainmatter,Seed,400000.0,False,2015,Tradelab
2872,2015-04-29,PiQube,hiring analytics platform,,Chennai,single_location,The HR Fund,Seed,500000.0,False,2015,PiQube
2873,2015-04-29,Travel Triangle,online travel marketplace,,Noida,single_location,"Bessemer Venture Partners, SAIF Partners",Private Equity,8000000.0,False,2015,Travel Triangle
2874,2015-03-02,TrulyMadly.com,,,,single_location,"Helion Venture Partners, Kae Capital",Private Equity,5500000.0,False,2015,TrulyMadly.com
2875,2015-03-02,InstaLively,,,,single_location,Group of Angel Investors,Seed,120000.0,False,2015,InstaLively
2876,2015-03-03,Vserv,,,,single_location,"Maverick Capital, IDG Ventures India",Private Equity,15000000.0,False,2015,Vserv
2877,2015-03-03,Intruo.com,,,,single_location,"Ashutosh Lawania, Alok Goel & others",Seed,,False,2015,Intruo.com
2878,2015-03-05,Niffler,,,,single_location,SAIF Partners,Seed,1000000.0,False,2015,Niffler
2879,2015-03-05,CustomFurnish.com,,,,single_location,"Madhukar Gangadi, Satish Reddy, Srini Raju, Srini Koppolu & SIDBI",Private Equity,2500000.0,False,2015,CustomFurnish.com
2880,2015-03-06,MapMyGenome,,,,single_location,Rajan Anandan & other angel investors,Private Equity,1200000.0,False,2015,MapMyGenome
2881,2015-03-09,Crowdfire (formerly Justunfollow),,,,single_location,Kalaari Capital,Private Equity,2500000.0,False,2015,Crowdfire (formerly Justunfollow)
2882,2015-03-09,Bite Club,,,,single_location,"Powai Lake Ventures, Aneesh Reddy, Ashish Kashyap, Alok Mittal",Seed,500000.0,False,2015,Bite Club
2883,2015-03-10,Localbanya,,,,single_location,Shrem Strategies,Private Equity,,False,2015,Localbanya
2884,2015-03-11,Appedo,,,,single_location,Undisclosed Investors,Seed,1000000.0,False,2015,Appedo
2885,2015-03-11,Fitraq.com,,,,single_location,Tarun Arora,Seed,150000.0,False,2015,Fitraq.com
2886,2015-03-11,ChargeBee,,,,single_location,"Tiger Global, Accel Partners",Private Equity,5000000.0,False,2015,ChargeBee
2887,2015-03-11,Groupon India,,,,single_location,Sequoia Capital,Private Equity,20000000.0,False,2015,Groupon India
2888,2015-03-12,Process 9,,,,single_location,"IAN Ventures, Alok Sharma, Kris Gopalakrishnan, Saurabh Srivastava, Ajai Chowdhry",Seed,,False,2015,Process 9
2889,2015-03-12,MoonFrog Labs,,,,single_location,"Tiger Global, Sequoia Capital.",Private Equity,15000000.0,False,2015,MoonFrog Labs
2890,2015-03-13,Foodpanda,,,,single_location,Rocket Internet AG & others,Private Equity,110000000.0,False,2015,Foodpanda
2891,2015-03-13,Paytm,,,,single_location,Ratan Tata,Private Equity,,False,2015,Paytm
2892,2015-03-13,DiabetOmics,,,,single_location,"VentureEast,  Varaprasad Reddy",Private Equity,5000000.0,False,2015,DiabetOmics
2893,2015-03-13,Qyk,,,,single_location,"Powai Lake Ventures, Zishan Hayath, Abhishek Goyal, Sahil Barua",Seed,,False,2015,Qyk
2894,2015-03-14,Daily Rounds,,,,single_location,"Kae Capital, GSF, Teruhide Sato",Seed,500000.0,False,2015,Daily Rounds
2895,2015-03-14,Orobind,,,,single_location,"Zishaan Hayath, Lalit Mangal, Harpreet Singh Grover",Seed,200000.0,False,2015,Orobind
2896,2015-03-14,Routofy,,,,single_location,"Kunal Bahl, Rohit Bansal",Seed,,False,2015,Routofy
2897,2015-03-16,Digital Gorkha,,,,single_location,Ramesh kavediya,Seed,166000.0,False,2015,Digital Gorkha
2898,2015-03-16,NestAway,,,,single_location,"IDG Ventures, Naveen Tewari",Seed,1300000.0,False,2015,NestAway
2899,2015-03-16,The Better India,,,,single_location,I-cube-N,Seed,166000.0,False,2015,The Better India
2900,2015-03-16,Meru Cabs,,,,single_location,Value Fund Advisors,Private Equity,50000000.0,False,2015,Meru Cabs
2901,2015-03-17,GolfLAN,,,,single_location,YourNest Angel Fund,Seed,,False,2015,GolfLAN
2902,2015-03-18,Drivestream,,,,single_location,Wipro,Private Equity,5000000.0,False,2015,Drivestream
2903,2015-03-18,wWhere,,,,single_location,Group of Angel Investors,Seed,200000.0,False,2015,wWhere
2904,2015-03-18,GoJavas,,,,single_location,Snapdeal,Private Equity,,False,2015,GoJavas
2905,2015-03-19,Tripoto,,,,single_location,"IDG Ventures, Outbox Ventures",Private Equity,2000000.0,False,2015,Tripoto
2906,2015-03-19,Graphic India,,,,single_location,"CA Media LP,  Start Media.",Seed,2800000.0,False,2015,Graphic India
2907,2015-03-20,Harness Handitouch,,,,single_location,Armat Group,Private Equity,,False,2015,Harness Handitouch
2908,2015-03-20,Lets Corp,,,,single_location,Wu Chay Chin,Seed,3000000.0,False,2015,Lets Corp
2909,2015-03-20,CollateBox,,,,single_location,LetsVenture,Seed,180000.0,False,2015,CollateBox
2910,2015-03-20,Mahindra First Choice,,,,single_location,Valiant Capital,Private Equity,15000000.0,False,2015,Mahindra First Choice
2911,2015-03-21,Round One,,,,single_location,"HT Media, Arun Duggal",Seed,,False,2015,Round One
2912,2015-03-23,RazorPay,,,,single_location,Y Combinator,Seed,120000.0,False,2015,RazorPay
2913,2015-03-23,Mosambee,,,,single_location,RVCF and SIDBI,Private Equity,,False,2015,Mosambee
2914,2015-03-24,Furlenco,,,,single_location,LightBox Ventures,Private Equity,6000000.0,False,2015,Furlenco
2915,2015-03-24,Cubito,,,,single_location,Sol Primero,Seed,160000.0,False,2015,Cubito
2916,2015-03-25,Teabox,,,,single_location,"JAFCO Asia, Keystone Group, Dragoneer Investment, Accel Partners",Private Equity,6000000.0,False,2015,Teabox
2917,2015-03-25,Artoo,,,,single_location,"Accion Venture Labs, Rianta Capital",Private Equity,500000.0,False,2015,Artoo
2918,2015-03-25,Fxkart.com,,,,single_location,"Dr Mushtaq Shah, Dr Faraz Naqvi",Seed,2000000.0,False,2015,Fxkart.com
2919,2015-03-25,Rozgar Mela,,,,single_location,"Impact Investment Holding, Upaya Social Ventures",Seed,,False,2015,Rozgar Mela
2920,2015-03-25,OYO Rooms,,,,single_location,"Greenoaks capital, Sequoia Capital, LightSpeed Ventures",Private Equity,25000000.0,False,2015,Oyo Rooms
2921,2015-03-26,Roposo.com,,,,single_location,"Tiger Global Management, Indian Quotient, Binny Bansal",Private Equity,5000000.0,False,2015,Roposo.com
2922,2015-03-26,Teewe,,,,single_location,"Sequoia Capital, India Quotient",Seed,1750000.0,False,2015,Teewe
2923,2015-03-26,ePoise,,,,single_location,Undisclosed,Seed,,False,2015,ePoise
2924,2015-03-27,Urjas,,,,single_location,Solidarity Venture Capital & others,Seed,100000.0,False,2015,Urjas
2925,2015-03-27,Chargein,,,,single_location,Pittie Group,Seed,100000.0,False,2015,Chargein
2926,2015-03-28,Yogurt Labs,,,,single_location,"Nick Adams, Kiran Bhat, Family Pot Investments LLP",Seed,115000.0,False,2015,Yogurt Labs
2927,2015-03-28,LimeRoad.com,,,,single_location,"Tiger Global, Matrix Partners, Lightspeed Venture Partners",Private Equity,30000000.0,False,2015,LimeRoad.com
2928,2015-03-28,Team Indus,,,,single_location,"Nandan Nilekani, Rajiv Mody, Ajai Chowdhary",Private Equity,1500000.0,False,2015,Team Indus
2929,2015-03-30,Arohan Financial Services,,,,single_location,Tano Capital,Private Equity,10000000.0,False,2015,Arohan Financial Services
2930,2015-03-30,BillDesk,,,,single_location,TA Associates,Private Equity,75000000.0,False,2015,BillDesk
2931,2015-03-31,Triphobo,,,,single_location,"Mayfield Ventures, Kalaari Capital",Private Equity,3000000.0,False,2015,Triphobo
2932,2015-03-31,Aryaka,,,,single_location,"Trinity Ventures, InterWest Partners, Mohr Davidow Ventures, Presidio Ventures",Private Equity,16000000.0,False,2015,Aryaka
2933,2015-03-31,Appsdaily,,,,single_location,"Zodius Capital, Ru-Net, Kalaari Capital,  Qualcomm Ventures",Private Equity,16000000.0,False,2015,Appsdaily
2934,2015-02-02,Faaya,,,,single_location,Group of Angel Investors,Seed,16600.0,False,2015,Faaya
2935,2015-02-02,InstaBounce,,,,single_location,Group of Angel Investors,Seed,16600.0,False,2015,InstaBounce
2936,2015-02-02,Chloroplast Foods,,,,single_location,Group of Angel Investors,Seed,16600.0,False,2015,Chloroplast Foods
2937,2015-02-02,Dealwithus,,,,single_location,Group of Angel Investors,Seed,16600.0,False,2015,Dealwithus
2938,2015-02-02,CleverSharks,,,,single_location,Group of Angel Investors,Seed,16600.0,False,2015,CleverSharks
2939,2015-02-02,Leaf,,,,single_location,Group of Angel Investors,Seed,16600.0,False,2015,Leaf
2940,2015-02-02,SmartPocket,,,,single_location,"Sol Primero, Rajiv Mehta",Seed,250000.0,False,2015,SmartPocket
2941,2015-02-02,Yumist,,,,single_location,Orios Venture Partner,Private Equity,1000000.0,False,2015,Yumist
2942,2015-02-02,NowFloats,,,,single_location,Omidyar Network,Private Equity,,False,2015,NowFloats
2943,2015-02-02,FirstCry,,,,single_location,Valiant Capital Partners,Private Equity,26000000.0,False,2015,FirstCry
2944,2015-02-02,HolaChef,,,,single_location,India Quotient,Seed,325000.0,False,2015,HolaChef
2945,2015-02-03,Frsh.co.in,,,,single_location,"India Quotient, Kae Capital",Seed,518000.0,False,2015,Frsh.co.in
2946,2015-02-03,Manthan,,,,single_location,"Temasek, Norwest Venture Partners",Private Equity,60000000.0,False,2015,Manthan
2947,2015-02-05,Kobster.com,,,,single_location,Splice Advisors,Seed,,False,2015,Kobster.com
2948,2015-02-05,Culture Machine,,,,single_location,"Tiger Global, Times Internet, Zodius Capital",Private Equity,18000000.0,False,2015,Culture Machine
2949,2015-02-05,Paytm,,,,single_location,Ant Financial Services (Alipay),Private Equity,,False,2015,Paytm
2950,2015-02-05,Aisle.co,,,,single_location,"Anand Vijay, Shashank Mehrotra & Others",Seed,100000.0,False,2015,Aisle.co
2951,2015-02-06,FreeCharge,,,,single_location,"Valiant Capital, Tybourne Capital, Sequoia Capital, RuNet and Sofina",Private Equity,80000000.0,False,2015,FreeCharge
2952,2015-02-06,NewsHunt,,,,single_location,"Falcon Edge Capital, Matrix Partners India, Sequoia Capital India and Omidyar Network",Private Equity,40000000.0,False,2015,NewsHunt
2953,2015-02-09,MyNoticePeriod,,,,single_location,IDG Ventures,Private Equity,3000000.0,False,2015,MyNoticePeriod
2954,2015-02-09,CarDekho.com,,,,single_location,Ratan Tata,Private Equity,,False,2015,CarDekho.com
2955,2015-02-09,Faaso\\xe2\\x80\\x99s,,,,single_location,Lightbox Ventures,Private Equity,20000000.0,False,2015,Faaso\\xe2\\x80\\x99s
2956,2015-02-10,CarTrade.com,,,,single_location,Chip Perry,Private Equity,,False,2015,CarTrade.com
2957,2015-02-10,StoreKing,,,,single_location,Mangrove Capital Partners,Private Equity,,False,2015,StoreKing
2958,2015-02-11,Capital Float,,,,single_location,"SAIF Partners, Sequoia Capital, Aspada",Private Equity,13000000.0,False,2015,Capital Float
2959,2015-02-11,Nimble Wireless,,,,single_location,AngelPrime,Seed,3000000.0,False,2015,Nimble Wireless
2960,2015-02-11,Townscript,,,,single_location,Group of Angel Investors,Seed,,False,2015,Townscript
2961,2015-02-11,FindYahan,,,,single_location,"Karan Bajwa, Parvesh Bareja , Sunjay Kapur, Amanpreet Bajaj",Seed,,False,2015,FindYahan
2962,2015-02-12,Stayzilla,,,,single_location,"Nexus Venture Partners, Matrix Partners",Private Equity,20000000.0,False,2015,Stayzilla
2963,2015-02-12,Practo,,,,single_location,"Sequoia Capital, Matrix Partners",Private Equity,30000000.0,False,2015,Practo
2964,2015-02-13,CimplyFive,,,,single_location,"Suresh Senapaty, TV Mohandas Pai",Seed,,False,2015,CimplyFive
2965,2015-02-13,20Dresses,,,,single_location,"Srinivas Aluri, Srinivas Modukury, BS Nagesh",Seed,1000000.0,False,2015,20Dresses
2966,2015-02-13,Itzcash,,,,single_location,Ashok Goel (promoter),Private Equity,16500000.0,False,2015,Itzcash
2967,2015-02-16,NewsInShorts,,,,single_location,"Tiger Global, Rebright Partners, Sachin and Binny Bansal",Private Equity,4150000.0,False,2015,NewsInShorts
2968,2015-02-16,iTraveller.com,,,,single_location,ah! Ventures,Private Equity,1000000.0,False,2015,iTraveller.com
2969,2015-02-17,NextGen,,,,single_location,Mumbai Angels & Group of other investors,Seed,,False,2015,NextGen
2970,2015-02-18,Wooplr.com,,,,single_location,Helion Venture Partners,Private Equity,5000000.0,False,2015,Wooplr.com
2971,2015-05-19,Springleap,,,,single_location,Cross Border Angels,Seed,800000.0,False,2015,Springleap
2972,2015-02-20,Klip.in,,,,single_location,"Calcutta Angels, Venture Nursery Angels Mumbai Angels",Seed,500000.0,False,2015,Klip.in
2973,2015-02-20,Renderlogy,,,,single_location,Brick Eagle,Private Equity,1600000.0,False,2015,Renderlogy
2974,2015-02-21,Appbase,,,,single_location,"DA-IICT, Techstars, Carnegie Mellon University, Startup Brasil program",Seed,290000.0,False,2015,Appbase
2975,2015-02-23,HomeLane,,,,single_location,"Sequoia Capital, Ranjan Pai, Mohandas Pai & others",Private Equity,4500000.0,False,2015,HomeLane
2976,2015-02-23,Trip38,,,,single_location,"InterGlobe Technology Quotient, Lantern Capital",Private Equity,1000000.0,False,2015,Trip38
2977,2015-02-23,Smartairtrip.com,,,,single_location,Undisclosed,Private Equity,10000000.0,False,2015,Smartairtrip.com
2978,2015-02-23,NoBroker,,,,single_location,"SAIF Partners, Fulcrum Ventures",Private Equity,3000000.0,False,2015,NoBroker
2979,2015-02-24,Caravan Craft Retail,,,,single_location,"Unitus Seed Fund\\nNarayan Ramachandran, Bijou Kurien",Seed,500000.0,False,2015,Caravan Craft Retail
2980,2015-02-25,SquadRun,,,,single_location,"Amit Ranjan, Deepinder Goyal, Zishaan Hayath, Powai Lake Ventures",Seed,,False,2015,SquadRun
2981,2015-02-25,Clonect Solutions,,,,single_location,"V Balakrishnan, T V Mohandas Pai, BC Prabhakar",Seed,250000.0,False,2015,Clonect Solutions
2982,2015-02-25,TaxSutra,,,,single_location,"V Balakrishnan, T V Mohandas Pai",Seed,160000.0,False,2015,TaxSutra
2983,2015-02-25,PepperTap,,,,single_location,Sequoia Capital,Seed,,False,2015,PepperTap
2984,2015-02-25,Sattviko,,,,single_location,"Sumit Jain, Rajat Jain, Sanjay Bhasin",Seed,320000.0,False,2015,Sattviko
2985,2015-02-25,IndustryBuying,,,,single_location,SAIF Partners,Private Equity,2000000.0,False,2015,IndustryBuying
2986,2015-02-26,FreshWorld,,,,single_location,"Kris Gopalakrishnan, Nagaraja Prakasam",Seed,,False,2015,FreshWorld
2987,2015-02-26,TinyOwl,,,,single_location,"Matrix Partners, Sequoia Capital, Nexus Venture Partners",Private Equity,16000000.0,False,2015,TinyOwl
2988,2015-02-27,Momoe,,,,single_location,"IDG Ventures India, Jungle Ventures, India Quotient.",Seed,1200000.0,False,2015,Momoe
2989,2015-02-27,Grofers,,,,single_location,"Tiger Global Management, Sequoia Capital India",Private Equity,10000000.0,False,2015,Grofers
2990,2015-01-02,LensKart,,,,single_location,"TPG Growth, TR Capital, IDG Ventures",Private Equity,2150000.0,False,2015,LensKart
2991,2015-01-02,VioletStreet,,,,single_location,"Venkat Vallabhneni, Sudhakar Reddy, Srinivasa Rao Paturi",Seed,315000.0,False,2015,VioletStreet
2992,2015-01-05,Lookup,,,,single_location,"DeNA Co., Japan & Teruhide Sato (in Addition to MKS Switzerland & Kris GopalKrishnan)",Seed,380000.0,False,2015,Lookup
2993,2015-01-05,#Fame,,,,single_location,TO THE NEW Ventures,Private Equity,10000000.0,False,2015,#Fame
2994,2015-01-05,Gympik,,,,single_location,"Tom Clausen, Rohan Ajila, Haldyn Glass",Seed,135000.0,False,2015,Gympik
2995,2015-01-06,Near.in,,,,single_location,"Anupam Mittal, Manish Vij, Prashant Tandon, Gaurav Agarwal, Akash Agarwal, Himanshu Aggarwal, Kevin Parikh",Seed,285000.0,False,2015,Near.in
2996,2015-01-06,Purplle.com,,,,single_location,IvyCap Ventures,Private Equity,,False,2015,Purplle.com
2997,2015-01-06,NumberMall,,,,single_location,SRI Capital,Private Equity,10000000.0,False,2015,NumberMall
2998,2015-01-06,Tookitaki,,,,single_location,"Jungle Ventures, Redbright Partners, Blume Ventures",Private Equity,1000000.0,False,2015,Tookitaki
2999,2015-01-06,Frankly,,,,single_location,Matrix Partners,Seed,600000.0,False,2015,Frankly
3000,2015-01-07,Faircent,,,,single_location,"Devesh Sachdev, Ashish Tiwari",Seed,,False,2015,Faircent
3001,2015-01-07,Nurturey,,,,single_location,Seedrs Crowd funding platform,Crowdfunding,125000.0,False,2015,Nurturey
3002,2015-01-07,Bewakoof,,,,single_location,"Rohit Bansal, Kunal Bahl, Nikhil Vora",Seed,,False,2015,Bewakoof
3003,2015-01-07,Stridalyzer,,,,single_location,Kickstarter,Crowdfunding,30768.0,False,2015,Stridalyzer
3004,2015-01-07,Commonfloor,,,,single_location,Google Capital,Private Equity,5000000.0,False,2015,Commonfloor
3005,2015-01-09,Sokrati,,,,single_location,"IvyCap Ventures, Inventus Capital",Private Equity,,False,2015,Sokrati
3006,2015-01-09,YepMe,,,,single_location,"JS Capital, Helion Venture Partners, Capricorn Investment Group",Private Equity,13000000.0,False,2015,YepMe
3007,2015-01-09,TapCibo,,,,single_location,Alok Goel,Seed,,False,2015,TapCibo
3008,2015-01-12,Verayu,,,,single_location,"GWB Group, Blume Ventures",Private Equity,,False,2015,Verayu
3009,2015-01-12,MyDreamStore,,,,single_location,Undisclosed Investors,Seed,290000.0,False,2015,MyDreamStore
3010,2015-01-13,AppVirality,,,,single_location,"Rajan Anandan, Mike Galgon, Ashim Mehra, Mohit Saxena, Ravi Gururaj, TNN Capital & IIG",Seed,,False,2015,AppVirality
3011,2015-01-14,RateGain,,,,single_location,TA Associates,Private Equity,50000000.0,False,2015,RateGain
3012,2015-01-15,Wishberry,,,,single_location,"Rajan Anandan, Shankar Mahadevan, Deep Kalra & Others",Seed,650000.0,False,2015,Wishberry
3013,2015-01-16,eKincare,,,,single_location,Adroitent Pvt. Ltd.,Seed,161000.0,False,2015,eKincare
3014,2015-01-18,ShopClues,,,,single_location,Tiger Global & Other investors,Private Equity,100000000.0,False,2015,ShopClues
3015,2015-01-19,Refiral,,,,single_location,Cogent E Services,Seed,330000.0,False,2015,Refiral
3016,2015-01-19,Ping Digital,,,,single_location,Consortium of Angel Investors,Seed,,False,2015,Ping Digital
3017,2015-01-19,HealthyWorld.in,,,,single_location,Group of Angel Investors,Seed,200000.0,False,2015,HealthyWorld.in
3018,2015-01-19,Hostel Dunia,,,,single_location,Hyderabad Angels (at Startup Heroes event),Seed,16000.0,False,2015,Hostel Dunia
3019,2015-01-19,Play your sport,,,,single_location,Hyderabad Angels (at Startup Heroes event),Seed,16000.0,False,2015,Play your sport
3020,2015-01-19,Yo Grad,,,,single_location,Hyderabad Angels (at Startup Heroes event),Seed,16000.0,False,2015,Yo Grad
3021,2015-01-19,Enabli,,,,single_location,Hyderabad Angels (at Startup Heroes event),Seed,16000.0,False,2015,Enabli
3022,2015-01-19,CBS,,,,single_location,Hyderabad Angels (at Startup Heroes event),Seed,16000.0,False,2015,CBS
3023,2015-01-20,Hopscotch,,,,single_location,Eduardo Saverin & Velos Capital,Private Equity,11000000.0,False,2015,Hopscotch
3024,2015-01-20,Amagi Media Labs,,,,single_location,Premji Invest & Mayfield Fund,Private Equity,,False,2015,Amagi Media Labs
3025,2015-01-20,HealthyWorld.in,,,,single_location,Group of Angel Investors,Seed,200000.0,False,2015,HealthyWorld.in
3026,2015-01-21,Simplilearn,,,,single_location,"Mayfield India, Kalaari Capital, Helion Ventures",Private Equity,14750000.0,False,2015,Simplilearn
3027,2015-01-21,MyDreamStore,,,,single_location,Undisclosed Investors,Seed,325000.0,False,2015,MyDreamStore
3028,2015-05-21,Knit,,,,single_location,"Rohit Jain, Amit Rambhia & Others",Seed,,False,2015,Knit
3029,2015-05-21,Villgro,,,,single_location,Michael & Susan Dell Foundation,Seed,3250000.0,False,2015,Villgro
3030,2015-01-22,Corporate360,,,,single_location,Group of Angel Investors,Seed,200000.0,False,2015,Corporate360
3031,2015-01-22,Freshmonk,,,,single_location,"August Capital Partners, Michael Blakey",Seed,,False,2015,Freshmonk
3032,2015-01-22,Englishleap.com,,,,single_location,ANALEC,Private Equity,,False,2015,Englishleap.com
3033,2015-01-22,Antuit,,,,single_location,"Goldman Sachs, Zodius Capital",Private Equity,56000000.0,False,2015,Antuit
3034,2015-01-22,Caratlane.com,,,,single_location,Tiger Global,Private Equity,31000000.0,False,2015,Caratlane.com
3035,2015-01-24,Aasaanjobs,,,,single_location,"Inventus Capital Partners, IDG Ventures",Seed,1500000.0,False,2015,Aasaanjobs
3036,2015-01-24,Impartus,,,,single_location,Kaizen Private Equity,Private Equity,,False,2015,Impartus
3037,2015-01-25,Thrill App,,,,single_location,People Group (Shaadi.com),Private Equity,1000000.0,False,2015,Thrill App
3038,2015-01-27,CarDekho.com,,,,single_location,"Hillhouse Capital, Tybourne Capital",Private Equity,50000000.0,False,2015,CarDekho.com
3039,2015-01-28,Grabhouse.com,,,,single_location,"Kalaari Capital, Sequoia Capital",Private Equity,2500000.0,False,2015,Grabhouse.com
3040,2015-01-29,Printvenue,,,,single_location,Asia Pacific Internet Group,Private Equity,4500000.0,False,2015,Printvenue
3041,2015-01-29,Graphene,,,,single_location,KARSEMVEN Fund,Private Equity,825000.0,False,2015,Graphene
3042,2015-01-30,Mad Street Den,,,,single_location,"Exfinity Fund, GrowX Ventures.",Private Equity,1500000.0,False,2015,Mad Street Den
3043,2015-01-30,Simplotel,,,,single_location,MakeMyTrip,Private Equity,,False,2015,Simplotel
3044,2015-01-31,couponmachine.in,,,,single_location,UK based Group of Angel Investors,Seed,140000.0,False,2015,couponmachine.in
